<?xml version="1.0"?>
<!--<!DOCTYPE metadata SYSTEM "http://www.esri.com/metadata/esriprof80.dtd">-->
<metadata xml:lang="en"><Esri><CreaDate>20140414</CreaDate><CreaTime>13104400</CreaTime><SyncOnce>FALSE</SyncOnce><SyncDate>20130321</SyncDate><SyncTime>16460500</SyncTime><ModDate>20130321</ModDate><ModTime>16460500</ModTime><DataProperties><lineage><Process ToolSource="C:\Program Files\ArcGIS\ArcToolbox\Toolboxes\Conversion Tools.tbx\FeatureClassToFeatureClass" Date="20121129" Time="165548">FeatureClassToFeatureClass E:\ESRI\ESRIDATA\Parcel_Updates\Parcel_Update_10_12\Parcels_10_12.shp E:\ESRI\ESRIDATA\Parcels_GDB\Parcels_10_12.mdb\Parcels_10_12 Parcels_10_12_B # "APN 'APN' true true false 8 Text 0 0 ,First,#,E:\ESRI\ESRIDATA\Parcel_Updates\Parcel_Update_10_12\Parcels_10_12.shp,APN,-1,-1;BOOK 'BOOK' true true false 6 Text 0 0 ,First,#,E:\ESRI\ESRIDATA\Parcel_Updates\Parcel_Update_10_12\Parcels_10_12.shp,BOOK,-1,-1;PAGE 'PAGE' true true false 6 Text 0 0 ,First,#,E:\ESRI\ESRIDATA\Parcel_Updates\Parcel_Update_10_12\Parcels_10_12.shp,PAGE,-1,-1;BLOCK 'BLOCK' true true false 7 Text 0 0 ,First,#,E:\ESRI\ESRIDATA\Parcel_Updates\Parcel_Update_10_12\Parcels_10_12.shp,BLOCK,-1,-1;PARCEL 'PARCEL' true true false 8 Text 0 0 ,First,#,E:\ESRI\ESRIDATA\Parcel_Updates\Parcel_Update_10_12\Parcels_10_12.shp,PARCEL,-1,-1;MULTIPART 'MULTIPART' true true false 11 Text 0 0 ,First,#,E:\ESRI\ESRIDATA\Parcel_Updates\Parcel_Update_10_12\Parcels_10_12.shp,MULTIPART,-1,-1;SOURCE 'SOURCE' true true false 12 Text 0 0 ,First,#,E:\ESRI\ESRIDATA\Parcel_Updates\Parcel_Update_10_12\Parcels_10_12.shp,SOURCE,-1,-1;BOOKPAGE 'BOOKPAGE' true true false 11 Text 0 0 ,First,#,E:\ESRI\ESRIDATA\Parcel_Updates\Parcel_Update_10_12\Parcels_10_12.shp,BOOKPAGE,-1,-1;OWNER_F 'OWNER_F' true true false 50 Text 0 0 ,First,#,E:\ESRI\ESRIDATA\Parcel_Updates\Parcel_Update_10_12\Parcels_10_12.shp,OWNER_F,-1,-1;OWNER_L 'OWNER_L' true true false 50 Text 0 0 ,First,#,E:\ESRI\ESRIDATA\Parcel_Updates\Parcel_Update_10_12\Parcels_10_12.shp,OWNER_L,-1,-1;OWNER 'OWNER' true true false 55 Text 0 0 ,First,#,E:\ESRI\ESRIDATA\Parcel_Updates\Parcel_Update_10_12\Parcels_10_12.shp,OWNER,-1,-1;ADDRESS 'ADDRESS' true true false 55 Text 0 0 ,First,#,E:\ESRI\ESRIDATA\Parcel_Updates\Parcel_Update_10_12\Parcels_10_12.shp,ADDRESS,-1,-1;CITY 'CITY' true true false 35 Text 0 0 ,First,#,E:\ESRI\ESRIDATA\Parcel_Updates\Parcel_Update_10_12\Parcels_10_12.shp,CITY,-1,-1;STATE 'STATE' true true false 10 Text 0 0 ,First,#,E:\ESRI\ESRIDATA\Parcel_Updates\Parcel_Update_10_12\Parcels_10_12.shp,STATE,-1,-1;ZIP 'ZIP' true true false 10 Text 0 0 ,First,#,E:\ESRI\ESRIDATA\Parcel_Updates\Parcel_Update_10_12\Parcels_10_12.shp,ZIP,-1,-1;SITUS_1 'SITUS_1' true true false 30 Text 0 0 ,First,#,E:\ESRI\ESRIDATA\Parcel_Updates\Parcel_Update_10_12\Parcels_10_12.shp,SITUS_1,-1,-1;SITUS_DIR 'SITUS_DIR' true true false 2 Text 0 0 ,First,#,E:\ESRI\ESRIDATA\Parcel_Updates\Parcel_Update_10_12\Parcels_10_12.shp,SITUS_DIR,-1,-1;SITUS_2 'SITUS_2' true true false 50 Text 0 0 ,First,#,E:\ESRI\ESRIDATA\Parcel_Updates\Parcel_Update_10_12\Parcels_10_12.shp,SITUS_2,-1,-1;SITUS_3 'SITUS_3' true true false 60 Text 0 0 ,First,#,E:\ESRI\ESRIDATA\Parcel_Updates\Parcel_Update_10_12\Parcels_10_12.shp,SITUS_3,-1,-1;SITUSCTY 'SITUSCTY' true true false 35 Text 0 0 ,First,#,E:\ESRI\ESRIDATA\Parcel_Updates\Parcel_Update_10_12\Parcels_10_12.shp,SITUSCTY,-1,-1;APT_ 'APT_' true true false 10 Text 0 0 ,First,#,E:\ESRI\ESRIDATA\Parcel_Updates\Parcel_Update_10_12\Parcels_10_12.shp,APT_,-1,-1;TRA 'TRA' true true false 25 Text 0 0 ,First,#,E:\ESRI\ESRIDATA\Parcel_Updates\Parcel_Update_10_12\Parcels_10_12.shp,TRA,-1,-1;USE_CODE1 'USE_CODE1' true true false 20 Text 0 0 ,First,#,E:\ESRI\ESRIDATA\Parcel_Updates\Parcel_Update_10_12\Parcels_10_12.shp,USE_CODE1,-1,-1;USE_CODE2 'USE_CODE2' true true false 20 Text 0 0 ,First,#,E:\ESRI\ESRIDATA\Parcel_Updates\Parcel_Update_10_12\Parcels_10_12.shp,USE_CODE2,-1,-1;ACREAGE 'ACREAGE' true true false 19 Double 5 18 ,First,#,E:\ESRI\ESRIDATA\Parcel_Updates\Parcel_Update_10_12\Parcels_10_12.shp,ACREAGE,-1,-1;LANDV 'LANDV' true true false 19 Double 5 18 ,First,#,E:\ESRI\ESRIDATA\Parcel_Updates\Parcel_Update_10_12\Parcels_10_12.shp,LANDV,-1,-1;IMPV 'IMPV' true true false 19 Double 5 18 ,First,#,E:\ESRI\ESRIDATA\Parcel_Updates\Parcel_Update_10_12\Parcels_10_12.shp,IMPV,-1,-1;TREEV 'TREEV' true true false 19 Double 5 18 ,First,#,E:\ESRI\ESRIDATA\Parcel_Updates\Parcel_Update_10_12\Parcels_10_12.shp,TREEV,-1,-1;EQUIPV 'EQUIPV' true true false 19 Double 5 18 ,First,#,E:\ESRI\ESRIDATA\Parcel_Updates\Parcel_Update_10_12\Parcels_10_12.shp,EQUIPV,-1,-1;PERSV 'PERSV' true true false 19 Double 5 18 ,First,#,E:\ESRI\ESRIDATA\Parcel_Updates\Parcel_Update_10_12\Parcels_10_12.shp,PERSV,-1,-1;HOMEX 'HOMEX' true true false 19 Double 5 18 ,First,#,E:\ESRI\ESRIDATA\Parcel_Updates\Parcel_Update_10_12\Parcels_10_12.shp,HOMEX,-1,-1;MESEX 'MESEX' true true false 19 Double 5 18 ,First,#,E:\ESRI\ESRIDATA\Parcel_Updates\Parcel_Update_10_12\Parcels_10_12.shp,MESEX,-1,-1;DEED_REC 'DEED_REC' true true false 35 Text 0 0 ,First,#,E:\ESRI\ESRIDATA\Parcel_Updates\Parcel_Update_10_12\Parcels_10_12.shp,DEED_REC,-1,-1;LCP_CODE 'LCP_CODE' true true false 10 Text 0 0 ,First,#,E:\ESRI\ESRIDATA\Parcel_Updates\Parcel_Update_10_12\Parcels_10_12.shp,LCP_CODE,-1,-1;STATUS 'STATUS' true true false 10 Text 0 0 ,First,#,E:\ESRI\ESRIDATA\Parcel_Updates\Parcel_Update_10_12\Parcels_10_12.shp,STATUS,-1,-1;PAR_SFX 'PAR_SFX' true true false 5 Text 0 0 ,First,#,E:\ESRI\ESRIDATA\Parcel_Updates\Parcel_Update_10_12\Parcels_10_12.shp,PAR_SFX,-1,-1;GEN_PLAN1 'GEN_PLAN1' true true false 35 Text 0 0 ,First,#,E:\ESRI\ESRIDATA\Parcel_Updates\Parcel_Update_10_12\Parcels_10_12.shp,GEN_PLAN1,-1,-1;BASEZONE1 'BASEZONE1' true true false 35 Text 0 0 ,First,#,E:\ESRI\ESRIDATA\Parcel_Updates\Parcel_Update_10_12\Parcels_10_12.shp,BASEZONE1,-1,-1;MIN_PAR1 'MIN_PAR1' true true false 25 Text 0 0 ,First,#,E:\ESRI\ESRIDATA\Parcel_Updates\Parcel_Update_10_12\Parcels_10_12.shp,MIN_PAR1,-1,-1;COM_DIST1A 'COM_DIST1A' true true false 25 Text 0 0 ,First,#,E:\ESRI\ESRIDATA\Parcel_Updates\Parcel_Update_10_12\Parcels_10_12.shp,COM_DIST1A,-1,-1;COM_DIST1B 'COM_DIST1B' true true false 25 Text 0 0 ,First,#,E:\ESRI\ESRIDATA\Parcel_Updates\Parcel_Update_10_12\Parcels_10_12.shp,COM_DIST1B,-1,-1;COM_DIST1C 'COM_DIST1C' true true false 25 Text 0 0 ,First,#,E:\ESRI\ESRIDATA\Parcel_Updates\Parcel_Update_10_12\Parcels_10_12.shp,COM_DIST1C,-1,-1;COM_DIST1D 'COM_DIST1D' true true false 25 Text 0 0 ,First,#,E:\ESRI\ESRIDATA\Parcel_Updates\Parcel_Update_10_12\Parcels_10_12.shp,COM_DIST1D,-1,-1;COM_DIST1E 'COM_DIST1E' true true false 25 Text 0 0 ,First,#,E:\ESRI\ESRIDATA\Parcel_Updates\Parcel_Update_10_12\Parcels_10_12.shp,COM_DIST1E,-1,-1;COM_DIST1F 'COM_DIST1F' true true false 25 Text 0 0 ,First,#,E:\ESRI\ESRIDATA\Parcel_Updates\Parcel_Update_10_12\Parcels_10_12.shp,COM_DIST1F,-1,-1;COM_DIST1G 'COM_DIST1G' true true false 25 Text 0 0 ,First,#,E:\ESRI\ESRIDATA\Parcel_Updates\Parcel_Update_10_12\Parcels_10_12.shp,COM_DIST1G,-1,-1;COM_DIST1H 'COM_DIST1H' true true false 25 Text 0 0 ,First,#,E:\ESRI\ESRIDATA\Parcel_Updates\Parcel_Update_10_12\Parcels_10_12.shp,COM_DIST1H,-1,-1;COM_DIST1I 'COM_DIST1I' true true false 25 Text 0 0 ,First,#,E:\ESRI\ESRIDATA\Parcel_Updates\Parcel_Update_10_12\Parcels_10_12.shp,COM_DIST1I,-1,-1;COM_DIST1J 'COM_DIST1J' true true false 25 Text 0 0 ,First,#,E:\ESRI\ESRIDATA\Parcel_Updates\Parcel_Update_10_12\Parcels_10_12.shp,COM_DIST1J,-1,-1;GEN_PLAN2 'GEN_PLAN2' true true false 35 Text 0 0 ,First,#,E:\ESRI\ESRIDATA\Parcel_Updates\Parcel_Update_10_12\Parcels_10_12.shp,GEN_PLAN2,-1,-1;BASEZONE2 'BASEZONE2' true true false 35 Text 0 0 ,First,#,E:\ESRI\ESRIDATA\Parcel_Updates\Parcel_Update_10_12\Parcels_10_12.shp,BASEZONE2,-1,-1;MIN_PAR2 'MIN_PAR2' true true false 25 Text 0 0 ,First,#,E:\ESRI\ESRIDATA\Parcel_Updates\Parcel_Update_10_12\Parcels_10_12.shp,MIN_PAR2,-1,-1;COM_DIST2A 'COM_DIST2A' true true false 25 Text 0 0 ,First,#,E:\ESRI\ESRIDATA\Parcel_Updates\Parcel_Update_10_12\Parcels_10_12.shp,COM_DIST2A,-1,-1;COM_DIST2B 'COM_DIST2B' true true false 25 Text 0 0 ,First,#,E:\ESRI\ESRIDATA\Parcel_Updates\Parcel_Update_10_12\Parcels_10_12.shp,COM_DIST2B,-1,-1;COM_DIST2C 'COM_DIST2C' true true false 25 Text 0 0 ,First,#,E:\ESRI\ESRIDATA\Parcel_Updates\Parcel_Update_10_12\Parcels_10_12.shp,COM_DIST2C,-1,-1;COM_DIST2D 'COM_DIST2D' true true false 25 Text 0 0 ,First,#,E:\ESRI\ESRIDATA\Parcel_Updates\Parcel_Update_10_12\Parcels_10_12.shp,COM_DIST2D,-1,-1;COM_DIST2E 'COM_DIST2E' true true false 25 Text 0 0 ,First,#,E:\ESRI\ESRIDATA\Parcel_Updates\Parcel_Update_10_12\Parcels_10_12.shp,COM_DIST2E,-1,-1;COM_DIST2F 'COM_DIST2F' true true false 25 Text 0 0 ,First,#,E:\ESRI\ESRIDATA\Parcel_Updates\Parcel_Update_10_12\Parcels_10_12.shp,COM_DIST2F,-1,-1;COM_DIST2G 'COM_DIST2G' true true false 25 Text 0 0 ,First,#,E:\ESRI\ESRIDATA\Parcel_Updates\Parcel_Update_10_12\Parcels_10_12.shp,COM_DIST2G,-1,-1;COM_DIST2H 'COM_DIST2H' true true false 25 Text 0 0 ,First,#,E:\ESRI\ESRIDATA\Parcel_Updates\Parcel_Update_10_12\Parcels_10_12.shp,COM_DIST2H,-1,-1;COM_DIST2I 'COM_DIST2I' true true false 25 Text 0 0 ,First,#,E:\ESRI\ESRIDATA\Parcel_Updates\Parcel_Update_10_12\Parcels_10_12.shp,COM_DIST2I,-1,-1;COM_DIST2J 'COM_DIST2J' true true false 25 Text 0 0 ,First,#,E:\ESRI\ESRIDATA\Parcel_Updates\Parcel_Update_10_12\Parcels_10_12.shp,COM_DIST2J,-1,-1;GEN_PLAN3 'GEN_PLAN3' true true false 35 Text 0 0 ,First,#,E:\ESRI\ESRIDATA\Parcel_Updates\Parcel_Update_10_12\Parcels_10_12.shp,GEN_PLAN3,-1,-1;BASEZONE3 'BASEZONE3' true true false 35 Text 0 0 ,First,#,E:\ESRI\ESRIDATA\Parcel_Updates\Parcel_Update_10_12\Parcels_10_12.shp,BASEZONE3,-1,-1;MIN_PAR3 'MIN_PAR3' true true false 25 Text 0 0 ,First,#,E:\ESRI\ESRIDATA\Parcel_Updates\Parcel_Update_10_12\Parcels_10_12.shp,MIN_PAR3,-1,-1;COM_DIST3A 'COM_DIST3A' true true false 25 Text 0 0 ,First,#,E:\ESRI\ESRIDATA\Parcel_Updates\Parcel_Update_10_12\Parcels_10_12.shp,COM_DIST3A,-1,-1;COM_DIST3B 'COM_DIST3B' true true false 25 Text 0 0 ,First,#,E:\ESRI\ESRIDATA\Parcel_Updates\Parcel_Update_10_12\Parcels_10_12.shp,COM_DIST3B,-1,-1;COM_DIST3C 'COM_DIST3C' true true false 25 Text 0 0 ,First,#,E:\ESRI\ESRIDATA\Parcel_Updates\Parcel_Update_10_12\Parcels_10_12.shp,COM_DIST3C,-1,-1;COM_DIST3D 'COM_DIST3D' true true false 25 Text 0 0 ,First,#,E:\ESRI\ESRIDATA\Parcel_Updates\Parcel_Update_10_12\Parcels_10_12.shp,COM_DIST3D,-1,-1;COM_DIST3E 'COM_DIST3E' true true false 25 Text 0 0 ,First,#,E:\ESRI\ESRIDATA\Parcel_Updates\Parcel_Update_10_12\Parcels_10_12.shp,COM_DIST3E,-1,-1;COM_DIST3F 'COM_DIST3F' true true false 25 Text 0 0 ,First,#,E:\ESRI\ESRIDATA\Parcel_Updates\Parcel_Update_10_12\Parcels_10_12.shp,COM_DIST3F,-1,-1;COM_DIST3G 'COM_DIST3G' true true false 25 Text 0 0 ,First,#,E:\ESRI\ESRIDATA\Parcel_Updates\Parcel_Update_10_12\Parcels_10_12.shp,COM_DIST3G,-1,-1;COM_DIST3H 'COM_DIST3H' true true false 25 Text 0 0 ,First,#,E:\ESRI\ESRIDATA\Parcel_Updates\Parcel_Update_10_12\Parcels_10_12.shp,COM_DIST3H,-1,-1;COM_DIST3I 'COM_DIST3I' true true false 25 Text 0 0 ,First,#,E:\ESRI\ESRIDATA\Parcel_Updates\Parcel_Update_10_12\Parcels_10_12.shp,COM_DIST3I,-1,-1;COM_DIST3J 'COM_DIST3J' true true false 25 Text 0 0 ,First,#,E:\ESRI\ESRIDATA\Parcel_Updates\Parcel_Update_10_12\Parcels_10_12.shp,COM_DIST3J,-1,-1;GEN_PLAN4 'GEN_PLAN4' true true false 35 Text 0 0 ,First,#,E:\ESRI\ESRIDATA\Parcel_Updates\Parcel_Update_10_12\Parcels_10_12.shp,GEN_PLAN4,-1,-1;BASEZONE4 'BASEZONE4' true true false 35 Text 0 0 ,First,#,E:\ESRI\ESRIDATA\Parcel_Updates\Parcel_Update_10_12\Parcels_10_12.shp,BASEZONE4,-1,-1;MIN_PAR4 'MIN_PAR4' true true false 25 Text 0 0 ,First,#,E:\ESRI\ESRIDATA\Parcel_Updates\Parcel_Update_10_12\Parcels_10_12.shp,MIN_PAR4,-1,-1;COM_DIST4A 'COM_DIST4A' true true false 25 Text 0 0 ,First,#,E:\ESRI\ESRIDATA\Parcel_Updates\Parcel_Update_10_12\Parcels_10_12.shp,COM_DIST4A,-1,-1;COM_DIST4B 'COM_DIST4B' true true false 25 Text 0 0 ,First,#,E:\ESRI\ESRIDATA\Parcel_Updates\Parcel_Update_10_12\Parcels_10_12.shp,COM_DIST4B,-1,-1;COM_DIST4C 'COM_DIST4C' true true false 25 Text 0 0 ,First,#,E:\ESRI\ESRIDATA\Parcel_Updates\Parcel_Update_10_12\Parcels_10_12.shp,COM_DIST4C,-1,-1;COM_DIST4D 'COM_DIST4D' true true false 25 Text 0 0 ,First,#,E:\ESRI\ESRIDATA\Parcel_Updates\Parcel_Update_10_12\Parcels_10_12.shp,COM_DIST4D,-1,-1;COM_DIST4E 'COM_DIST4E' true true false 25 Text 0 0 ,First,#,E:\ESRI\ESRIDATA\Parcel_Updates\Parcel_Update_10_12\Parcels_10_12.shp,COM_DIST4E,-1,-1;COM_DIST4F 'COM_DIST4F' true true false 25 Text 0 0 ,First,#,E:\ESRI\ESRIDATA\Parcel_Updates\Parcel_Update_10_12\Parcels_10_12.shp,COM_DIST4F,-1,-1;COM_DIST4G 'COM_DIST4G' true true false 25 Text 0 0 ,First,#,E:\ESRI\ESRIDATA\Parcel_Updates\Parcel_Update_10_12\Parcels_10_12.shp,COM_DIST4G,-1,-1;COM_DIST4H 'COM_DIST4H' true true false 25 Text 0 0 ,First,#,E:\ESRI\ESRIDATA\Parcel_Updates\Parcel_Update_10_12\Parcels_10_12.shp,COM_DIST4H,-1,-1;COM_DIST4I 'COM_DIST4I' true true false 25 Text 0 0 ,First,#,E:\ESRI\ESRIDATA\Parcel_Updates\Parcel_Update_10_12\Parcels_10_12.shp,COM_DIST4I,-1,-1;COM_DIST4J 'COM_DIST4J' true true false 25 Text 0 0 ,First,#,E:\ESRI\ESRIDATA\Parcel_Updates\Parcel_Update_10_12\Parcels_10_12.shp,COM_DIST4J,-1,-1;GEN_PLAN5 'GEN_PLAN5' true true false 35 Text 0 0 ,First,#,E:\ESRI\ESRIDATA\Parcel_Updates\Parcel_Update_10_12\Parcels_10_12.shp,GEN_PLAN5,-1,-1;BASEZONE5 'BASEZONE5' true true false 35 Text 0 0 ,First,#,E:\ESRI\ESRIDATA\Parcel_Updates\Parcel_Update_10_12\Parcels_10_12.shp,BASEZONE5,-1,-1;MIN_PAR5 'MIN_PAR5' true true false 25 Text 0 0 ,First,#,E:\ESRI\ESRIDATA\Parcel_Updates\Parcel_Update_10_12\Parcels_10_12.shp,MIN_PAR5,-1,-1;COM_DIST5A 'COM_DIST5A' true true false 25 Text 0 0 ,First,#,E:\ESRI\ESRIDATA\Parcel_Updates\Parcel_Update_10_12\Parcels_10_12.shp,COM_DIST5A,-1,-1;COM_DIST5B 'COM_DIST5B' true true false 25 Text 0 0 ,First,#,E:\ESRI\ESRIDATA\Parcel_Updates\Parcel_Update_10_12\Parcels_10_12.shp,COM_DIST5B,-1,-1;COM_DIST5C 'COM_DIST5C' true true false 25 Text 0 0 ,First,#,E:\ESRI\ESRIDATA\Parcel_Updates\Parcel_Update_10_12\Parcels_10_12.shp,COM_DIST5C,-1,-1;COM_DIST5D 'COM_DIST5D' true true false 25 Text 0 0 ,First,#,E:\ESRI\ESRIDATA\Parcel_Updates\Parcel_Update_10_12\Parcels_10_12.shp,COM_DIST5D,-1,-1;COM_DIST5E 'COM_DIST5E' true true false 25 Text 0 0 ,First,#,E:\ESRI\ESRIDATA\Parcel_Updates\Parcel_Update_10_12\Parcels_10_12.shp,COM_DIST5E,-1,-1;COM_DIST5F 'COM_DIST5F' true true false 25 Text 0 0 ,First,#,E:\ESRI\ESRIDATA\Parcel_Updates\Parcel_Update_10_12\Parcels_10_12.shp,COM_DIST5F,-1,-1;COM_DISTG 'COM_DISTG' true true false 25 Text 0 0 ,First,#,E:\ESRI\ESRIDATA\Parcel_Updates\Parcel_Update_10_12\Parcels_10_12.shp,COM_DISTG,-1,-1;COM_DIST5H 'COM_DIST5H' true true false 25 Text 0 0 ,First,#,E:\ESRI\ESRIDATA\Parcel_Updates\Parcel_Update_10_12\Parcels_10_12.shp,COM_DIST5H,-1,-1;COM_DIST5I 'COM_DIST5I' true true false 25 Text 0 0 ,First,#,E:\ESRI\ESRIDATA\Parcel_Updates\Parcel_Update_10_12\Parcels_10_12.shp,COM_DIST5I,-1,-1;COM_DIST5J 'COM_DIST5J' true true false 25 Text 0 0 ,First,#,E:\ESRI\ESRIDATA\Parcel_Updates\Parcel_Update_10_12\Parcels_10_12.shp,COM_DIST5J,-1,-1;GEN_PLAN6 'GEN_PLAN6' true true false 35 Text 0 0 ,First,#,E:\ESRI\ESRIDATA\Parcel_Updates\Parcel_Update_10_12\Parcels_10_12.shp,GEN_PLAN6,-1,-1;BASEZONE6 'BASEZONE6' true true false 35 Text 0 0 ,First,#,E:\ESRI\ESRIDATA\Parcel_Updates\Parcel_Update_10_12\Parcels_10_12.shp,BASEZONE6,-1,-1;MIN_PAR6 'MIN_PAR6' true true false 25 Text 0 0 ,First,#,E:\ESRI\ESRIDATA\Parcel_Updates\Parcel_Update_10_12\Parcels_10_12.shp,MIN_PAR6,-1,-1;COM_DIST6A 'COM_DIST6A' true true false 25 Text 0 0 ,First,#,E:\ESRI\ESRIDATA\Parcel_Updates\Parcel_Update_10_12\Parcels_10_12.shp,COM_DIST6A,-1,-1;COM_DIST6B 'COM_DIST6B' true true false 25 Text 0 0 ,First,#,E:\ESRI\ESRIDATA\Parcel_Updates\Parcel_Update_10_12\Parcels_10_12.shp,COM_DIST6B,-1,-1;COM_DIST6C 'COM_DIST6C' true true false 25 Text 0 0 ,First,#,E:\ESRI\ESRIDATA\Parcel_Updates\Parcel_Update_10_12\Parcels_10_12.shp,COM_DIST6C,-1,-1;COM_DIST6D 'COM_DIST6D' true true false 25 Text 0 0 ,First,#,E:\ESRI\ESRIDATA\Parcel_Updates\Parcel_Update_10_12\Parcels_10_12.shp,COM_DIST6D,-1,-1;COM_DIST6E 'COM_DIST6E' true true false 25 Text 0 0 ,First,#,E:\ESRI\ESRIDATA\Parcel_Updates\Parcel_Update_10_12\Parcels_10_12.shp,COM_DIST6E,-1,-1;COM_DIST6F 'COM_DIST6F' true true false 25 Text 0 0 ,First,#,E:\ESRI\ESRIDATA\Parcel_Updates\Parcel_Update_10_12\Parcels_10_12.shp,COM_DIST6F,-1,-1;COM_DIST6G 'COM_DIST6G' true true false 25 Text 0 0 ,First,#,E:\ESRI\ESRIDATA\Parcel_Updates\Parcel_Update_10_12\Parcels_10_12.shp,COM_DIST6G,-1,-1;COM_DIST6H 'COM_DIST6H' true true false 25 Text 0 0 ,First,#,E:\ESRI\ESRIDATA\Parcel_Updates\Parcel_Update_10_12\Parcels_10_12.shp,COM_DIST6H,-1,-1;COM_DIST6I 'COM_DIST6I' true true false 25 Text 0 0 ,First,#,E:\ESRI\ESRIDATA\Parcel_Updates\Parcel_Update_10_12\Parcels_10_12.shp,COM_DIST6I,-1,-1" # E:\ESRI\ESRIDATA\Parcels_GDB\Parcels_10_12.mdb\Parcels_10_12\Parcels_10_12_B</Process><Process ToolSource="C:\Program Files\ArcGIS\ArcToolbox\Toolboxes\Conversion Tools.tbx\FeatureClassToFeatureClass" Date="20130321" Time="164701">FeatureClassToFeatureClass E:\ESRI\ESRIDATA\Parcels_GDB\Parcels_10_12.mdb\Parcels_10_12\Parcels_10_12_B E:\ESRI\ESRIDATA\Parcels\Parcels_10_12 Parcels_10_12_D.shp # "APN 'APN' true true false 8 Text 0 0 ,First,#,E:\ESRI\ESRIDATA\Parcels_GDB\Parcels_10_12.mdb\Parcels_10_12\Parcels_10_12_B,APN,-1,-1;BOOK 'BOOK' true true false 6 Text 0 0 ,First,#,E:\ESRI\ESRIDATA\Parcels_GDB\Parcels_10_12.mdb\Parcels_10_12\Parcels_10_12_B,BOOK,-1,-1;PAGE 'PAGE' true true false 6 Text 0 0 ,First,#,E:\ESRI\ESRIDATA\Parcels_GDB\Parcels_10_12.mdb\Parcels_10_12\Parcels_10_12_B,PAGE,-1,-1;BLOCK 'BLOCK' true true false 7 Text 0 0 ,First,#,E:\ESRI\ESRIDATA\Parcels_GDB\Parcels_10_12.mdb\Parcels_10_12\Parcels_10_12_B,BLOCK,-1,-1;PARCEL 'PARCEL' true true false 8 Text 0 0 ,First,#,E:\ESRI\ESRIDATA\Parcels_GDB\Parcels_10_12.mdb\Parcels_10_12\Parcels_10_12_B,PARCEL,-1,-1;MULTIPART 'MULTIPART' true true false 11 Text 0 0 ,First,#,E:\ESRI\ESRIDATA\Parcels_GDB\Parcels_10_12.mdb\Parcels_10_12\Parcels_10_12_B,MULTIPART,-1,-1;SOURCE 'SOURCE' true true false 12 Text 0 0 ,First,#,E:\ESRI\ESRIDATA\Parcels_GDB\Parcels_10_12.mdb\Parcels_10_12\Parcels_10_12_B,SOURCE,-1,-1;BOOKPAGE 'BOOKPAGE' true true false 11 Text 0 0 ,First,#,E:\ESRI\ESRIDATA\Parcels_GDB\Parcels_10_12.mdb\Parcels_10_12\Parcels_10_12_B,BOOKPAGE,-1,-1;OWNER_F 'OWNER_F' true true false 50 Text 0 0 ,First,#,E:\ESRI\ESRIDATA\Parcels_GDB\Parcels_10_12.mdb\Parcels_10_12\Parcels_10_12_B,OWNER_F,-1,-1;OWNER_L 'OWNER_L' true true false 50 Text 0 0 ,First,#,E:\ESRI\ESRIDATA\Parcels_GDB\Parcels_10_12.mdb\Parcels_10_12\Parcels_10_12_B,OWNER_L,-1,-1;OWNER 'OWNER' true true false 55 Text 0 0 ,First,#,E:\ESRI\ESRIDATA\Parcels_GDB\Parcels_10_12.mdb\Parcels_10_12\Parcels_10_12_B,OWNER,-1,-1;ADDRESS 'ADDRESS' true true false 55 Text 0 0 ,First,#,E:\ESRI\ESRIDATA\Parcels_GDB\Parcels_10_12.mdb\Parcels_10_12\Parcels_10_12_B,ADDRESS,-1,-1;CITY 'CITY' true true false 35 Text 0 0 ,First,#,E:\ESRI\ESRIDATA\Parcels_GDB\Parcels_10_12.mdb\Parcels_10_12\Parcels_10_12_B,CITY,-1,-1;STATE 'STATE' true true false 10 Text 0 0 ,First,#,E:\ESRI\ESRIDATA\Parcels_GDB\Parcels_10_12.mdb\Parcels_10_12\Parcels_10_12_B,STATE,-1,-1;ZIP 'ZIP' true true false 10 Text 0 0 ,First,#,E:\ESRI\ESRIDATA\Parcels_GDB\Parcels_10_12.mdb\Parcels_10_12\Parcels_10_12_B,ZIP,-1,-1;SITUS_1 'SITUS_1' true true false 30 Text 0 0 ,First,#,E:\ESRI\ESRIDATA\Parcels_GDB\Parcels_10_12.mdb\Parcels_10_12\Parcels_10_12_B,SITUS_1,-1,-1;SITUS_DIR 'SITUS_DIR' true true false 2 Text 0 0 ,First,#,E:\ESRI\ESRIDATA\Parcels_GDB\Parcels_10_12.mdb\Parcels_10_12\Parcels_10_12_B,SITUS_DIR,-1,-1;SITUS_2 'SITUS_2' true true false 50 Text 0 0 ,First,#,E:\ESRI\ESRIDATA\Parcels_GDB\Parcels_10_12.mdb\Parcels_10_12\Parcels_10_12_B,SITUS_2,-1,-1;SITUS_3 'SITUS_3' true true false 60 Text 0 0 ,First,#,E:\ESRI\ESRIDATA\Parcels_GDB\Parcels_10_12.mdb\Parcels_10_12\Parcels_10_12_B,SITUS_3,-1,-1;SITUSCTY 'SITUSCTY' true true false 35 Text 0 0 ,First,#,E:\ESRI\ESRIDATA\Parcels_GDB\Parcels_10_12.mdb\Parcels_10_12\Parcels_10_12_B,SITUSCTY,-1,-1;APT_ 'APT_' true true false 10 Text 0 0 ,First,#,E:\ESRI\ESRIDATA\Parcels_GDB\Parcels_10_12.mdb\Parcels_10_12\Parcels_10_12_B,APT_,-1,-1;TRA 'TRA' true true false 25 Text 0 0 ,First,#,E:\ESRI\ESRIDATA\Parcels_GDB\Parcels_10_12.mdb\Parcels_10_12\Parcels_10_12_B,TRA,-1,-1;USE_CODE1 'USE_CODE1' true true false 20 Text 0 0 ,First,#,E:\ESRI\ESRIDATA\Parcels_GDB\Parcels_10_12.mdb\Parcels_10_12\Parcels_10_12_B,USE_CODE1,-1,-1;USE_CODE2 'USE_CODE2' true true false 20 Text 0 0 ,First,#,E:\ESRI\ESRIDATA\Parcels_GDB\Parcels_10_12.mdb\Parcels_10_12\Parcels_10_12_B,USE_CODE2,-1,-1;ACREAGE 'ACREAGE' true true false 8 Double 0 0 ,First,#,E:\ESRI\ESRIDATA\Parcels_GDB\Parcels_10_12.mdb\Parcels_10_12\Parcels_10_12_B,ACREAGE,-1,-1;LANDV 'LANDV' true true false 8 Double 0 0 ,First,#,E:\ESRI\ESRIDATA\Parcels_GDB\Parcels_10_12.mdb\Parcels_10_12\Parcels_10_12_B,LANDV,-1,-1;IMPV 'IMPV' true true false 8 Double 0 0 ,First,#,E:\ESRI\ESRIDATA\Parcels_GDB\Parcels_10_12.mdb\Parcels_10_12\Parcels_10_12_B,IMPV,-1,-1;TREEV 'TREEV' true true false 8 Double 0 0 ,First,#,E:\ESRI\ESRIDATA\Parcels_GDB\Parcels_10_12.mdb\Parcels_10_12\Parcels_10_12_B,TREEV,-1,-1;EQUIPV 'EQUIPV' true true false 8 Double 0 0 ,First,#,E:\ESRI\ESRIDATA\Parcels_GDB\Parcels_10_12.mdb\Parcels_10_12\Parcels_10_12_B,EQUIPV,-1,-1;PERSV 'PERSV' true true false 8 Double 0 0 ,First,#,E:\ESRI\ESRIDATA\Parcels_GDB\Parcels_10_12.mdb\Parcels_10_12\Parcels_10_12_B,PERSV,-1,-1;HOMEX 'HOMEX' true true false 8 Double 0 0 ,First,#,E:\ESRI\ESRIDATA\Parcels_GDB\Parcels_10_12.mdb\Parcels_10_12\Parcels_10_12_B,HOMEX,-1,-1;MESEX 'MESEX' true true false 8 Double 0 0 ,First,#,E:\ESRI\ESRIDATA\Parcels_GDB\Parcels_10_12.mdb\Parcels_10_12\Parcels_10_12_B,MESEX,-1,-1;DEED_REC 'DEED_REC' true true false 35 Text 0 0 ,First,#,E:\ESRI\ESRIDATA\Parcels_GDB\Parcels_10_12.mdb\Parcels_10_12\Parcels_10_12_B,DEED_REC,-1,-1;LCP_CODE 'LCP_CODE' true true false 10 Text 0 0 ,First,#,E:\ESRI\ESRIDATA\Parcels_GDB\Parcels_10_12.mdb\Parcels_10_12\Parcels_10_12_B,LCP_CODE,-1,-1;STATUS 'STATUS' true true false 10 Text 0 0 ,First,#,E:\ESRI\ESRIDATA\Parcels_GDB\Parcels_10_12.mdb\Parcels_10_12\Parcels_10_12_B,STATUS,-1,-1;PAR_SFX 'PAR_SFX' true true false 5 Text 0 0 ,First,#,E:\ESRI\ESRIDATA\Parcels_GDB\Parcels_10_12.mdb\Parcels_10_12\Parcels_10_12_B,PAR_SFX,-1,-1;GEN_PLAN1 'GEN_PLAN1' true true false 35 Text 0 0 ,First,#,E:\ESRI\ESRIDATA\Parcels_GDB\Parcels_10_12.mdb\Parcels_10_12\Parcels_10_12_B,GEN_PLAN1,-1,-1;BASEZONE1 'BASEZONE1' true true false 35 Text 0 0 ,First,#,E:\ESRI\ESRIDATA\Parcels_GDB\Parcels_10_12.mdb\Parcels_10_12\Parcels_10_12_B,BASEZONE1,-1,-1;MIN_PAR1 'MIN_PAR1' true true false 25 Text 0 0 ,First,#,E:\ESRI\ESRIDATA\Parcels_GDB\Parcels_10_12.mdb\Parcels_10_12\Parcels_10_12_B,MIN_PAR1,-1,-1;COM_DIST1A 'COM_DIST1A' true true false 25 Text 0 0 ,First,#,E:\ESRI\ESRIDATA\Parcels_GDB\Parcels_10_12.mdb\Parcels_10_12\Parcels_10_12_B,COM_DIST1A,-1,-1;COM_DIST1B 'COM_DIST1B' true true false 25 Text 0 0 ,First,#,E:\ESRI\ESRIDATA\Parcels_GDB\Parcels_10_12.mdb\Parcels_10_12\Parcels_10_12_B,COM_DIST1B,-1,-1;COM_DIST1C 'COM_DIST1C' true true false 25 Text 0 0 ,First,#,E:\ESRI\ESRIDATA\Parcels_GDB\Parcels_10_12.mdb\Parcels_10_12\Parcels_10_12_B,COM_DIST1C,-1,-1;COM_DIST1D 'COM_DIST1D' true true false 25 Text 0 0 ,First,#,E:\ESRI\ESRIDATA\Parcels_GDB\Parcels_10_12.mdb\Parcels_10_12\Parcels_10_12_B,COM_DIST1D,-1,-1;COM_DIST1E 'COM_DIST1E' true true false 25 Text 0 0 ,First,#,E:\ESRI\ESRIDATA\Parcels_GDB\Parcels_10_12.mdb\Parcels_10_12\Parcels_10_12_B,COM_DIST1E,-1,-1;COM_DIST1F 'COM_DIST1F' true true false 25 Text 0 0 ,First,#,E:\ESRI\ESRIDATA\Parcels_GDB\Parcels_10_12.mdb\Parcels_10_12\Parcels_10_12_B,COM_DIST1F,-1,-1;COM_DIST1G 'COM_DIST1G' true true false 25 Text 0 0 ,First,#,E:\ESRI\ESRIDATA\Parcels_GDB\Parcels_10_12.mdb\Parcels_10_12\Parcels_10_12_B,COM_DIST1G,-1,-1;COM_DIST1H 'COM_DIST1H' true true false 25 Text 0 0 ,First,#,E:\ESRI\ESRIDATA\Parcels_GDB\Parcels_10_12.mdb\Parcels_10_12\Parcels_10_12_B,COM_DIST1H,-1,-1;COM_DIST1I 'COM_DIST1I' true true false 25 Text 0 0 ,First,#,E:\ESRI\ESRIDATA\Parcels_GDB\Parcels_10_12.mdb\Parcels_10_12\Parcels_10_12_B,COM_DIST1I,-1,-1;COM_DIST1J 'COM_DIST1J' true true false 25 Text 0 0 ,First,#,E:\ESRI\ESRIDATA\Parcels_GDB\Parcels_10_12.mdb\Parcels_10_12\Parcels_10_12_B,COM_DIST1J,-1,-1;GEN_PLAN2 'GEN_PLAN2' true true false 35 Text 0 0 ,First,#,E:\ESRI\ESRIDATA\Parcels_GDB\Parcels_10_12.mdb\Parcels_10_12\Parcels_10_12_B,GEN_PLAN2,-1,-1;BASEZONE2 'BASEZONE2' true true false 35 Text 0 0 ,First,#,E:\ESRI\ESRIDATA\Parcels_GDB\Parcels_10_12.mdb\Parcels_10_12\Parcels_10_12_B,BASEZONE2,-1,-1;MIN_PAR2 'MIN_PAR2' true true false 25 Text 0 0 ,First,#,E:\ESRI\ESRIDATA\Parcels_GDB\Parcels_10_12.mdb\Parcels_10_12\Parcels_10_12_B,MIN_PAR2,-1,-1;COM_DIST2A 'COM_DIST2A' true true false 25 Text 0 0 ,First,#,E:\ESRI\ESRIDATA\Parcels_GDB\Parcels_10_12.mdb\Parcels_10_12\Parcels_10_12_B,COM_DIST2A,-1,-1;COM_DIST2B 'COM_DIST2B' true true false 25 Text 0 0 ,First,#,E:\ESRI\ESRIDATA\Parcels_GDB\Parcels_10_12.mdb\Parcels_10_12\Parcels_10_12_B,COM_DIST2B,-1,-1;COM_DIST2C 'COM_DIST2C' true true false 25 Text 0 0 ,First,#,E:\ESRI\ESRIDATA\Parcels_GDB\Parcels_10_12.mdb\Parcels_10_12\Parcels_10_12_B,COM_DIST2C,-1,-1;COM_DIST2D 'COM_DIST2D' true true false 25 Text 0 0 ,First,#,E:\ESRI\ESRIDATA\Parcels_GDB\Parcels_10_12.mdb\Parcels_10_12\Parcels_10_12_B,COM_DIST2D,-1,-1;COM_DIST2E 'COM_DIST2E' true true false 25 Text 0 0 ,First,#,E:\ESRI\ESRIDATA\Parcels_GDB\Parcels_10_12.mdb\Parcels_10_12\Parcels_10_12_B,COM_DIST2E,-1,-1;COM_DIST2F 'COM_DIST2F' true true false 25 Text 0 0 ,First,#,E:\ESRI\ESRIDATA\Parcels_GDB\Parcels_10_12.mdb\Parcels_10_12\Parcels_10_12_B,COM_DIST2F,-1,-1;COM_DIST2G 'COM_DIST2G' true true false 25 Text 0 0 ,First,#,E:\ESRI\ESRIDATA\Parcels_GDB\Parcels_10_12.mdb\Parcels_10_12\Parcels_10_12_B,COM_DIST2G,-1,-1;COM_DIST2H 'COM_DIST2H' true true false 25 Text 0 0 ,First,#,E:\ESRI\ESRIDATA\Parcels_GDB\Parcels_10_12.mdb\Parcels_10_12\Parcels_10_12_B,COM_DIST2H,-1,-1;COM_DIST2I 'COM_DIST2I' true true false 25 Text 0 0 ,First,#,E:\ESRI\ESRIDATA\Parcels_GDB\Parcels_10_12.mdb\Parcels_10_12\Parcels_10_12_B,COM_DIST2I,-1,-1;COM_DIST2J 'COM_DIST2J' true true false 25 Text 0 0 ,First,#,E:\ESRI\ESRIDATA\Parcels_GDB\Parcels_10_12.mdb\Parcels_10_12\Parcels_10_12_B,COM_DIST2J,-1,-1;GEN_PLAN3 'GEN_PLAN3' true true false 35 Text 0 0 ,First,#,E:\ESRI\ESRIDATA\Parcels_GDB\Parcels_10_12.mdb\Parcels_10_12\Parcels_10_12_B,GEN_PLAN3,-1,-1;BASEZONE3 'BASEZONE3' true true false 35 Text 0 0 ,First,#,E:\ESRI\ESRIDATA\Parcels_GDB\Parcels_10_12.mdb\Parcels_10_12\Parcels_10_12_B,BASEZONE3,-1,-1;MIN_PAR3 'MIN_PAR3' true true false 25 Text 0 0 ,First,#,E:\ESRI\ESRIDATA\Parcels_GDB\Parcels_10_12.mdb\Parcels_10_12\Parcels_10_12_B,MIN_PAR3,-1,-1;COM_DIST3A 'COM_DIST3A' true true false 25 Text 0 0 ,First,#,E:\ESRI\ESRIDATA\Parcels_GDB\Parcels_10_12.mdb\Parcels_10_12\Parcels_10_12_B,COM_DIST3A,-1,-1;COM_DIST3B 'COM_DIST3B' true true false 25 Text 0 0 ,First,#,E:\ESRI\ESRIDATA\Parcels_GDB\Parcels_10_12.mdb\Parcels_10_12\Parcels_10_12_B,COM_DIST3B,-1,-1;COM_DIST3C 'COM_DIST3C' true true false 25 Text 0 0 ,First,#,E:\ESRI\ESRIDATA\Parcels_GDB\Parcels_10_12.mdb\Parcels_10_12\Parcels_10_12_B,COM_DIST3C,-1,-1;COM_DIST3D 'COM_DIST3D' true true false 25 Text 0 0 ,First,#,E:\ESRI\ESRIDATA\Parcels_GDB\Parcels_10_12.mdb\Parcels_10_12\Parcels_10_12_B,COM_DIST3D,-1,-1;COM_DIST3E 'COM_DIST3E' true true false 25 Text 0 0 ,First,#,E:\ESRI\ESRIDATA\Parcels_GDB\Parcels_10_12.mdb\Parcels_10_12\Parcels_10_12_B,COM_DIST3E,-1,-1;COM_DIST3F 'COM_DIST3F' true true false 25 Text 0 0 ,First,#,E:\ESRI\ESRIDATA\Parcels_GDB\Parcels_10_12.mdb\Parcels_10_12\Parcels_10_12_B,COM_DIST3F,-1,-1;COM_DIST3G 'COM_DIST3G' true true false 25 Text 0 0 ,First,#,E:\ESRI\ESRIDATA\Parcels_GDB\Parcels_10_12.mdb\Parcels_10_12\Parcels_10_12_B,COM_DIST3G,-1,-1;COM_DIST3H 'COM_DIST3H' true true false 25 Text 0 0 ,First,#,E:\ESRI\ESRIDATA\Parcels_GDB\Parcels_10_12.mdb\Parcels_10_12\Parcels_10_12_B,COM_DIST3H,-1,-1;COM_DIST3I 'COM_DIST3I' true true false 25 Text 0 0 ,First,#,E:\ESRI\ESRIDATA\Parcels_GDB\Parcels_10_12.mdb\Parcels_10_12\Parcels_10_12_B,COM_DIST3I,-1,-1;COM_DIST3J 'COM_DIST3J' true true false 25 Text 0 0 ,First,#,E:\ESRI\ESRIDATA\Parcels_GDB\Parcels_10_12.mdb\Parcels_10_12\Parcels_10_12_B,COM_DIST3J,-1,-1;GEN_PLAN4 'GEN_PLAN4' true true false 35 Text 0 0 ,First,#,E:\ESRI\ESRIDATA\Parcels_GDB\Parcels_10_12.mdb\Parcels_10_12\Parcels_10_12_B,GEN_PLAN4,-1,-1;BASEZONE4 'BASEZONE4' true true false 35 Text 0 0 ,First,#,E:\ESRI\ESRIDATA\Parcels_GDB\Parcels_10_12.mdb\Parcels_10_12\Parcels_10_12_B,BASEZONE4,-1,-1;MIN_PAR4 'MIN_PAR4' true true false 25 Text 0 0 ,First,#,E:\ESRI\ESRIDATA\Parcels_GDB\Parcels_10_12.mdb\Parcels_10_12\Parcels_10_12_B,MIN_PAR4,-1,-1;COM_DIST4A 'COM_DIST4A' true true false 25 Text 0 0 ,First,#,E:\ESRI\ESRIDATA\Parcels_GDB\Parcels_10_12.mdb\Parcels_10_12\Parcels_10_12_B,COM_DIST4A,-1,-1;COM_DIST4B 'COM_DIST4B' true true false 25 Text 0 0 ,First,#,E:\ESRI\ESRIDATA\Parcels_GDB\Parcels_10_12.mdb\Parcels_10_12\Parcels_10_12_B,COM_DIST4B,-1,-1;COM_DIST4C 'COM_DIST4C' true true false 25 Text 0 0 ,First,#,E:\ESRI\ESRIDATA\Parcels_GDB\Parcels_10_12.mdb\Parcels_10_12\Parcels_10_12_B,COM_DIST4C,-1,-1;COM_DIST4D 'COM_DIST4D' true true false 25 Text 0 0 ,First,#,E:\ESRI\ESRIDATA\Parcels_GDB\Parcels_10_12.mdb\Parcels_10_12\Parcels_10_12_B,COM_DIST4D,-1,-1;COM_DIST4E 'COM_DIST4E' true true false 25 Text 0 0 ,First,#,E:\ESRI\ESRIDATA\Parcels_GDB\Parcels_10_12.mdb\Parcels_10_12\Parcels_10_12_B,COM_DIST4E,-1,-1;COM_DIST4F 'COM_DIST4F' true true false 25 Text 0 0 ,First,#,E:\ESRI\ESRIDATA\Parcels_GDB\Parcels_10_12.mdb\Parcels_10_12\Parcels_10_12_B,COM_DIST4F,-1,-1;COM_DIST4G 'COM_DIST4G' true true false 25 Text 0 0 ,First,#,E:\ESRI\ESRIDATA\Parcels_GDB\Parcels_10_12.mdb\Parcels_10_12\Parcels_10_12_B,COM_DIST4G,-1,-1;COM_DIST4H 'COM_DIST4H' true true false 25 Text 0 0 ,First,#,E:\ESRI\ESRIDATA\Parcels_GDB\Parcels_10_12.mdb\Parcels_10_12\Parcels_10_12_B,COM_DIST4H,-1,-1;COM_DIST4I 'COM_DIST4I' true true false 25 Text 0 0 ,First,#,E:\ESRI\ESRIDATA\Parcels_GDB\Parcels_10_12.mdb\Parcels_10_12\Parcels_10_12_B,COM_DIST4I,-1,-1;COM_DIST4J 'COM_DIST4J' true true false 25 Text 0 0 ,First,#,E:\ESRI\ESRIDATA\Parcels_GDB\Parcels_10_12.mdb\Parcels_10_12\Parcels_10_12_B,COM_DIST4J,-1,-1;GEN_PLAN5 'GEN_PLAN5' true true false 35 Text 0 0 ,First,#,E:\ESRI\ESRIDATA\Parcels_GDB\Parcels_10_12.mdb\Parcels_10_12\Parcels_10_12_B,GEN_PLAN5,-1,-1;BASEZONE5 'BASEZONE5' true true false 35 Text 0 0 ,First,#,E:\ESRI\ESRIDATA\Parcels_GDB\Parcels_10_12.mdb\Parcels_10_12\Parcels_10_12_B,BASEZONE5,-1,-1;MIN_PAR5 'MIN_PAR5' true true false 25 Text 0 0 ,First,#,E:\ESRI\ESRIDATA\Parcels_GDB\Parcels_10_12.mdb\Parcels_10_12\Parcels_10_12_B,MIN_PAR5,-1,-1;COM_DIST5A 'COM_DIST5A' true true false 25 Text 0 0 ,First,#,E:\ESRI\ESRIDATA\Parcels_GDB\Parcels_10_12.mdb\Parcels_10_12\Parcels_10_12_B,COM_DIST5A,-1,-1;COM_DIST5B 'COM_DIST5B' true true false 25 Text 0 0 ,First,#,E:\ESRI\ESRIDATA\Parcels_GDB\Parcels_10_12.mdb\Parcels_10_12\Parcels_10_12_B,COM_DIST5B,-1,-1;COM_DIST5C 'COM_DIST5C' true true false 25 Text 0 0 ,First,#,E:\ESRI\ESRIDATA\Parcels_GDB\Parcels_10_12.mdb\Parcels_10_12\Parcels_10_12_B,COM_DIST5C,-1,-1;COM_DIST5D 'COM_DIST5D' true true false 25 Text 0 0 ,First,#,E:\ESRI\ESRIDATA\Parcels_GDB\Parcels_10_12.mdb\Parcels_10_12\Parcels_10_12_B,COM_DIST5D,-1,-1;COM_DIST5E 'COM_DIST5E' true true false 25 Text 0 0 ,First,#,E:\ESRI\ESRIDATA\Parcels_GDB\Parcels_10_12.mdb\Parcels_10_12\Parcels_10_12_B,COM_DIST5E,-1,-1;COM_DIST5F 'COM_DIST5F' true true false 25 Text 0 0 ,First,#,E:\ESRI\ESRIDATA\Parcels_GDB\Parcels_10_12.mdb\Parcels_10_12\Parcels_10_12_B,COM_DIST5F,-1,-1;COM_DISTG 'COM_DISTG' true true false 25 Text 0 0 ,First,#,E:\ESRI\ESRIDATA\Parcels_GDB\Parcels_10_12.mdb\Parcels_10_12\Parcels_10_12_B,COM_DISTG,-1,-1;COM_DIST5H 'COM_DIST5H' true true false 25 Text 0 0 ,First,#,E:\ESRI\ESRIDATA\Parcels_GDB\Parcels_10_12.mdb\Parcels_10_12\Parcels_10_12_B,COM_DIST5H,-1,-1;COM_DIST5I 'COM_DIST5I' true true false 25 Text 0 0 ,First,#,E:\ESRI\ESRIDATA\Parcels_GDB\Parcels_10_12.mdb\Parcels_10_12\Parcels_10_12_B,COM_DIST5I,-1,-1;COM_DIST5J 'COM_DIST5J' true true false 25 Text 0 0 ,First,#,E:\ESRI\ESRIDATA\Parcels_GDB\Parcels_10_12.mdb\Parcels_10_12\Parcels_10_12_B,COM_DIST5J,-1,-1;GEN_PLAN6 'GEN_PLAN6' true true false 35 Text 0 0 ,First,#,E:\ESRI\ESRIDATA\Parcels_GDB\Parcels_10_12.mdb\Parcels_10_12\Parcels_10_12_B,GEN_PLAN6,-1,-1;BASEZONE6 'BASEZONE6' true true false 35 Text 0 0 ,First,#,E:\ESRI\ESRIDATA\Parcels_GDB\Parcels_10_12.mdb\Parcels_10_12\Parcels_10_12_B,BASEZONE6,-1,-1;MIN_PAR6 'MIN_PAR6' true true false 25 Text 0 0 ,First,#,E:\ESRI\ESRIDATA\Parcels_GDB\Parcels_10_12.mdb\Parcels_10_12\Parcels_10_12_B,MIN_PAR6,-1,-1;COM_DIST6A 'COM_DIST6A' true true false 25 Text 0 0 ,First,#,E:\ESRI\ESRIDATA\Parcels_GDB\Parcels_10_12.mdb\Parcels_10_12\Parcels_10_12_B,COM_DIST6A,-1,-1;COM_DIST6B 'COM_DIST6B' true true false 25 Text 0 0 ,First,#,E:\ESRI\ESRIDATA\Parcels_GDB\Parcels_10_12.mdb\Parcels_10_12\Parcels_10_12_B,COM_DIST6B,-1,-1;COM_DIST6C 'COM_DIST6C' true true false 25 Text 0 0 ,First,#,E:\ESRI\ESRIDATA\Parcels_GDB\Parcels_10_12.mdb\Parcels_10_12\Parcels_10_12_B,COM_DIST6C,-1,-1;COM_DIST6D 'COM_DIST6D' true true false 25 Text 0 0 ,First,#,E:\ESRI\ESRIDATA\Parcels_GDB\Parcels_10_12.mdb\Parcels_10_12\Parcels_10_12_B,COM_DIST6D,-1,-1;COM_DIST6E 'COM_DIST6E' true true false 25 Text 0 0 ,First,#,E:\ESRI\ESRIDATA\Parcels_GDB\Parcels_10_12.mdb\Parcels_10_12\Parcels_10_12_B,COM_DIST6E,-1,-1;COM_DIST6F 'COM_DIST6F' true true false 25 Text 0 0 ,First,#,E:\ESRI\ESRIDATA\Parcels_GDB\Parcels_10_12.mdb\Parcels_10_12\Parcels_10_12_B,COM_DIST6F,-1,-1;COM_DIST6G 'COM_DIST6G' true true false 25 Text 0 0 ,First,#,E:\ESRI\ESRIDATA\Parcels_GDB\Parcels_10_12.mdb\Parcels_10_12\Parcels_10_12_B,COM_DIST6G,-1,-1;COM_DIST6H 'COM_DIST6H' true true false 25 Text 0 0 ,First,#,E:\ESRI\ESRIDATA\Parcels_GDB\Parcels_10_12.mdb\Parcels_10_12\Parcels_10_12_B,COM_DIST6H,-1,-1;COM_DIST6I 'COM_DIST6I' true true false 25 Text 0 0 ,First,#,E:\ESRI\ESRIDATA\Parcels_GDB\Parcels_10_12.mdb\Parcels_10_12\Parcels_10_12_B,COM_DIST6I,-1,-1;Shape_Leng 'Shape_Length' false true true 8 Double 0 0 ,First,#,E:\ESRI\ESRIDATA\Parcels_GDB\Parcels_10_12.mdb\Parcels_10_12\Parcels_10_12_B,Shape_Length,-1,-1;Shape_Area 'Shape_Area' false true true 8 Double 0 0 ,First,#,E:\ESRI\ESRIDATA\Parcels_GDB\Parcels_10_12.mdb\Parcels_10_12\Parcels_10_12_B,Shape_Area,-1,-1" # E:\ESRI\ESRIDATA\Parcels\Parcels_10_12\Parcels_10_12_D.shp</Process><Process ToolSource="c:\program files (x86)\arcgis\desktop10.1\ArcToolbox\Toolboxes\Data Management Tools.tbx\DeleteField" Date="20130603" Time="121354">DeleteField JennyPygmyParcels BOOK;PAGE;BLOCK;PARCEL;MULTIPART;SOURCE;BOOKPAGE;OWNER_F;OWNER_L;ADDRESS;CITY;STATE;ZIP;SITUS_1;SITUS_DIR;SITUS_2;SITUS_3;SITUSCTY;APT_;TRA;USE_CODE2;LANDV;IMPV;TREEV;EQUIPV;PERSV;HOMEX;MESEX;DEED_REC;LCP_CODE;STATUS;PAR_SFX;GEN_PLAN1;BASEZONE1;MIN_PAR1;COM_DIST1A;COM_DIST1B;COM_DIST1C;COM_DIST1D;COM_DIST1E;COM_DIST1F;COM_DIST1G;COM_DIST1H;COM_DIST1I;COM_DIST1J;GEN_PLAN2;BASEZONE2;MIN_PAR2;COM_DIST2A;COM_DIST2B;COM_DIST2C;COM_DIST2D;COM_DIST2E;COM_DIST2F;COM_DIST2G;COM_DIST2H;COM_DIST2I;COM_DIST2J;GEN_PLAN3;BASEZONE3;MIN_PAR3;COM_DIST3A;COM_DIST3B;COM_DIST3C;COM_DIST3D;COM_DIST3E;COM_DIST3F;COM_DIST3G;COM_DIST3H;COM_DIST3I;COM_DIST3J;GEN_PLAN4;BASEZONE4;MIN_PAR4;COM_DIST4A;COM_DIST4B;COM_DIST4C;COM_DIST4D;COM_DIST4E;COM_DIST4F;COM_DIST4G;COM_DIST4H;COM_DIST4I;COM_DIST4J;GEN_PLAN5;BASEZONE5;MIN_PAR5;COM_DIST5A;COM_DIST5B;COM_DIST5C;COM_DIST5D;COM_DIST5E;COM_DIST5F;COM_DISTG;COM_DIST5H;COM_DIST5I;COM_DIST5J;GEN_PLAN6;BASEZONE6;MIN_PAR6;COM_DIST6A;COM_DIST6B;COM_DIST6C;COM_DIST6D;COM_DIST6E;COM_DIST6F;COM_DIST6G;COM_DIST6H;COM_DIST6I;Shape_Leng;Shape_Area</Process><Process ToolSource="c:\program files (x86)\arcgis\desktop10.1\ArcToolbox\Toolboxes\Data Management Tools.tbx\AddField" Date="20130603" Time="121805">AddField "C:\Users\Easterday\Dropbox\UC Reserves\Kevin Data\NRS_FINAL04_19_2013\KE_EDITS\KE_EDITING\JennyPygmy_Editing\New Folder\JennyPygmy_Boundary.shp" NAME TEXT # # # # NULLABLE NON_REQUIRED #</Process><Process ToolSource="c:\program files (x86)\arcgis\desktop10.1\ArcToolbox\Toolboxes\Data Management Tools.tbx\AddField" Date="20130603" Time="121805">AddField "C:\Users\Easterday\Dropbox\UC Reserves\Kevin Data\NRS_FINAL04_19_2013\KE_EDITS\KE_EDITING\JennyPygmy_Editing\New Folder\JennyPygmy_Boundary.shp" RESERVEID DOUBLE # # # # NULLABLE NON_REQUIRED #</Process><Process ToolSource="c:\program files (x86)\arcgis\desktop10.1\ArcToolbox\Toolboxes\Data Management Tools.tbx\AddField" Date="20130603" Time="121805">AddField "C:\Users\Easterday\Dropbox\UC Reserves\Kevin Data\NRS_FINAL04_19_2013\KE_EDITS\KE_EDITING\JennyPygmy_Editing\New Folder\JennyPygmy_Boundary.shp" CAMPUS TEXT # # # # NULLABLE NON_REQUIRED #</Process><Process ToolSource="c:\program files (x86)\arcgis\desktop10.1\ArcToolbox\Toolboxes\Data Management Tools.tbx\AddField" Date="20130603" Time="121805">AddField "C:\Users\Easterday\Dropbox\UC Reserves\Kevin Data\NRS_FINAL04_19_2013\KE_EDITS\KE_EDITING\JennyPygmy_Editing\New Folder\JennyPygmy_Boundary.shp" CAMPUSID DOUBLE # # # # NULLABLE NON_REQUIRED #</Process><Process ToolSource="c:\program files (x86)\arcgis\desktop10.1\ArcToolbox\Toolboxes\Data Management Tools.tbx\AddField" Date="20130603" Time="121805">AddField "C:\Users\Easterday\Dropbox\UC Reserves\Kevin Data\NRS_FINAL04_19_2013\KE_EDITS\KE_EDITING\JennyPygmy_Editing\New Folder\JennyPygmy_Boundary.shp" COUNTY TEXT # # # # NULLABLE NON_REQUIRED #</Process><Process ToolSource="c:\program files (x86)\arcgis\desktop10.1\ArcToolbox\Toolboxes\Data Management Tools.tbx\AddField" Date="20130603" Time="121805">AddField "C:\Users\Easterday\Dropbox\UC Reserves\Kevin Data\NRS_FINAL04_19_2013\KE_EDITS\KE_EDITING\JennyPygmy_Editing\New Folder\JennyPygmy_Boundary.shp" COUNTYID DOUBLE # # # # NULLABLE NON_REQUIRED #</Process><Process ToolSource="c:\program files (x86)\arcgis\desktop10.1\ArcToolbox\Toolboxes\Data Management Tools.tbx\Project" Date="20140414" Time="131044">Project C:/Users/Kelly/Desktop/All\JennyPygmy_Boundary.shp C:/Users/Kelly/Desktop/All\JennyPygmy_Boundary_prj_.shp PROJCS['NAD_1983_California_Teale_Albers',GEOGCS['GCS_North_American_1983',DATUM['D_North_American_1983',SPHEROID['GRS_1980',6378137.0,298.257222101]],PRIMEM['Greenwich',0.0],UNIT['Degree',0.0174532925199433]],PROJECTION['Albers'],PARAMETER['False_Easting',0.0],PARAMETER['False_Northing',-4000000.0],PARAMETER['Central_Meridian',-120.0],PARAMETER['Standard_Parallel_1',34.0],PARAMETER['Standard_Parallel_2',40.5],PARAMETER['Latitude_Of_Origin',0.0],UNIT['Meter',1.0]] # PROJCS['NAD_1983_StatePlane_California_II_FIPS_0402_Feet',GEOGCS['GCS_North_American_1983',DATUM['D_North_American_1983',SPHEROID['GRS_1980',6378137.0,298.257222101]],PRIMEM['Greenwich',0.0],UNIT['Degree',0.0174532925199433]],PROJECTION['Lambert_Conformal_Conic'],PARAMETER['False_Easting',6561666.666666666],PARAMETER['False_Northing',1640416.666666667],PARAMETER['Central_Meridian',-122.0],PARAMETER['Standard_Parallel_1',38.33333333333334],PARAMETER['Standard_Parallel_2',39.83333333333334],PARAMETER['Latitude_Of_Origin',37.66666666666666],UNIT['Foot_US',0.3048006096012192]]</Process></lineage><itemProps><itemLocation><linkage Sync="TRUE">file://\\AMY\C$\Users\Easterday\Dropbox\Shapefiles (2)\Jenny_Pygmy_Forest_Neither\JennyPygmy_Boundary</linkage><protocol Sync="TRUE">Local Area Network</protocol></itemLocation></itemProps><copyHistory><copy source="C:\Users\Easterday\Dropbox\UC Reserves\Kevin Data\NRS_FINAL04_19_2013\KE_EDITS\KE_FINAL\JennyPygmy\JennyPygmy_Boundary" dest="\\AMY\C$\Users\Easterday\Dropbox\Shapefiles (2)\Jenny_Pygmy_Forest_Neither\JennyPygmy_Boundary" date="20130603" time="12224000"></copy></copyHistory></DataProperties><ArcGISFormat>1.0</ArcGISFormat></Esri><idinfo><native Sync="TRUE">Microsoft Windows XP Version 5.1 (Build 2600) Service Pack 3; ESRI ArcCatalog 9.3.1.1850</native><descript><langdata Sync="TRUE">en</langdata><abstract>REQUIRED: A brief narrative summary of the data set.</abstract><purpose>REQUIRED: A summary of the intentions with which the data set was developed.</purpose></descript><citation><citeinfo><origin>REQUIRED: The name of an organization or individual that developed the data set.</origin><pubdate>REQUIRED: The date when the data set is published or otherwise made available for release.</pubdate><title Sync="TRUE">Parcels_10_12_D</title><ftname Sync="TRUE">Parcels_10_12_D</ftname><geoform Sync="TRUE">vector digital data</geoform><onlink Sync="TRUE">\\GIS75\E$\CD\Mendo_Co_Data\Parcels\Parcels_10_12_D</onlink></citeinfo></citation><timeperd><current>REQUIRED: The basis on which the time period of content information is determined.</current><timeinfo><sngdate><caldate>REQUIRED: The year (and optionally month, or month and day) for which the data set corresponds to the ground.</caldate></sngdate></timeinfo></timeperd><status><progress>REQUIRED: The state of the data set.</progress><update>REQUIRED: The frequency with which changes and additions are made to the data set after the initial data set is completed.</update></status><spdom><bounding><westbc Sync="TRUE">REQUIRED: Western-most coordinate of the limit of coverage expressed in longitude.</westbc><eastbc Sync="TRUE">REQUIRED: Eastern-most coordinate of the limit of coverage expressed in longitude.</eastbc><northbc Sync="TRUE">REQUIRED: Northern-most coordinate of the limit of coverage expressed in latitude.</northbc><southbc Sync="TRUE">REQUIRED: Southern-most coordinate of the limit of coverage expressed in latitude.</southbc></bounding></spdom><keywords><theme><themekt>REQUIRED: Reference to a formally registered thesaurus or a similar authoritative source of theme keywords.</themekt><themekey>REQUIRED: Common-use word or phrase used to describe the subject of the data set.</themekey></theme></keywords><accconst>REQUIRED: Restrictions and legal prerequisites for accessing the data set.</accconst><useconst>REQUIRED: Restrictions and legal prerequisites for using the data set after access is granted.</useconst><natvform Sync="TRUE">Shapefile</natvform></idinfo><dataIdInfo><envirDesc Sync="TRUE">Microsoft Windows XP Version 5.1 (Build 2600) Service Pack 3; ESRI ArcCatalog 9.3.1.1850</envirDesc><dataLang><languageCode Sync="TRUE" value="en"></languageCode></dataLang><idCitation><resTitle Sync="TRUE">Parcels_10_12_D</resTitle><presForm><PresFormCd Sync="TRUE" value="005"></PresFormCd></presForm></idCitation><spatRpType><SpatRepTypCd Sync="TRUE" value="001"></SpatRepTypCd></spatRpType></dataIdInfo><metainfo><langmeta Sync="TRUE">en</langmeta><metstdn Sync="TRUE">FGDC Content Standards for Digital Geospatial Metadata</metstdn><metstdv Sync="TRUE">FGDC-STD-001-1998</metstdv><mettc Sync="TRUE">local time</mettc><metc><cntinfo><cntorgp><cntper>REQUIRED: The person responsible for the metadata information.</cntper><cntorg>REQUIRED: The organization responsible for the metadata information.</cntorg></cntorgp><cntaddr><addrtype>REQUIRED: The mailing and/or physical address for the organization or individual.</addrtype><city>REQUIRED: The city of the address.</city><state>REQUIRED: The state or province of the address.</state><postal>REQUIRED: The ZIP or other postal code of the address.</postal></cntaddr><cntvoice>REQUIRED: The telephone number by which individuals can speak to the organization or individual.</cntvoice></cntinfo></metc><metd Sync="TRUE">20130321</metd><metextns><onlink Sync="TRUE">http://www.esri.com/metadata/esriprof80.html</onlink><metprof Sync="TRUE">ESRI Metadata Profile</metprof></metextns></metainfo><mdLang><languageCode Sync="TRUE" value="en"></languageCode></mdLang><mdStanName Sync="TRUE">ISO 19115 Geographic Information - Metadata</mdStanName><mdStanVer Sync="TRUE">DIS_ESRI1.0</mdStanVer><mdChar><CharSetCd Sync="TRUE" value="004"></CharSetCd></mdChar><mdHrLv><ScopeCd Sync="TRUE" value="005"></ScopeCd></mdHrLv><mdHrLvName Sync="TRUE">dataset</mdHrLvName><distinfo><resdesc Sync="TRUE">Downloadable Data</resdesc><stdorder><digform><digtinfo><transize Sync="TRUE">0.000</transize><dssize Sync="TRUE">0.000</dssize></digtinfo></digform></stdorder></distinfo><distInfo><distributor><distorTran><onLineSrc><orDesc Sync="TRUE">002</orDesc><linkage Sync="TRUE">file://\\GIS75\E$\CD\Mendo_Co_Data\Parcels\Parcels_10_12_D</linkage><protocol Sync="TRUE">Local Area Network</protocol></onLineSrc><transSize Sync="TRUE">0.000</transSize></distorTran><distorFormat><formatName Sync="TRUE">Shapefile</formatName></distorFormat></distributor></distInfo><spdoinfo><direct Sync="TRUE">Vector</direct><ptvctinf><esriterm Name="Parcels_10_12_D"><efeatyp Sync="TRUE">Simple</efeatyp><efeageom Sync="TRUE">Polygon</efeageom><esritopo Sync="TRUE">FALSE</esritopo><efeacnt Sync="TRUE">0</efeacnt><spindex Sync="TRUE">FALSE</spindex><linrefer Sync="TRUE">FALSE</linrefer></esriterm><sdtsterm Name="Parcels_10_12_D"><sdtstype Sync="TRUE">G-polygon</sdtstype><ptvctcnt Sync="TRUE">0</ptvctcnt></sdtsterm></ptvctinf></spdoinfo><spref><horizsys><cordsysn><geogcsn Sync="TRUE">GCS_North_American_1983</geogcsn><projcsn Sync="TRUE">NAD_1983_StatePlane_California_II_FIPS_0402_Feet</projcsn></cordsysn><planar><planci><plance Sync="TRUE">coordinate pair</plance><plandu Sync="TRUE">survey feet</plandu><coordrep><absres Sync="TRUE">0.000000</absres><ordres Sync="TRUE">0.000000</ordres></coordrep></planci><mapproj><mapprojn Sync="TRUE">Lambert Conformal Conic</mapprojn><lambertc><stdparll Sync="TRUE">38.333333</stdparll><stdparll Sync="TRUE">39.833333</stdparll><longcm Sync="TRUE">-122.000000</longcm><latprjo Sync="TRUE">37.666667</latprjo><feast Sync="TRUE">6561666.666667</feast><fnorth Sync="TRUE">1640416.666667</fnorth></lambertc></mapproj></planar><geodetic><horizdn Sync="TRUE">North American Datum of 1983</horizdn><ellips Sync="TRUE">Geodetic Reference System 80</ellips><semiaxis Sync="TRUE">6378137.000000</semiaxis><denflat Sync="TRUE">298.257222</denflat></geodetic></horizsys><vertdef><altsys><altenc Sync="TRUE">Explicit elevation coordinate included with horizontal coordinates</altenc><altres Sync="TRUE">0.000100</altres></altsys></vertdef></spref><refSysInfo><RefSystem><refSysID><identCode Sync="TRUE">NAD_1983_StatePlane_California_II_FIPS_0402_Feet</identCode></refSysID></RefSystem></refSysInfo><spatRepInfo><VectSpatRep><topLvl><TopoLevCd Sync="TRUE" value="001"></TopoLevCd></topLvl><geometObjs Name="Parcels_10_12_D"><geoObjTyp><GeoObjTypCd Sync="TRUE" value="001"></GeoObjTypCd></geoObjTyp><geoObjCnt Sync="TRUE">0</geoObjCnt></geometObjs></VectSpatRep></spatRepInfo><eainfo><detailed Name="Parcels_10_12_D"><enttyp><enttypl Sync="TRUE">Parcels_10_12_D</enttypl><enttypt Sync="TRUE">Feature Class</enttypt><enttypc Sync="TRUE">0</enttypc></enttyp><attr><attrlabl Sync="TRUE">FID</attrlabl><attalias Sync="TRUE">FID</attalias><attrtype Sync="TRUE">OID</attrtype><attwidth Sync="TRUE">4</attwidth><atprecis Sync="TRUE">0</atprecis><attscale Sync="TRUE">0</attscale><attrdef Sync="TRUE">Internal feature number.</attrdef><attrdefs Sync="TRUE">ESRI</attrdefs><attrdomv><udom Sync="TRUE">Sequential unique whole numbers that are automatically generated.</udom></attrdomv></attr><attr><attrlabl Sync="TRUE">Shape</attrlabl><attalias Sync="TRUE">Shape</attalias><attrtype Sync="TRUE">Geometry</attrtype><attwidth Sync="TRUE">0</attwidth><atprecis Sync="TRUE">0</atprecis><attscale Sync="TRUE">0</attscale><attrdef Sync="TRUE">Feature geometry.</attrdef><attrdefs Sync="TRUE">ESRI</attrdefs><attrdomv><udom Sync="TRUE">Coordinates defining the features.</udom></attrdomv></attr><attr><attrlabl Sync="TRUE">APN</attrlabl><attalias Sync="TRUE">APN</attalias><attrtype Sync="TRUE">String</attrtype><attwidth Sync="TRUE">8</attwidth></attr><attr><attrlabl Sync="TRUE">BOOK</attrlabl><attalias Sync="TRUE">BOOK</attalias><attrtype Sync="TRUE">String</attrtype><attwidth Sync="TRUE">6</attwidth></attr><attr><attrlabl Sync="TRUE">PAGE</attrlabl><attalias Sync="TRUE">PAGE</attalias><attrtype Sync="TRUE">String</attrtype><attwidth Sync="TRUE">6</attwidth></attr><attr><attrlabl Sync="TRUE">BLOCK</attrlabl><attalias Sync="TRUE">BLOCK</attalias><attrtype Sync="TRUE">String</attrtype><attwidth Sync="TRUE">7</attwidth></attr><attr><attrlabl Sync="TRUE">PARCEL</attrlabl><attalias Sync="TRUE">PARCEL</attalias><attrtype Sync="TRUE">String</attrtype><attwidth Sync="TRUE">8</attwidth></attr><attr><attrlabl Sync="TRUE">MULTIPART</attrlabl><attalias Sync="TRUE">MULTIPART</attalias><attrtype Sync="TRUE">String</attrtype><attwidth Sync="TRUE">11</attwidth></attr><attr><attrlabl Sync="TRUE">SOURCE</attrlabl><attalias Sync="TRUE">SOURCE</attalias><attrtype Sync="TRUE">String</attrtype><attwidth Sync="TRUE">12</attwidth></attr><attr><attrlabl Sync="TRUE">BOOKPAGE</attrlabl><attalias Sync="TRUE">BOOKPAGE</attalias><attrtype Sync="TRUE">String</attrtype><attwidth Sync="TRUE">11</attwidth></attr><attr><attrlabl Sync="TRUE">OWNER_F</attrlabl><attalias Sync="TRUE">OWNER_F</attalias><attrtype Sync="TRUE">String</attrtype><attwidth Sync="TRUE">50</attwidth></attr><attr><attrlabl Sync="TRUE">OWNER_L</attrlabl><attalias Sync="TRUE">OWNER_L</attalias><attrtype Sync="TRUE">String</attrtype><attwidth Sync="TRUE">50</attwidth></attr><attr><attrlabl Sync="TRUE">OWNER</attrlabl><attalias Sync="TRUE">OWNER</attalias><attrtype Sync="TRUE">String</attrtype><attwidth Sync="TRUE">55</attwidth></attr><attr><attrlabl Sync="TRUE">ADDRESS</attrlabl><attalias Sync="TRUE">ADDRESS</attalias><attrtype Sync="TRUE">String</attrtype><attwidth Sync="TRUE">55</attwidth></attr><attr><attrlabl Sync="TRUE">CITY</attrlabl><attalias Sync="TRUE">CITY</attalias><attrtype Sync="TRUE">String</attrtype><attwidth Sync="TRUE">35</attwidth></attr><attr><attrlabl Sync="TRUE">STATE</attrlabl><attalias Sync="TRUE">STATE</attalias><attrtype Sync="TRUE">String</attrtype><attwidth Sync="TRUE">10</attwidth></attr><attr><attrlabl Sync="TRUE">ZIP</attrlabl><attalias Sync="TRUE">ZIP</attalias><attrtype Sync="TRUE">String</attrtype><attwidth Sync="TRUE">10</attwidth></attr><attr><attrlabl Sync="TRUE">SITUS_1</attrlabl><attalias Sync="TRUE">SITUS_1</attalias><attrtype Sync="TRUE">String</attrtype><attwidth Sync="TRUE">30</attwidth></attr><attr><attrlabl Sync="TRUE">SITUS_DIR</attrlabl><attalias Sync="TRUE">SITUS_DIR</attalias><attrtype Sync="TRUE">String</attrtype><attwidth Sync="TRUE">2</attwidth></attr><attr><attrlabl Sync="TRUE">SITUS_2</attrlabl><attalias Sync="TRUE">SITUS_2</attalias><attrtype Sync="TRUE">String</attrtype><attwidth Sync="TRUE">50</attwidth></attr><attr><attrlabl Sync="TRUE">SITUS_3</attrlabl><attalias Sync="TRUE">SITUS_3</attalias><attrtype Sync="TRUE">String</attrtype><attwidth Sync="TRUE">60</attwidth></attr><attr><attrlabl Sync="TRUE">SITUSCTY</attrlabl><attalias Sync="TRUE">SITUSCTY</attalias><attrtype Sync="TRUE">String</attrtype><attwidth Sync="TRUE">35</attwidth></attr><attr><attrlabl Sync="TRUE">APT_</attrlabl><attalias Sync="TRUE">APT_</attalias><attrtype Sync="TRUE">String</attrtype><attwidth Sync="TRUE">10</attwidth></attr><attr><attrlabl Sync="TRUE">TRA</attrlabl><attalias Sync="TRUE">TRA</attalias><attrtype Sync="TRUE">String</attrtype><attwidth Sync="TRUE">25</attwidth></attr><attr><attrlabl Sync="TRUE">USE_CODE1</attrlabl><attalias Sync="TRUE">USE_CODE1</attalias><attrtype Sync="TRUE">String</attrtype><attwidth Sync="TRUE">20</attwidth></attr><attr><attrlabl Sync="TRUE">USE_CODE2</attrlabl><attalias Sync="TRUE">USE_CODE2</attalias><attrtype Sync="TRUE">String</attrtype><attwidth Sync="TRUE">20</attwidth></attr><attr><attrlabl Sync="TRUE">ACREAGE</attrlabl><attalias Sync="TRUE">ACREAGE</attalias><attrtype Sync="TRUE">Float</attrtype><attwidth Sync="TRUE">19</attwidth><atnumdec Sync="TRUE">11</atnumdec></attr><attr><attrlabl Sync="TRUE">LANDV</attrlabl><attalias Sync="TRUE">LANDV</attalias><attrtype Sync="TRUE">Float</attrtype><attwidth Sync="TRUE">19</attwidth><atnumdec Sync="TRUE">11</atnumdec></attr><attr><attrlabl Sync="TRUE">IMPV</attrlabl><attalias Sync="TRUE">IMPV</attalias><attrtype Sync="TRUE">Float</attrtype><attwidth Sync="TRUE">19</attwidth><atnumdec Sync="TRUE">11</atnumdec></attr><attr><attrlabl Sync="TRUE">TREEV</attrlabl><attalias Sync="TRUE">TREEV</attalias><attrtype Sync="TRUE">Float</attrtype><attwidth Sync="TRUE">19</attwidth><atnumdec Sync="TRUE">11</atnumdec></attr><attr><attrlabl Sync="TRUE">EQUIPV</attrlabl><attalias Sync="TRUE">EQUIPV</attalias><attrtype Sync="TRUE">Float</attrtype><attwidth Sync="TRUE">19</attwidth><atnumdec Sync="TRUE">11</atnumdec></attr><attr><attrlabl Sync="TRUE">PERSV</attrlabl><attalias Sync="TRUE">PERSV</attalias><attrtype Sync="TRUE">Float</attrtype><attwidth Sync="TRUE">19</attwidth><atnumdec Sync="TRUE">11</atnumdec></attr><attr><attrlabl Sync="TRUE">HOMEX</attrlabl><attalias Sync="TRUE">HOMEX</attalias><attrtype Sync="TRUE">Float</attrtype><attwidth Sync="TRUE">19</attwidth><atnumdec Sync="TRUE">11</atnumdec></attr><attr><attrlabl Sync="TRUE">MESEX</attrlabl><attalias Sync="TRUE">MESEX</attalias><attrtype Sync="TRUE">Float</attrtype><attwidth Sync="TRUE">19</attwidth><atnumdec Sync="TRUE">11</atnumdec></attr><attr><attrlabl Sync="TRUE">DEED_REC</attrlabl><attalias Sync="TRUE">DEED_REC</attalias><attrtype Sync="TRUE">String</attrtype><attwidth Sync="TRUE">35</attwidth></attr><attr><attrlabl Sync="TRUE">LCP_CODE</attrlabl><attalias Sync="TRUE">LCP_CODE</attalias><attrtype Sync="TRUE">String</attrtype><attwidth Sync="TRUE">10</attwidth></attr><attr><attrlabl Sync="TRUE">STATUS</attrlabl><attalias Sync="TRUE">STATUS</attalias><attrtype Sync="TRUE">String</attrtype><attwidth Sync="TRUE">10</attwidth></attr><attr><attrlabl Sync="TRUE">PAR_SFX</attrlabl><attalias Sync="TRUE">PAR_SFX</attalias><attrtype Sync="TRUE">String</attrtype><attwidth Sync="TRUE">5</attwidth></attr><attr><attrlabl Sync="TRUE">GEN_PLAN1</attrlabl><attalias Sync="TRUE">GEN_PLAN1</attalias><attrtype Sync="TRUE">String</attrtype><attwidth Sync="TRUE">35</attwidth></attr><attr><attrlabl Sync="TRUE">BASEZONE1</attrlabl><attalias Sync="TRUE">BASEZONE1</attalias><attrtype Sync="TRUE">String</attrtype><attwidth Sync="TRUE">35</attwidth></attr><attr><attrlabl Sync="TRUE">MIN_PAR1</attrlabl><attalias Sync="TRUE">MIN_PAR1</attalias><attrtype Sync="TRUE">String</attrtype><attwidth Sync="TRUE">25</attwidth></attr><attr><attrlabl Sync="TRUE">COM_DIST1A</attrlabl><attalias Sync="TRUE">COM_DIST1A</attalias><attrtype Sync="TRUE">String</attrtype><attwidth Sync="TRUE">25</attwidth></attr><attr><attrlabl Sync="TRUE">COM_DIST1B</attrlabl><attalias Sync="TRUE">COM_DIST1B</attalias><attrtype Sync="TRUE">String</attrtype><attwidth Sync="TRUE">25</attwidth></attr><attr><attrlabl Sync="TRUE">COM_DIST1C</attrlabl><attalias Sync="TRUE">COM_DIST1C</attalias><attrtype Sync="TRUE">String</attrtype><attwidth Sync="TRUE">25</attwidth></attr><attr><attrlabl Sync="TRUE">COM_DIST1D</attrlabl><attalias Sync="TRUE">COM_DIST1D</attalias><attrtype Sync="TRUE">String</attrtype><attwidth Sync="TRUE">25</attwidth></attr><attr><attrlabl Sync="TRUE">COM_DIST1E</attrlabl><attalias Sync="TRUE">COM_DIST1E</attalias><attrtype Sync="TRUE">String</attrtype><attwidth Sync="TRUE">25</attwidth></attr><attr><attrlabl Sync="TRUE">COM_DIST1F</attrlabl><attalias Sync="TRUE">COM_DIST1F</attalias><attrtype Sync="TRUE">String</attrtype><attwidth Sync="TRUE">25</attwidth></attr><attr><attrlabl Sync="TRUE">COM_DIST1G</attrlabl><attalias Sync="TRUE">COM_DIST1G</attalias><attrtype Sync="TRUE">String</attrtype><attwidth Sync="TRUE">25</attwidth></attr><attr><attrlabl Sync="TRUE">COM_DIST1H</attrlabl><attalias Sync="TRUE">COM_DIST1H</attalias><attrtype Sync="TRUE">String</attrtype><attwidth Sync="TRUE">25</attwidth></attr><attr><attrlabl Sync="TRUE">COM_DIST1I</attrlabl><attalias Sync="TRUE">COM_DIST1I</attalias><attrtype Sync="TRUE">String</attrtype><attwidth Sync="TRUE">25</attwidth></attr><attr><attrlabl Sync="TRUE">COM_DIST1J</attrlabl><attalias Sync="TRUE">COM_DIST1J</attalias><attrtype Sync="TRUE">String</attrtype><attwidth Sync="TRUE">25</attwidth></attr><attr><attrlabl Sync="TRUE">GEN_PLAN2</attrlabl><attalias Sync="TRUE">GEN_PLAN2</attalias><attrtype Sync="TRUE">String</attrtype><attwidth Sync="TRUE">35</attwidth></attr><attr><attrlabl Sync="TRUE">BASEZONE2</attrlabl><attalias Sync="TRUE">BASEZONE2</attalias><attrtype Sync="TRUE">String</attrtype><attwidth Sync="TRUE">35</attwidth></attr><attr><attrlabl Sync="TRUE">MIN_PAR2</attrlabl><attalias Sync="TRUE">MIN_PAR2</attalias><attrtype Sync="TRUE">String</attrtype><attwidth Sync="TRUE">25</attwidth></attr><attr><attrlabl Sync="TRUE">COM_DIST2A</attrlabl><attalias Sync="TRUE">COM_DIST2A</attalias><attrtype Sync="TRUE">String</attrtype><attwidth Sync="TRUE">25</attwidth></attr><attr><attrlabl Sync="TRUE">COM_DIST2B</attrlabl><attalias Sync="TRUE">COM_DIST2B</attalias><attrtype Sync="TRUE">String</attrtype><attwidth Sync="TRUE">25</attwidth></attr><attr><attrlabl Sync="TRUE">COM_DIST2C</attrlabl><attalias Sync="TRUE">COM_DIST2C</attalias><attrtype Sync="TRUE">String</attrtype><attwidth Sync="TRUE">25</attwidth></attr><attr><attrlabl Sync="TRUE">COM_DIST2D</attrlabl><attalias Sync="TRUE">COM_DIST2D</attalias><attrtype Sync="TRUE">String</attrtype><attwidth Sync="TRUE">25</attwidth></attr><attr><attrlabl Sync="TRUE">COM_DIST2E</attrlabl><attalias Sync="TRUE">COM_DIST2E</attalias><attrtype Sync="TRUE">String</attrtype><attwidth Sync="TRUE">25</attwidth></attr><attr><attrlabl Sync="TRUE">COM_DIST2F</attrlabl><attalias Sync="TRUE">COM_DIST2F</attalias><attrtype Sync="TRUE">String</attrtype><attwidth Sync="TRUE">25</attwidth></attr><attr><attrlabl Sync="TRUE">COM_DIST2G</attrlabl><attalias Sync="TRUE">COM_DIST2G</attalias><attrtype Sync="TRUE">String</attrtype><attwidth Sync="TRUE">25</attwidth></attr><attr><attrlabl Sync="TRUE">COM_DIST2H</attrlabl><attalias Sync="TRUE">COM_DIST2H</attalias><attrtype Sync="TRUE">String</attrtype><attwidth Sync="TRUE">25</attwidth></attr><attr><attrlabl Sync="TRUE">COM_DIST2I</attrlabl><attalias Sync="TRUE">COM_DIST2I</attalias><attrtype Sync="TRUE">String</attrtype><attwidth Sync="TRUE">25</attwidth></attr><attr><attrlabl Sync="TRUE">COM_DIST2J</attrlabl><attalias Sync="TRUE">COM_DIST2J</attalias><attrtype Sync="TRUE">String</attrtype><attwidth Sync="TRUE">25</attwidth></attr><attr><attrlabl Sync="TRUE">GEN_PLAN3</attrlabl><attalias Sync="TRUE">GEN_PLAN3</attalias><attrtype Sync="TRUE">String</attrtype><attwidth Sync="TRUE">35</attwidth></attr><attr><attrlabl Sync="TRUE">BASEZONE3</attrlabl><attalias Sync="TRUE">BASEZONE3</attalias><attrtype Sync="TRUE">String</attrtype><attwidth Sync="TRUE">35</attwidth></attr><attr><attrlabl Sync="TRUE">MIN_PAR3</attrlabl><attalias Sync="TRUE">MIN_PAR3</attalias><attrtype Sync="TRUE">String</attrtype><attwidth Sync="TRUE">25</attwidth></attr><attr><attrlabl Sync="TRUE">COM_DIST3A</attrlabl><attalias Sync="TRUE">COM_DIST3A</attalias><attrtype Sync="TRUE">String</attrtype><attwidth Sync="TRUE">25</attwidth></attr><attr><attrlabl Sync="TRUE">COM_DIST3B</attrlabl><attalias Sync="TRUE">COM_DIST3B</attalias><attrtype Sync="TRUE">String</attrtype><attwidth Sync="TRUE">25</attwidth></attr><attr><attrlabl Sync="TRUE">COM_DIST3C</attrlabl><attalias Sync="TRUE">COM_DIST3C</attalias><attrtype Sync="TRUE">String</attrtype><attwidth Sync="TRUE">25</attwidth></attr><attr><attrlabl Sync="TRUE">COM_DIST3D</attrlabl><attalias Sync="TRUE">COM_DIST3D</attalias><attrtype Sync="TRUE">String</attrtype><attwidth Sync="TRUE">25</attwidth></attr><attr><attrlabl Sync="TRUE">COM_DIST3E</attrlabl><attalias Sync="TRUE">COM_DIST3E</attalias><attrtype Sync="TRUE">String</attrtype><attwidth Sync="TRUE">25</attwidth></attr><attr><attrlabl Sync="TRUE">COM_DIST3F</attrlabl><attalias Sync="TRUE">COM_DIST3F</attalias><attrtype Sync="TRUE">String</attrtype><attwidth Sync="TRUE">25</attwidth></attr><attr><attrlabl Sync="TRUE">COM_DIST3G</attrlabl><attalias Sync="TRUE">COM_DIST3G</attalias><attrtype Sync="TRUE">String</attrtype><attwidth Sync="TRUE">25</attwidth></attr><attr><attrlabl Sync="TRUE">COM_DIST3H</attrlabl><attalias Sync="TRUE">COM_DIST3H</attalias><attrtype Sync="TRUE">String</attrtype><attwidth Sync="TRUE">25</attwidth></attr><attr><attrlabl Sync="TRUE">COM_DIST3I</attrlabl><attalias Sync="TRUE">COM_DIST3I</attalias><attrtype Sync="TRUE">String</attrtype><attwidth Sync="TRUE">25</attwidth></attr><attr><attrlabl Sync="TRUE">COM_DIST3J</attrlabl><attalias Sync="TRUE">COM_DIST3J</attalias><attrtype Sync="TRUE">String</attrtype><attwidth Sync="TRUE">25</attwidth></attr><attr><attrlabl Sync="TRUE">GEN_PLAN4</attrlabl><attalias Sync="TRUE">GEN_PLAN4</attalias><attrtype Sync="TRUE">String</attrtype><attwidth Sync="TRUE">35</attwidth></attr><attr><attrlabl Sync="TRUE">BASEZONE4</attrlabl><attalias Sync="TRUE">BASEZONE4</attalias><attrtype Sync="TRUE">String</attrtype><attwidth Sync="TRUE">35</attwidth></attr><attr><attrlabl Sync="TRUE">MIN_PAR4</attrlabl><attalias Sync="TRUE">MIN_PAR4</attalias><attrtype Sync="TRUE">String</attrtype><attwidth Sync="TRUE">25</attwidth></attr><attr><attrlabl Sync="TRUE">COM_DIST4A</attrlabl><attalias Sync="TRUE">COM_DIST4A</attalias><attrtype Sync="TRUE">String</attrtype><attwidth Sync="TRUE">25</attwidth></attr><attr><attrlabl Sync="TRUE">COM_DIST4B</attrlabl><attalias Sync="TRUE">COM_DIST4B</attalias><attrtype Sync="TRUE">String</attrtype><attwidth Sync="TRUE">25</attwidth></attr><attr><attrlabl Sync="TRUE">COM_DIST4C</attrlabl><attalias Sync="TRUE">COM_DIST4C</attalias><attrtype Sync="TRUE">String</attrtype><attwidth Sync="TRUE">25</attwidth></attr><attr><attrlabl Sync="TRUE">COM_DIST4D</attrlabl><attalias Sync="TRUE">COM_DIST4D</attalias><attrtype Sync="TRUE">String</attrtype><attwidth Sync="TRUE">25</attwidth></attr><attr><attrlabl Sync="TRUE">COM_DIST4E</attrlabl><attalias Sync="TRUE">COM_DIST4E</attalias><attrtype Sync="TRUE">String</attrtype><attwidth Sync="TRUE">25</attwidth></attr><attr><attrlabl Sync="TRUE">COM_DIST4F</attrlabl><attalias Sync="TRUE">COM_DIST4F</attalias><attrtype Sync="TRUE">String</attrtype><attwidth Sync="TRUE">25</attwidth></attr><attr><attrlabl Sync="TRUE">COM_DIST4G</attrlabl><attalias Sync="TRUE">COM_DIST4G</attalias><attrtype Sync="TRUE">String</attrtype><attwidth Sync="TRUE">25</attwidth></attr><attr><attrlabl Sync="TRUE">COM_DIST4H</attrlabl><attalias Sync="TRUE">COM_DIST4H</attalias><attrtype Sync="TRUE">String</attrtype><attwidth Sync="TRUE">25</attwidth></attr><attr><attrlabl Sync="TRUE">COM_DIST4I</attrlabl><attalias Sync="TRUE">COM_DIST4I</attalias><attrtype Sync="TRUE">String</attrtype><attwidth Sync="TRUE">25</attwidth></attr><attr><attrlabl Sync="TRUE">COM_DIST4J</attrlabl><attalias Sync="TRUE">COM_DIST4J</attalias><attrtype Sync="TRUE">String</attrtype><attwidth Sync="TRUE">25</attwidth></attr><attr><attrlabl Sync="TRUE">GEN_PLAN5</attrlabl><attalias Sync="TRUE">GEN_PLAN5</attalias><attrtype Sync="TRUE">String</attrtype><attwidth Sync="TRUE">35</attwidth></attr><attr><attrlabl Sync="TRUE">BASEZONE5</attrlabl><attalias Sync="TRUE">BASEZONE5</attalias><attrtype Sync="TRUE">String</attrtype><attwidth Sync="TRUE">35</attwidth></attr><attr><attrlabl Sync="TRUE">MIN_PAR5</attrlabl><attalias Sync="TRUE">MIN_PAR5</attalias><attrtype Sync="TRUE">String</attrtype><attwidth Sync="TRUE">25</attwidth></attr><attr><attrlabl Sync="TRUE">COM_DIST5A</attrlabl><attalias Sync="TRUE">COM_DIST5A</attalias><attrtype Sync="TRUE">String</attrtype><attwidth Sync="TRUE">25</attwidth></attr><attr><attrlabl Sync="TRUE">COM_DIST5B</attrlabl><attalias Sync="TRUE">COM_DIST5B</attalias><attrtype Sync="TRUE">String</attrtype><attwidth Sync="TRUE">25</attwidth></attr><attr><attrlabl Sync="TRUE">COM_DIST5C</attrlabl><attalias Sync="TRUE">COM_DIST5C</attalias><attrtype Sync="TRUE">String</attrtype><attwidth Sync="TRUE">25</attwidth></attr><attr><attrlabl Sync="TRUE">COM_DIST5D</attrlabl><attalias Sync="TRUE">COM_DIST5D</attalias><attrtype Sync="TRUE">String</attrtype><attwidth Sync="TRUE">25</attwidth></attr><attr><attrlabl Sync="TRUE">COM_DIST5E</attrlabl><attalias Sync="TRUE">COM_DIST5E</attalias><attrtype Sync="TRUE">String</attrtype><attwidth Sync="TRUE">25</attwidth></attr><attr><attrlabl Sync="TRUE">COM_DIST5F</attrlabl><attalias Sync="TRUE">COM_DIST5F</attalias><attrtype Sync="TRUE">String</attrtype><attwidth Sync="TRUE">25</attwidth></attr><attr><attrlabl Sync="TRUE">COM_DISTG</attrlabl><attalias Sync="TRUE">COM_DISTG</attalias><attrtype Sync="TRUE">String</attrtype><attwidth Sync="TRUE">25</attwidth></attr><attr><attrlabl Sync="TRUE">COM_DIST5H</attrlabl><attalias Sync="TRUE">COM_DIST5H</attalias><attrtype Sync="TRUE">String</attrtype><attwidth Sync="TRUE">25</attwidth></attr><attr><attrlabl Sync="TRUE">COM_DIST5I</attrlabl><attalias Sync="TRUE">COM_DIST5I</attalias><attrtype Sync="TRUE">String</attrtype><attwidth Sync="TRUE">25</attwidth></attr><attr><attrlabl Sync="TRUE">COM_DIST5J</attrlabl><attalias Sync="TRUE">COM_DIST5J</attalias><attrtype Sync="TRUE">String</attrtype><attwidth Sync="TRUE">25</attwidth></attr><attr><attrlabl Sync="TRUE">GEN_PLAN6</attrlabl><attalias Sync="TRUE">GEN_PLAN6</attalias><attrtype Sync="TRUE">String</attrtype><attwidth Sync="TRUE">35</attwidth></attr><attr><attrlabl Sync="TRUE">BASEZONE6</attrlabl><attalias Sync="TRUE">BASEZONE6</attalias><attrtype Sync="TRUE">String</attrtype><attwidth Sync="TRUE">35</attwidth></attr><attr><attrlabl Sync="TRUE">MIN_PAR6</attrlabl><attalias Sync="TRUE">MIN_PAR6</attalias><attrtype Sync="TRUE">String</attrtype><attwidth Sync="TRUE">25</attwidth></attr><attr><attrlabl Sync="TRUE">COM_DIST6A</attrlabl><attalias Sync="TRUE">COM_DIST6A</attalias><attrtype Sync="TRUE">String</attrtype><attwidth Sync="TRUE">25</attwidth></attr><attr><attrlabl Sync="TRUE">COM_DIST6B</attrlabl><attalias Sync="TRUE">COM_DIST6B</attalias><attrtype Sync="TRUE">String</attrtype><attwidth Sync="TRUE">25</attwidth></attr><attr><attrlabl Sync="TRUE">COM_DIST6C</attrlabl><attalias Sync="TRUE">COM_DIST6C</attalias><attrtype Sync="TRUE">String</attrtype><attwidth Sync="TRUE">25</attwidth></attr><attr><attrlabl Sync="TRUE">COM_DIST6D</attrlabl><attalias Sync="TRUE">COM_DIST6D</attalias><attrtype Sync="TRUE">String</attrtype><attwidth Sync="TRUE">25</attwidth></attr><attr><attrlabl Sync="TRUE">COM_DIST6E</attrlabl><attalias Sync="TRUE">COM_DIST6E</attalias><attrtype Sync="TRUE">String</attrtype><attwidth Sync="TRUE">25</attwidth></attr><attr><attrlabl Sync="TRUE">COM_DIST6F</attrlabl><attalias Sync="TRUE">COM_DIST6F</attalias><attrtype Sync="TRUE">String</attrtype><attwidth Sync="TRUE">25</attwidth></attr><attr><attrlabl Sync="TRUE">COM_DIST6G</attrlabl><attalias Sync="TRUE">COM_DIST6G</attalias><attrtype Sync="TRUE">String</attrtype><attwidth Sync="TRUE">25</attwidth></attr><attr><attrlabl Sync="TRUE">COM_DIST6H</attrlabl><attalias Sync="TRUE">COM_DIST6H</attalias><attrtype Sync="TRUE">String</attrtype><attwidth Sync="TRUE">25</attwidth></attr><attr><attrlabl Sync="TRUE">COM_DIST6I</attrlabl><attalias Sync="TRUE">COM_DIST6I</attalias><attrtype Sync="TRUE">String</attrtype><attwidth Sync="TRUE">25</attwidth></attr><attr><attrlabl Sync="TRUE">Shape_Leng</attrlabl><attalias Sync="TRUE">Shape_Leng</attalias><attrtype Sync="TRUE">Float</attrtype><attwidth Sync="TRUE">19</attwidth><atnumdec Sync="TRUE">11</atnumdec></attr><attr><attrlabl Sync="TRUE">Shape_Area</attrlabl><attalias Sync="TRUE">Shape_Area</attalias><attrtype Sync="TRUE">Float</attrtype><attwidth Sync="TRUE">19</attwidth><attrdef Sync="TRUE">Area of feature in internal units squared.</attrdef><attrdefs Sync="TRUE">ESRI</attrdefs><attrdomv><udom Sync="TRUE">Positive real numbers that are automatically generated.</udom></attrdomv><atnumdec Sync="TRUE">11</atnumdec></attr></detailed></eainfo><mdDateSt Sync="TRUE">20130321</mdDateSt><dataqual><lineage><procstep><procdesc Sync="TRUE">Dataset copied.</procdesc><srcused Sync="TRUE">E:\ESRI\ESRIDATA\Parcels\Parcels_10_12\Parcels_10_12_D</srcused><procdate Sync="TRUE">20130404</procdate><proctime Sync="TRUE">15074200</proctime></procstep></lineage></dataqual></metadata>
