<?xml version="1.0"?>
<metadata><idinfo><citation><citeinfo><origin>Clerk-Recorder-Assessor Map Division</origin><pubdate>01/01/2008</pubdate><title>AssessorsParcelsCURRENT</title><geoform>vector digital data</geoform><onlink>\\CAREGIS2\F$Share\GIS\Parcel GeoDataBase\BaseMap.mdb</onlink><ftname Sync="TRUE">SBCSDE.GIO.assessor_parcels</ftname></citeinfo></citation><descript><abstract>This feature class is the ongoing repository for the Assessor's cadastral dataset of Santa Barbara County.</abstract><purpose>This dataset was originally completed in December of 1999. This allowed users for the first time to work with a seamless county-wide parcel layer, populated by assessor's information. As such it has been of enormous value not only for various county operations but also to a large number of public and private entities. Land ownership boundaries are a fundamental dataset of administrative functions.</purpose><supplinf>This feature class is being updated on a monthly basis with changes to the cadastral fabric. This feature class is then used as the basis of a join to create "AssessorsParcelsxxxx_xxxx" on the E$ drive in the subdirectory Parcels (AS), where the x's represent the year, month and day of the last update.  An additional copy of this shapefile named "AssesorsParcelsCURRENT.shp" will always reside in subdirectory as well for other divisions who need a static file name for database linkage.</supplinf><langdata>English</langdata></descript><timeperd><timeinfo><sngdate><caldate>March 7, 2010</caldate></sngdate></timeinfo><current>publication date</current></timeperd><status><progress>Complete</progress><update>Monthly</update></status><spdom><bounding><westbc>
-120.678021</westbc><eastbc>
-119.426986</eastbc><northbc>
35.123559</northbc><southbc>
33.883620</southbc></bounding><lboundng><leftbc Sync="TRUE">5760742.566324</leftbc><rightbc Sync="TRUE">6128664.282907</rightbc><bottombc Sync="TRUE">1790543.548127</bottombc><topbc Sync="TRUE">2234398.805099</topbc></lboundng></spdom><keywords><theme><themekt>REQUIRED: Reference to a formally registered thesaurus or a similar authoritative source of theme keywords.</themekt><themekey>REQUIRED: Common-use word or phrase used to describe the subject of the data set.</themekey></theme><theme><themekey>assessor parcel cadastral</themekey></theme></keywords><accconst>This feature class is freely available on the County network. It is also freely available to the public for a nominal copying fee in a CD format. There is internet access to this data without owner's names or sales data through the County's GEOSPACIAL Catalog, </accconst><useconst>None.</useconst><ptcontac><cntinfo><cntperp><cntper>Duane Gower</cntper><cntorg>County of Santa Barbara Clerk-Recorder-Assessor</cntorg></cntperp><cntpos>Mapping/GIS Analyst Supervisor</cntpos><cntemail>dgower@co.santa-barbara.ca.us</cntemail></cntinfo></ptcontac><datacred>The County Clerk-Recorder-Assessor's Mapping Division.</datacred><native>Microsoft Windows XP Version 5.1 (Build 2600) Service Pack 2; ESRI ArcCatalog 9.2.4.1420</native><crossref><citeinfo><title>AssessorsParcelsCURRENT</title></citeinfo></crossref><natvform>Geodatabase</natvform></idinfo><dataqual><attracc><qattracc><attraccv>APN</attraccv><attracce>From a textual standpoint the accuracy of the Assessor's Parcel Number is extremely high. This is due to its derivation from the Assessor's Property System whereby the assigned numbers have a one-to-one relationship with a property description. In very rare instances a number may not be on the proper polygon it references. Each iteration of the feature class' apn field is tested programmatically in FoxPro to ensure that this one-to-one relationship persists from the APS data to this feature class.</attracce></qattracc><qattracc><attraccv>Layer</attraccv><attracce>This is a text field that references the "level" of the unit, if necessary, of a condominium, or simply references the parcel as being part of the ground fabric. Its accuracy is very high, as it is worked on extensively throughout the updating process and is simple to review for accuracy and completeness.</attracce></qattracc></attracc><logic>The ground layer of this feature class was cleaned by the creation and verification of a topology in June of 2007. All errors of overlaps and gaps between polygons were corrected at that time. It is projected that this topology will be verified on an annual basis. At any one time throughout the year, in the vicinity of newly created or modified parcels, there may be slight errors in the topological integrity, although every effort is made to maintain the highest level of accuracy during all phases of layer modifications.</logic><posacc><horizpa><qhorizpa><horizpav>Varies</horizpav><horizpae>Due to the nature of its construction the assessor's cadastral dataset has varying degrees of positional precision. It is useful to distinguish between positional accuracy and positional precision. In our feature class, the former refers to the relative accuracy of a given group of spatially related parcel polygons. In other words, for any given polygon, are the neighboring polygons in a proper or accurate relationship spatially with our subject polygon? Subjectively we find that our positional accuracy is good to excellent. On the other hand, positional precision refers to an actual ground location and how well any determinable cadastral point in our dataset is related to this established ground location. As stated previously, this will vary depending on its general location. In those areas which were initially spatially referenced by the Flood Control Topo Map Sets, which were the areas of Santa Barbara city, the Goleta valley, the Santa Ynez valley, and the Santa Maria valley, we consistently find a positional horizontal error of between 3 and 6 feet. The lower figure would be within the city blocks themselves, and the higher figure in the areas outside the numbered orthogonal blocks. Outside of this control set, the nature of the precision may be quite varied. In the unpopulated areas without the control of the Knopf GPS road set, there may be variance of more than 100 feet. For the majority of the populated areas, any horizontal positional precision would be between these general values, and more closer to the lower side given a reasonable distance and tie-in to the Knopf GPS road set.
Ultimately it must be remembered that for many of the more antique legal descriptions that might reference, say, a rancho line, that a precise location of any given cadastral point is by its nature an abstraction unless referenced by a modern record of survey, and even then there may be serious discrepancies in the various surveys that are available. The southern Tepusquet Rd area is a prime example, where it would take a survey and the signed acquiescence of all of the affected property owners to truly call that area spatially precise in cadastral terms.</horizpae></qhorizpa></horizpa><vertacc><vertaccr>This is not an attribute of this feature class, there are no "Z" values.</vertaccr></vertacc></posacc><lineage><procstep><procdesc>Dataset copied.</procdesc><srcused>\\CAREGIS2\F$Share\GIS\Parcel GeoDataBase\BaseMap.mdb</srcused></procstep><procstep><procdesc>Dataset copied.</procdesc><srcused>\\CAREGIS2\F$Share\GIS\Parcel GeoDataBase\BaseMap.mdb</srcused></procstep><procstep><procdesc>Metadata imported.</procdesc><srcused>C:\DOCUME~1\jdawson.co\LOCALS~1\Temp\xml7A.tmp</srcused></procstep><procstep><procdesc>Metadata imported.</procdesc><srcused>C:\DOCUME~1\dgower\LOCALS~1\Temp\xmlDE.tmp</srcused></procstep><procstep><procdesc>Dataset copied.</procdesc><srcused>S:\Data_Library\Districts_(AS)\TRA\parcels_layers2007_1228</srcused></procstep><procstep><procdesc>Dataset moved.</procdesc><srcused>S:\Data_Library\Parcels_(AS)\parcels_layers2008_0131</srcused></procstep><procstep><procdesc>Metadata imported.</procdesc><srcused>S:\Data_Library\Parcels_(AS)\Archives\parcels_layers2008_0131.xml</srcused></procstep><procstep><procdesc>Dataset copied.</procdesc><srcused>S:\Data_Library\Parcels_(AS)\parcels_layers2008_0229</srcused></procstep><procstep><procdesc Sync="TRUE">Dataset copied.</procdesc><srcused Sync="TRUE">M:\GIS\Basemap_updates\ParcelBaseTemp\parcels_layers2008_0630</srcused><date Sync="TRUE">20080701</date><time Sync="TRUE">16201400</time></procstep><procstep><procdesc Sync="TRUE">Dataset copied.</procdesc><srcused Sync="TRUE">S:\Data_Library\Parcels_(AS)\parcels_layers2008_0630</srcused><date Sync="TRUE">20080701</date><time Sync="TRUE">16243700</time></procstep><procstep><procdesc Sync="TRUE">Dataset copied.</procdesc><srcused Sync="TRUE">C:\Data_Library\Parcels\parcels_layers2008_0630</srcused><procdate Sync="TRUE">20080804</procdate><proctime Sync="TRUE">14221100</proctime></procstep><procstep><procdesc Sync="TRUE">Dataset copied.</procdesc><srcused Sync="TRUE">M:\BASEMAP DISTRIBUTION\Parcels_LayerCURRENT</srcused><procdate Sync="TRUE">20090602</procdate><proctime Sync="TRUE">08310400</proctime></procstep><procstep><procdesc Sync="TRUE">Dataset moved.</procdesc><srcused Sync="TRUE">M:\BASEMAP DISTRIBUTION\Parcels_Layer2009_0529</srcused><procdate Sync="TRUE">20090602</procdate><proctime Sync="TRUE">08321400</proctime></procstep><procstep><procdesc Sync="TRUE">Dataset copied.</procdesc><srcused Sync="TRUE"></srcused><procdate Sync="TRUE">20090602</procdate><proctime Sync="TRUE">09404900</proctime></procstep><procstep><procdesc Sync="TRUE">Dataset copied.</procdesc><srcused Sync="TRUE">S:\Data_Library\Parcels_(AS)\AssessorParcelsCURRENT</srcused><procdate Sync="TRUE">20100709</procdate><proctime Sync="TRUE">12154500</proctime></procstep><procstep><procdesc Sync="TRUE">Dataset copied.</procdesc><srcused Sync="TRUE">Server=SBGISSQL; Service=sde:sqlserver:sbgissql; Database=SBCSDE; User=sde_viewer; Version=sde.DEFAULT</srcused><procdate Sync="TRUE">20100715</procdate><proctime Sync="TRUE">19462900</proctime></procstep></lineage></dataqual><spdoinfo><direct>Vector</direct><ptvctinf><esriterm Name="CarpSaltMarsh_Parcel_Merge_KE1"><efeatyp Sync="TRUE">Simple</efeatyp><efeageom code="4" Sync="TRUE"></efeageom><esritopo Sync="TRUE">FALSE</esritopo><efeacnt Sync="TRUE">0</efeacnt><spindex Sync="TRUE">FALSE</spindex><linrefer Sync="TRUE">FALSE</linrefer></esriterm></ptvctinf></spdoinfo><spref><horizsys><planar><planci><plance>coordinate pair</plance><coordrep><absres>0.000000</absres><ordres>0.000000</ordres></coordrep><plandu>survey feet</plandu></planci></planar><geodetic><horizdn>North American Datum of 1983</horizdn><ellips>Geodetic Reference System 80</ellips><semiaxis>6378137.000000</semiaxis><denflat>298.257222</denflat></geodetic><cordsysn><geogcsn Sync="TRUE">GCS_North_American_1983</geogcsn><projcsn Sync="TRUE">NAD_1983_StatePlane_California_V_FIPS_0405_Feet</projcsn></cordsysn></horizsys><vertdef><altsys><altres>0.000010</altres><altenc>Explicit elevation coordinate included with horizontal coordinates</altenc></altsys></vertdef></spref><eainfo><detailed Name="CarpSaltMarsh_Parcel_Merge_KE1"><enttyp><enttypl>
parcels_layers2008_0531</enttypl><enttypd>polygons of tax assessment parcels</enttypd><enttypt Sync="TRUE">Feature Class</enttypt><enttypc Sync="TRUE">0</enttypc></enttyp><attr><attrlabl Sync="TRUE">FID</attrlabl><attalias Sync="TRUE">FID</attalias><attrtype Sync="TRUE">OID</attrtype><attwidth Sync="TRUE">4</attwidth><atprecis Sync="TRUE">0</atprecis><attscale Sync="TRUE">0</attscale><attrdef Sync="TRUE">Internal feature number.</attrdef><attrdefs Sync="TRUE">Esri</attrdefs><attrdomv><udom Sync="TRUE">Sequential unique whole numbers that are automatically generated.</udom></attrdomv></attr><attr><attrlabl Sync="TRUE">OBJECTID</attrlabl><attalias Sync="TRUE">OBJECTID</attalias><attrtype Sync="TRUE">Double</attrtype><attwidth Sync="TRUE">10</attwidth><atprecis Sync="TRUE">10</atprecis><attscale Sync="TRUE">0</attscale><attrdef Sync="TRUE">Internal feature number.</attrdef><attrdefs Sync="TRUE">ESRI</attrdefs><attrdomv><udom Sync="TRUE">Sequential unique whole numbers that are automatically generated.</udom></attrdomv></attr><attr><attrlabl>APN</attrlabl><attrdef>The key designator of a parcel polygon</attrdef><attalias Sync="TRUE">APN</attalias><attrtype Sync="TRUE">String</attrtype><attwidth Sync="TRUE">11</attwidth><atprecis Sync="TRUE">0</atprecis><attscale Sync="TRUE">0</attscale></attr><attr><attrlabl>Shape</attrlabl><attrdef>Feature geometry.</attrdef><attrdefs>ESRI</attrdefs><attrdomv><udom>Coordinates defining the features.</udom></attrdomv><attrtype Sync="TRUE">Geometry</attrtype><attwidth Sync="TRUE">0</attwidth><attalias Sync="TRUE">Shape</attalias><atprecis Sync="TRUE">0</atprecis><attscale Sync="TRUE">0</attscale></attr><attr><attrlabl Sync="TRUE">Layer</attrlabl><attalias Sync="TRUE">LAYER</attalias><attrtype Sync="TRUE">String</attrtype><attwidth Sync="TRUE">80</attwidth><atprecis Sync="TRUE">0</atprecis><attscale Sync="TRUE">0</attscale></attr><attr><attrlabl>ACREAGE</attrlabl><attrtype Sync="TRUE">Double</attrtype><attwidth Sync="TRUE">19</attwidth><attalias Sync="TRUE">ACREAGE</attalias><atprecis Sync="TRUE">18</atprecis><attscale Sync="TRUE">5</attscale></attr><attr><attrlabl>LANDUSE</attrlabl><attrtype Sync="TRUE">String</attrtype><attwidth Sync="TRUE">50</attwidth><attalias Sync="TRUE">LANDUSE</attalias><atprecis Sync="TRUE">0</atprecis><attscale Sync="TRUE">0</attscale></attr><attr><attrlabl>USECODE</attrlabl><attrtype Sync="TRUE">String</attrtype><attwidth Sync="TRUE">4</attwidth><attalias Sync="TRUE">USECODE</attalias><atprecis Sync="TRUE">0</atprecis><attscale Sync="TRUE">0</attscale></attr></detailed><overview><eaover>The key non-spatial attributes are the Assessor's Parcel Number (APN) which is the designator for the assessment bill, and the layer, which allows a more complex spatial relationship for display purposes, showing the condominium unit floor, or the generalized footprint of a mobile home, for instance. The Assessor roll information is joined to into this shape file creating additional non-spacial attributes. there are tables provided with the shape file that explain the codes provided in this data.</eaover></overview></eainfo><distinfo><resdesc>CD Mail Data
This CD includes Owner Names and Recorded Deed data which this County does not provide over the internet.</resdesc><distliab>Assessor claims no accuracy of the information.</distliab><stdorder><digform><digtinfo><transize>29.576</transize><dssize Sync="TRUE">30.069</dssize></digtinfo></digform></stdorder><custom>There is a form to mail or fax in at www.SBCAssessor.com
Attn: Mapping/GIS Section
There is a cost to produce and ship the CD of $17.50</custom><techpreq>GIS software</techpreq></distinfo><metainfo><metd>20080602</metd><metc><cntinfo><cntorgp><cntorg>Santa Barbara County Assesser, Clerk, Recorder</cntorg><cntper>Duane Gower</cntper></cntorgp><cntpos>Mapping/GIS Analyst Supervisor</cntpos><cntaddr><addrtype>REQUIRED: The mailing and/or physical address for the organization or individual.</addrtype><city>REQUIRED: The city of the address.</city><state>REQUIRED: The state or province of the address.</state><postal>REQUIRED: The ZIP or other postal code of the address.</postal></cntaddr><cntvoice>568-2550</cntvoice></cntinfo></metc><metstdn>FGDC Content Standards for Digital Geospatial Metadata</metstdn><metstdv>FGDC-STD-001-1998</metstdv><mettc>local time</mettc><metextns><onlink>http://www.esri.com/metadata/esriprof80.html</onlink><metprof>ESRI Metadata Profile</metprof></metextns><metextns><onlink>http://www.esri.com/metadata/esriprof80.html</onlink><metprof>ESRI Metadata Profile</metprof></metextns><metextns><onlink>http://www.esri.com/metadata/esriprof80.html</onlink><metprof>ESRI Metadata Profile</metprof></metextns><metextns><onlink>http://www.esri.com/metadata/esriprof80.html</onlink><metprof>ESRI Metadata Profile</metprof></metextns><metextns><onlink>http://www.esri.com/metadata/esriprof80.html</onlink><metprof>ESRI Metadata Profile</metprof></metextns><langmeta Sync="TRUE">en</langmeta></metainfo><dataIdInfo><envirDesc Sync="TRUE">Microsoft Windows 7 Version 6.1 (Build 7601) Service Pack 1; Esri ArcGIS 10.1.0.3035</envirDesc><dataLang><languageCode Sync="TRUE" value="eng"></languageCode><countryCode value="USA" Sync="TRUE"></countryCode></dataLang><idCitation><resTitle Sync="TRUE">CarpSaltMarsh_Parcel_Merge_KE1</resTitle><presForm><PresFormCd Sync="TRUE" value="005"></PresFormCd></presForm></idCitation><spatRpType><SpatRepTypCd Sync="TRUE" value="001"></SpatRepTypCd></spatRpType><dataExt><geoEle><GeoBndBox esriExtentType="native"><westBL Sync="TRUE">5760742.566324</westBL><eastBL Sync="TRUE">6128664.282907</eastBL><northBL Sync="TRUE">2234398.805099</northBL><southBL Sync="TRUE">1790543.548127</southBL><exTypeCode Sync="TRUE">1</exTypeCode></GeoBndBox></geoEle></dataExt><geoBox esriExtentType="decdegrees"><westBL Sync="TRUE">-120.678021</westBL><eastBL Sync="TRUE">-119.426986</eastBL><northBL Sync="TRUE">35.123559</northBL><southBL Sync="TRUE">33.88362</southBL><exTypeCode Sync="TRUE">1</exTypeCode></geoBox></dataIdInfo><mdLang><languageCode Sync="TRUE" value="eng"></languageCode><countryCode value="USA" Sync="TRUE"></countryCode></mdLang><mdStanName Sync="TRUE">ISO 19115 Geographic Information - Metadata</mdStanName><mdStanVer Sync="TRUE">DIS_ESRI1.0</mdStanVer><mdChar><CharSetCd Sync="TRUE" value="004"></CharSetCd></mdChar><mdHrLv><ScopeCd Sync="TRUE" value="005"></ScopeCd></mdHrLv><mdHrLvName Sync="TRUE">dataset</mdHrLvName><distInfo><distributor><distorTran><onLineSrc><orDesc Sync="TRUE">002</orDesc><linkage Sync="TRUE">file://</linkage><protocol Sync="TRUE">Local Area Network</protocol></onLineSrc><transSize Sync="TRUE">30.069</transSize></distorTran><distorFormat><formatName Sync="TRUE">SDE Feature Class</formatName></distorFormat></distributor><distFormat><formatName Sync="TRUE">Shapefile</formatName></distFormat><distTranOps><transSize Sync="TRUE">0.000</transSize></distTranOps></distInfo><refSysInfo><RefSystem><refSysID><identCode Sync="TRUE" value="2229">NAD_1983_StatePlane_California_V_FIPS_0405_Feet</identCode><idCodeSpace Sync="TRUE">EPSG</idCodeSpace><idVersion Sync="TRUE">7.9.4</idVersion></refSysID></RefSystem></refSysInfo><spatRepInfo><VectSpatRep><geometObjs Name="CarpSaltMarsh_Parcel_Merge_KE1"><geoObjTyp><GeoObjTypCd value="002" Sync="TRUE"></GeoObjTypCd></geoObjTyp><geoObjCnt Sync="TRUE">0</geoObjCnt></geometObjs><topLvl><TopoLevCd value="001" Sync="TRUE"></TopoLevCd></topLvl></VectSpatRep></spatRepInfo><Esri><SyncDate>20130429</SyncDate><SyncTime>12380700</SyncTime><ModDate>20130429</ModDate><ModTime>12380700</ModTime><CreaDate>20140414</CreaDate><CreaTime>13093900</CreaTime><SyncOnce>FALSE</SyncOnce><DataProperties><lineage><Process Name="Metadata Importer" ToolSource="C:\Program Files\ArcGIS\ArcToolbox\Toolboxes\Conversion Tools.tbx\MetadataImporter" Date="20090530" Time="145311">MetadataImporter "N:\Mapping_GIS Archives\Basemap_archives\DATA_2008_0630\parcels_layers2008_0630.shp" "M:\BASEMAP DISTRIBUTION\Parcels_LayerCURRENT.shp" "M:\BASEMAP DISTRIBUTION\Parcels_LayerCURRENT.shp"</Process><Process Name="Add Field" ToolSource="C:\Program Files\ArcGIS\ArcToolbox\Toolboxes\Data Management Tools.tbx\AddField" Date="20090530" Time="145401">AddField Parcels_LayerCURRENT_View M_ADDRESS1 TEXT # # # # NULLABLE NON_REQUIRED # Parcels_LayerCURRENT_View</Process><Process Name="Add Field (2)" ToolSource="C:\Program Files\ArcGIS\ArcToolbox\Toolboxes\Data Management Tools.tbx\AddField" Date="20090530" Time="145457">AddField Parcels_LayerCURRENT_View M_ADDRESS2 TEXT # # 50 # NULLABLE NON_REQUIRED # Parcels_LayerCURRENT_View</Process><Process Name="Calculate Field" ToolSource="C:\Program Files\ArcGIS\ArcToolbox\Toolboxes\Data Management Tools.tbx\CalculateField" Date="20090530" Time="150915">CalculateField Parcels_LayerCURRENT_View M_ADDRESS1 X VB "If isnull ( [MSTREET] ) or [MSTREET] = " " Then
      X= ( [MSTREET] )
Else
      X= ( [MNUMBER] &amp; " " &amp; [MDIR] &amp; " " &amp;  [MSTREET] &amp; " " &amp; [MFRAC] &amp; " " &amp; [MSTRSUFFIX] &amp; " " &amp; [MUNITTYPE] &amp; " " &amp; [MUNITNUMB] )
End If

" Parcels_LayerCURRENT_View</Process><Process Name="Calculate Field (2)" ToolSource="C:\Program Files\ArcGIS\ArcToolbox\Toolboxes\Data Management Tools.tbx\CalculateField" Date="20090530" Time="152053">CalculateField Parcels_LayerCURRENT_View M_ADDRESS2 "[MCITY] &amp; " " &amp; [MSTATE] &amp; " " &amp; [MZIP] &amp; " " &amp; [MZIPEXT]" VB # Parcels_LayerCURRENT_View</Process><Process Name="Calculate Field (3)" ToolSource="C:\Program Files\ArcGIS\ArcToolbox\Toolboxes\Data Management Tools.tbx\CalculateField" Date="20090530" Time="152214">CalculateField Parcels_LayerCURRENT_View M_ADDRESS1 Y VB "If ( [M_ADDRESS1] )= "PO BOX" Then
 Y= " "
End If

" Parcels_LayerCURRENT_View</Process><Process Name="Calculate Field (4)" ToolSource="C:\Program Files\ArcGIS\ArcToolbox\Toolboxes\Data Management Tools.tbx\CalculateField" Date="20090530" Time="153425">CalculateField Parcels_LayerCURRENT_View M_ADDRESS1 X VB "If (isnull ( [MSTREET] ) or [MSTREET] = "" or [MSTREET] = " ")  and (isnull ( [M_ADDRESS1] ) or [M_ADDRESS1] = "" or [M_ADDRESS1] = " ") and ( [POBOX] &lt;&gt; "") Then
      X= ("PO BOX" &amp; " " &amp; [POBOX] )
Else
      X= ( [MNUMBER] &amp; " " &amp; [MDIR] &amp; " " &amp;  [MSTREET] &amp; " " &amp; [MFRAC] &amp; " " &amp; [MSTRSUFFIX] &amp; "  " &amp; [MUNITTYPE] &amp; " " &amp; [MUNITNUMB] )
End If





" Parcels_LayerCURRENT_View</Process><Process Name="Calculate Field (5)" ToolSource="C:\Program Files\ArcGIS\ArcToolbox\Toolboxes\Data Management Tools.tbx\CalculateField" Date="20090530" Time="154609">CalculateField Parcels_LayerCURRENT_View M_ADDRESS1 "LTrim ( [M_ADDRESS1] )" VB # Parcels_LayerCURRENT_View</Process><Process Name="Calculate Field (6)" ToolSource="C:\Program Files\ArcGIS\ArcToolbox\Toolboxes\Data Management Tools.tbx\CalculateField" Date="20090530" Time="155723">CalculateField Parcels_LayerCURRENT_View M_ADDRESS1 X VB "If [M_ADDRESS1] = "PO BOX"  Then
   
X= ""

End If




" Parcels_LayerCURRENT_View</Process><Process Name="Add Attribute Index" ToolSource="C:\Program Files\ArcGIS\ArcToolbox\Toolboxes\Data Management Tools.tbx\AddIndex" Date="20090530" Time="155809">AddIndex Parcels_LayerCURRENT_View APN # NON_UNIQUE NON_ASCENDING Parcels_LayerCURRENT_View</Process><Process Name="Metadata Importer" ToolSource="C:\Program Files\ArcGIS\ArcToolbox\Toolboxes\Conversion Tools.tbx\MetadataImporter" Date="20100709" Time="115159">MetadataImporter S:\Data_Library\Parcels_(AS)\AssessorParcels_metadata.xml S:\Data_Library\Parcels_(AS)\AssessorParcelsCURRENT.shp S:\Data_Library\Parcels_(AS)\AssessorParcelsCURRENT.shp</Process><Process ToolSource="C:\Program Files\ArcGIS\ArcToolbox\Toolboxes\Conversion Tools.tbx\FeatureClassToFeatureClass" Date="20100715" Time="145816">FeatureClassToFeatureClass S:\Data_Library\Parcels_(AS)\AssessorParcels2010_0709.shp "Database Connections\Connection to SBGISSQL_GIO.sde\SBCSDE.GIO.admin_assessor" assessor_parcels # "APN 'APN' true true false 11 Text 0 0 ,First,#,S:\Data_Library\Parcels_(AS)\AssessorParcels2010_0709.shp,APN,-1,-1;LAYER 'LAYER' true true false 80 Text 0 0 ,First,#,S:\Data_Library\Parcels_(AS)\AssessorParcels2010_0709.shp,LAYER,-1,-1;OWNER 'OWNER' true true false 100 Text 0 0 ,First,#,S:\Data_Library\Parcels_(AS)\AssessorParcels2010_0709.shp,OWNER,-1,-1;PERCENT_ 'PERCENT_' true true false 19 Double 5 18 ,First,#,S:\Data_Library\Parcels_(AS)\AssessorParcels2010_0709.shp,PERCENT,-1,-1;CONOWNER 'CONOWNER' true true false 100 Text 0 0 ,First,#,S:\Data_Library\Parcels_(AS)\AssessorParcels2010_0709.shp,CONOWNER,-1,-1;SITUS1 'SITUS1' true true false 35 Text 0 0 ,First,#,S:\Data_Library\Parcels_(AS)\AssessorParcels2010_0709.shp,SITUS1,-1,-1;SITUS2 'SITUS2' true true false 30 Text 0 0 ,First,#,S:\Data_Library\Parcels_(AS)\AssessorParcels2010_0709.shp,SITUS2,-1,-1;ACREAGE 'ACREAGE' true true false 19 Double 5 18 ,First,#,S:\Data_Library\Parcels_(AS)\AssessorParcels2010_0709.shp,ACREAGE,-1,-1;LANDUSE 'LANDUSE' true true false 50 Text 0 0 ,First,#,S:\Data_Library\Parcels_(AS)\AssessorParcels2010_0709.shp,LANDUSE,-1,-1;USECODE 'USECODE' true true false 4 Text 0 0 ,First,#,S:\Data_Library\Parcels_(AS)\AssessorParcels2010_0709.shp,USECODE,-1,-1;TRA 'TRA' true true false 6 Text 0 0 ,First,#,S:\Data_Library\Parcels_(AS)\AssessorParcels2010_0709.shp,TRA,-1,-1;DOCNUM 'DOCNUM' true true false 10 Text 0 0 ,First,#,S:\Data_Library\Parcels_(AS)\AssessorParcels2010_0709.shp,DOCNUM,-1,-1;DOCDATE 'DOCDATE' true true false 8 Date 0 0 ,First,#,S:\Data_Library\Parcels_(AS)\AssessorParcels2010_0709.shp,DOCDATE,-1,-1;PCTTRANSF 'PCTTRANSF' true true false 19 Double 5 18 ,First,#,S:\Data_Library\Parcels_(AS)\AssessorParcels2010_0709.shp,PCTTRANSF,-1,-1;VALREASON 'VALREASON' true true false 4 Text 0 0 ,First,#,S:\Data_Library\Parcels_(AS)\AssessorParcels2010_0709.shp,VALREASON,-1,-1;NONTAXCODE 'NONTAXCODE' true true false 2 Text 0 0 ,First,#,S:\Data_Library\Parcels_(AS)\AssessorParcels2010_0709.shp,NONTAXCODE,-1,-1;SBENO 'SBENO' true true false 50 Text 0 0 ,First,#,S:\Data_Library\Parcels_(AS)\AssessorParcels2010_0709.shp,SBENO,-1,-1;AGPRES 'AGPRES' true true false 10 Text 0 0 ,First,#,S:\Data_Library\Parcels_(AS)\AssessorParcels2010_0709.shp,AGPRES,-1,-1;LANDVALUE 'LANDVALUE' true true false 19 Double 5 18 ,First,#,S:\Data_Library\Parcels_(AS)\AssessorParcels2010_0709.shp,LANDVALUE,-1,-1;STRIMPR 'STRIMPR' true true false 19 Double 5 18 ,First,#,S:\Data_Library\Parcels_(AS)\AssessorParcels2010_0709.shp,STRIMPR,-1,-1;TRADEFIX 'TRADEFIX' true true false 19 Double 5 18 ,First,#,S:\Data_Library\Parcels_(AS)\AssessorParcels2010_0709.shp,TRADEFIX,-1,-1;LIVIMPR 'LIVIMPR' true true false 19 Double 5 18 ,First,#,S:\Data_Library\Parcels_(AS)\AssessorParcels2010_0709.shp,LIVIMPR,-1,-1;PERPROPDEC 'PERPROPDEC' true true false 19 Double 5 18 ,First,#,S:\Data_Library\Parcels_(AS)\AssessorParcels2010_0709.shp,PERPROPDEC,-1,-1;PERSPROPUN 'PERSPROPUN' true true false 19 Double 5 18 ,First,#,S:\Data_Library\Parcels_(AS)\AssessorParcels2010_0709.shp,PERSPROPUN,-1,-1;MOBILEHOME 'MOBILEHOME' true true false 19 Double 5 18 ,First,#,S:\Data_Library\Parcels_(AS)\AssessorParcels2010_0709.shp,MOBILEHOME,-1,-1;EXEMPTIONS 'EXEMPTIONS' true true false 19 Double 5 18 ,First,#,S:\Data_Library\Parcels_(AS)\AssessorParcels2010_0709.shp,EXEMPTIONS,-1,-1;EXEMPCODE 'EXEMPCODE' true true false 3 Text 0 0 ,First,#,S:\Data_Library\Parcels_(AS)\AssessorParcels2010_0709.shp,EXEMPCODE,-1,-1;HOMEOWEX 'HOMEOWEX' true true false 19 Double 5 18 ,First,#,S:\Data_Library\Parcels_(AS)\AssessorParcels2010_0709.shp,HOMEOWEX,-1,-1;NETSECVAL 'NETSECVAL' true true false 19 Double 5 18 ,First,#,S:\Data_Library\Parcels_(AS)\AssessorParcels2010_0709.shp,NETSECVAL,-1,-1;NET_IMPR 'NET_IMPR' true true false 19 Double 5 18 ,First,#,S:\Data_Library\Parcels_(AS)\AssessorParcels2010_0709.shp,NET_IMPR,-1,-1;NET_PERS 'NET_PERS' true true false 19 Double 5 18 ,First,#,S:\Data_Library\Parcels_(AS)\AssessorParcels2010_0709.shp,NET_PERS,-1,-1;NET_UNX 'NET_UNX' true true false 19 Double 5 18 ,First,#,S:\Data_Library\Parcels_(AS)\AssessorParcels2010_0709.shp,NET_UNX,-1,-1;NET_AV 'NET_AV' true true false 19 Double 5 18 ,First,#,S:\Data_Library\Parcels_(AS)\AssessorParcels2010_0709.shp,NET_AV,-1,-1;MAILX1 'MAILX1' true true false 50 Text 0 0 ,First,#,S:\Data_Library\Parcels_(AS)\AssessorParcels2010_0709.shp,MAILX1,-1,-1;MAILX2 'MAILX2' true true false 50 Text 0 0 ,First,#,S:\Data_Library\Parcels_(AS)\AssessorParcels2010_0709.shp,MAILX2,-1,-1;MNUMBER 'MNUMBER' true true false 6 Text 0 0 ,First,#,S:\Data_Library\Parcels_(AS)\AssessorParcels2010_0709.shp,MNUMBER,-1,-1;MFRAC 'MFRAC' true true false 4 Text 0 0 ,First,#,S:\Data_Library\Parcels_(AS)\AssessorParcels2010_0709.shp,MFRAC,-1,-1;MDIR 'MDIR' true true false 2 Text 0 0 ,First,#,S:\Data_Library\Parcels_(AS)\AssessorParcels2010_0709.shp,MDIR,-1,-1;MSTREET 'MSTREET' true true false 50 Text 0 0 ,First,#,S:\Data_Library\Parcels_(AS)\AssessorParcels2010_0709.shp,MSTREET,-1,-1;MSTRSUFFIX 'MSTRSUFFIX' true true false 4 Text 0 0 ,First,#,S:\Data_Library\Parcels_(AS)\AssessorParcels2010_0709.shp,MSTRSUFFIX,-1,-1;MUNITTYPE 'MUNITTYPE' true true false 4 Text 0 0 ,First,#,S:\Data_Library\Parcels_(AS)\AssessorParcels2010_0709.shp,MUNITTYPE,-1,-1;MUNITNUMB 'MUNITNUMB' true true false 8 Text 0 0 ,First,#,S:\Data_Library\Parcels_(AS)\AssessorParcels2010_0709.shp,MUNITNUMB,-1,-1;POBOX 'POBOX' true true false 20 Text 0 0 ,First,#,S:\Data_Library\Parcels_(AS)\AssessorParcels2010_0709.shp,POBOX,-1,-1;MCITY 'MCITY' true true false 30 Text 0 0 ,First,#,S:\Data_Library\Parcels_(AS)\AssessorParcels2010_0709.shp,MCITY,-1,-1;MZIP 'MZIP' true true false 5 Text 0 0 ,First,#,S:\Data_Library\Parcels_(AS)\AssessorParcels2010_0709.shp,MZIP,-1,-1;MZIPEXT 'MZIPEXT' true true false 4 Text 0 0 ,First,#,S:\Data_Library\Parcels_(AS)\AssessorParcels2010_0709.shp,MZIPEXT,-1,-1;MSTATE 'MSTATE' true true false 50 Text 0 0 ,First,#,S:\Data_Library\Parcels_(AS)\AssessorParcels2010_0709.shp,MSTATE,-1,-1;COUNTRY 'COUNTRY' true true false 50 Text 0 0 ,First,#,S:\Data_Library\Parcels_(AS)\AssessorParcels2010_0709.shp,COUNTRY,-1,-1;SNUM 'SNUM' true true false 6 Text 0 0 ,First,#,S:\Data_Library\Parcels_(AS)\AssessorParcels2010_0709.shp,SNUM,-1,-1;SFRA 'SFRA' true true false 4 Text 0 0 ,First,#,S:\Data_Library\Parcels_(AS)\AssessorParcels2010_0709.shp,SFRA,-1,-1;SDIR 'SDIR' true true false 2 Text 0 0 ,First,#,S:\Data_Library\Parcels_(AS)\AssessorParcels2010_0709.shp,SDIR,-1,-1;SSTREET 'SSTREET' true true false 50 Text 0 0 ,First,#,S:\Data_Library\Parcels_(AS)\AssessorParcels2010_0709.shp,SSTREET,-1,-1;SSTREETSUF 'SSTREETSUF' true true false 4 Text 0 0 ,First,#,S:\Data_Library\Parcels_(AS)\AssessorParcels2010_0709.shp,SSTREETSUF,-1,-1;SUNITTYPE 'SUNITTYPE' true true false 4 Text 0 0 ,First,#,S:\Data_Library\Parcels_(AS)\AssessorParcels2010_0709.shp,SUNITTYPE,-1,-1;SUNITNUMB 'SUNITNUMB' true true false 8 Text 0 0 ,First,#,S:\Data_Library\Parcels_(AS)\AssessorParcels2010_0709.shp,SUNITNUMB,-1,-1;SCITY 'SCITY' true true false 30 Text 0 0 ,First,#,S:\Data_Library\Parcels_(AS)\AssessorParcels2010_0709.shp,SCITY,-1,-1;SZIP 'SZIP' true true false 5 Text 0 0 ,First,#,S:\Data_Library\Parcels_(AS)\AssessorParcels2010_0709.shp,SZIP,-1,-1;SZIPEXT 'SZIPEXT' true true false 4 Text 0 0 ,First,#,S:\Data_Library\Parcels_(AS)\AssessorParcels2010_0709.shp,SZIPEXT,-1,-1;M_ADDRESS1 'M_ADDRESS1' true true false 60 Text 0 0 ,First,#,S:\Data_Library\Parcels_(AS)\AssessorParcels2010_0709.shp,M_ADDRESS1,-1,-1;M_ADDRESS2 'M_ADDRESS2' true true false 50 Text 0 0 ,First,#,S:\Data_Library\Parcels_(AS)\AssessorParcels2010_0709.shp,M_ADDRESS2,-1,-1" # "Database Connections\Connection to SBGISSQL_GIO.sde\SBCSDE.GIO.admin_assessor\SBCSDE.GIO.assessor_parcels"</Process><Process ToolSource="c:\program files (x86)\arcgis\desktop10.1\ArcToolbox\Toolboxes\Data Management Tools.tbx\DeleteField" Date="20130429" Time="120619">DeleteField Carp_KE_Selection SITUS1;SITUS2;TRA;NONTAXCODE;SBENO;AGPRES;LANDVALUE;STRIMPR;TRADEFIX;LIVIMPR;PERPROPDEC;PERSPROPUN;MOBILEHOME;EXEMPTIONS;HOMEOWEX;NETSECVAL;NET_IMPR;NET_PERS;NET_UNX;NET_AV;MNUMBER;MFRAC;MDIR;MSTREET;MSTRSUFFIX;MUNITTYPE;MUNITNUMB;POBOX;MCITY;MZIP;MZIPEXT;MSTATE;COUNTRY;SNUM;SFRA;SDIR;SSTREET;SSTREETSUF;SUNITTYPE;SUNITNUMB;SCITY;SZIP;M_ADDRESS1;Shape_area</Process><Process ToolSource="c:\program files (x86)\arcgis\desktop10.1\ArcToolbox\Toolboxes\Data Management Tools.tbx\Merge" Date="20130429" Time="123807">Merge 'Parcel_layers2010_0709 selection';CarpSaltMarsh_Parcel_Merge_KE "C:\Users\Kelly\Desktop\UC Reserve System\Kevin Data\NRS_FINAL04_19_2013\KE_EDITS\KE_EDITING\CarpSaltMarsh_Parcel_Merge_KE1.shp" "OBJECTID "OBJECTID" true true false 10 Double 0 10 ,First,#,Parcel_layers2010_0709 selection,OBJECTID,-1,-1,CarpSaltMarsh_Parcel_Merge_KE,OBJECTID,-1,-1;APN "APN" true true false 11 Text 0 0 ,First,#,Parcel_layers2010_0709 selection,APN,-1,-1,CarpSaltMarsh_Parcel_Merge_KE,APN,-1,-1;LAYER "LAYER" true true false 80 Text 0 0 ,First,#,Parcel_layers2010_0709 selection,LAYER,-1,-1,CarpSaltMarsh_Parcel_Merge_KE,LAYER,-1,-1;ACREAGE "ACREAGE" true true false 19 Double 5 18 ,First,#,Parcel_layers2010_0709 selection,ACREAGE,-1,-1,CarpSaltMarsh_Parcel_Merge_KE,ACREAGE,-1,-1;LANDUSE "LANDUSE" true true false 50 Text 0 0 ,First,#,Parcel_layers2010_0709 selection,LANDUSE,-1,-1,CarpSaltMarsh_Parcel_Merge_KE,LANDUSE,-1,-1;USECODE "USECODE" true true false 4 Text 0 0 ,First,#,Parcel_layers2010_0709 selection,USECODE,-1,-1,CarpSaltMarsh_Parcel_Merge_KE,USECODE,-1,-1"</Process><Process ToolSource="c:\program files (x86)\arcgis\desktop10.1\ArcToolbox\Toolboxes\Data Management Tools.tbx\AddField" Date="20130528" Time="155206">AddField "C:\Users\Easterday\Dropbox\UC Reserves\Kevin Data\NRS_FINAL04_19_2013\KE_EDITS\KE_EDITING\Carpenteria_Editing\CArp\CarpSaltMarsh_Boundary.shp" NAME TEXT # # # # NULLABLE NON_REQUIRED #</Process><Process ToolSource="c:\program files (x86)\arcgis\desktop10.1\ArcToolbox\Toolboxes\Data Management Tools.tbx\AddField" Date="20130528" Time="155206">AddField "C:\Users\Easterday\Dropbox\UC Reserves\Kevin Data\NRS_FINAL04_19_2013\KE_EDITS\KE_EDITING\Carpenteria_Editing\CArp\CarpSaltMarsh_Boundary.shp" RESERVEID DOUBLE # # # # NULLABLE NON_REQUIRED #</Process><Process ToolSource="c:\program files (x86)\arcgis\desktop10.1\ArcToolbox\Toolboxes\Data Management Tools.tbx\AddField" Date="20130528" Time="155206">AddField "C:\Users\Easterday\Dropbox\UC Reserves\Kevin Data\NRS_FINAL04_19_2013\KE_EDITS\KE_EDITING\Carpenteria_Editing\CArp\CarpSaltMarsh_Boundary.shp" CAMPUS TEXT # # # # NULLABLE NON_REQUIRED #</Process><Process ToolSource="c:\program files (x86)\arcgis\desktop10.1\ArcToolbox\Toolboxes\Data Management Tools.tbx\AddField" Date="20130528" Time="155206">AddField "C:\Users\Easterday\Dropbox\UC Reserves\Kevin Data\NRS_FINAL04_19_2013\KE_EDITS\KE_EDITING\Carpenteria_Editing\CArp\CarpSaltMarsh_Boundary.shp" CAMPUSID DOUBLE # # # # NULLABLE NON_REQUIRED #</Process><Process ToolSource="c:\program files (x86)\arcgis\desktop10.1\ArcToolbox\Toolboxes\Data Management Tools.tbx\AddField" Date="20130528" Time="155206">AddField "C:\Users\Easterday\Dropbox\UC Reserves\Kevin Data\NRS_FINAL04_19_2013\KE_EDITS\KE_EDITING\Carpenteria_Editing\CArp\CarpSaltMarsh_Boundary.shp" COUNTY TEXT # # # # NULLABLE NON_REQUIRED #</Process><Process ToolSource="c:\program files (x86)\arcgis\desktop10.1\ArcToolbox\Toolboxes\Data Management Tools.tbx\AddField" Date="20130528" Time="155206">AddField "C:\Users\Easterday\Dropbox\UC Reserves\Kevin Data\NRS_FINAL04_19_2013\KE_EDITS\KE_EDITING\Carpenteria_Editing\CArp\CarpSaltMarsh_Boundary.shp" COUNTYID DOUBLE # # # # NULLABLE NON_REQUIRED #</Process><Process ToolSource="c:\program files (x86)\arcgis\desktop10.1\ArcToolbox\Toolboxes\Data Management Tools.tbx\Project" Date="20140414" Time="130937">Project C:/Users/Kelly/Desktop/All\CarpSaltMarsh_Boundary.shp C:/Users/Kelly/Desktop/All\CarpSaltMarsh_Boundary_prj_.shp PROJCS['NAD_1983_California_Teale_Albers',GEOGCS['GCS_North_American_1983',DATUM['D_North_American_1983',SPHEROID['GRS_1980',6378137.0,298.257222101]],PRIMEM['Greenwich',0.0],UNIT['Degree',0.0174532925199433]],PROJECTION['Albers'],PARAMETER['False_Easting',0.0],PARAMETER['False_Northing',-4000000.0],PARAMETER['Central_Meridian',-120.0],PARAMETER['Standard_Parallel_1',34.0],PARAMETER['Standard_Parallel_2',40.5],PARAMETER['Latitude_Of_Origin',0.0],UNIT['Meter',1.0]] # PROJCS['NAD_1983_StatePlane_California_V_FIPS_0405_Feet',GEOGCS['GCS_North_American_1983',DATUM['D_North_American_1983',SPHEROID['GRS_1980',6378137.0,298.257222101]],PRIMEM['Greenwich',0.0],UNIT['Degree',0.0174532925199433]],PROJECTION['Lambert_Conformal_Conic'],PARAMETER['False_Easting',6561666.666666666],PARAMETER['False_Northing',1640416.666666667],PARAMETER['Central_Meridian',-118.0],PARAMETER['Standard_Parallel_1',34.03333333333333],PARAMETER['Standard_Parallel_2',35.46666666666667],PARAMETER['Latitude_Of_Origin',33.5],UNIT['Foot_US',0.3048006096012192]]</Process><Process ToolSource="c:\program files (x86)\arcgis\desktop10.1\ArcToolbox\Toolboxes\Data Management Tools.tbx\Project" Date="20140414" Time="130939">Project C:/Users/Kelly/Desktop/All\CarpSaltMarsh_Boundary_prj_.shp C:/Users/Kelly/Desktop/All\CarpSaltMarsh_Boundary_prj__prj_.shp PROJCS['NAD_1983_California_Teale_Albers',GEOGCS['GCS_North_American_1983',DATUM['D_North_American_1983',SPHEROID['GRS_1980',6378137.0,298.257222101]],PRIMEM['Greenwich',0.0],UNIT['Degree',0.0174532925199433]],PROJECTION['Albers'],PARAMETER['False_Easting',0.0],PARAMETER['False_Northing',-4000000.0],PARAMETER['Central_Meridian',-120.0],PARAMETER['Standard_Parallel_1',34.0],PARAMETER['Standard_Parallel_2',40.5],PARAMETER['Latitude_Of_Origin',0.0],UNIT['Meter',1.0]] # PROJCS['NAD_1983_California_Teale_Albers',GEOGCS['GCS_North_American_1983',DATUM['D_North_American_1983',SPHEROID['GRS_1980',6378137.0,298.257222101]],PRIMEM['Greenwich',0.0],UNIT['Degree',0.0174532925199433]],PROJECTION['Albers'],PARAMETER['False_Easting',0.0],PARAMETER['False_Northing',-4000000.0],PARAMETER['Central_Meridian',-120.0],PARAMETER['Standard_Parallel_1',34.0],PARAMETER['Standard_Parallel_2',40.5],PARAMETER['Latitude_Of_Origin',0.0],UNIT['Meter',1.0]]</Process></lineage><itemProps><itemLocation><linkage Sync="TRUE">file://\\AMY\C$\Users\Easterday\Dropbox\Shapefiles (2)\Carpinteria_KE_Both_Completed\CarpSaltMarsh_Boundary</linkage><protocol Sync="TRUE">Local Area Network</protocol></itemLocation><itemName Sync="TRUE">CarpSaltMarsh_Parcel_Merge_KE1</itemName><imsContentType Sync="TRUE">002</imsContentType><itemSize Sync="TRUE">0.000</itemSize></itemProps><copyHistory><copy source="C:\Users\Easterday\Dropbox\UC Reserves\Kevin Data\NRS_FINAL04_19_2013\KE_EDITS\KE_FINAL\CSMR\CarpSaltMarsh_Boundary" dest="\\AMY\C$\Users\Easterday\Dropbox\Shapefiles (2)\Carpinteria_KE_Both_Completed\CarpSaltMarsh_Boundary" date="20130528" time="15563800"></copy></copyHistory><coordRef><type Sync="TRUE">Projected</type><geogcsn Sync="TRUE">GCS_North_American_1983</geogcsn><csUnits Sync="TRUE">Linear Unit: Foot_US (0.304801)</csUnits><projcsn Sync="TRUE">NAD_1983_StatePlane_California_V_FIPS_0405_Feet</projcsn><peXml Sync="TRUE">&lt;ProjectedCoordinateSystem xsi:type='typens:ProjectedCoordinateSystem' xmlns:xsi='http://www.w3.org/2001/XMLSchema-instance' xmlns:xs='http://www.w3.org/2001/XMLSchema' xmlns:typens='http://www.esri.com/schemas/ArcGIS/10.1'&gt;&lt;WKT&gt;PROJCS[&amp;quot;NAD_1983_StatePlane_California_V_FIPS_0405_Feet&amp;quot;,GEOGCS[&amp;quot;GCS_North_American_1983&amp;quot;,DATUM[&amp;quot;D_North_American_1983&amp;quot;,SPHEROID[&amp;quot;GRS_1980&amp;quot;,6378137.0,298.257222101]],PRIMEM[&amp;quot;Greenwich&amp;quot;,0.0],UNIT[&amp;quot;Degree&amp;quot;,0.0174532925199433]],PROJECTION[&amp;quot;Lambert_Conformal_Conic&amp;quot;],PARAMETER[&amp;quot;False_Easting&amp;quot;,6561666.666666666],PARAMETER[&amp;quot;False_Northing&amp;quot;,1640416.666666667],PARAMETER[&amp;quot;Central_Meridian&amp;quot;,-118.0],PARAMETER[&amp;quot;Standard_Parallel_1&amp;quot;,34.03333333333333],PARAMETER[&amp;quot;Standard_Parallel_2&amp;quot;,35.46666666666667],PARAMETER[&amp;quot;Latitude_Of_Origin&amp;quot;,33.5],UNIT[&amp;quot;Foot_US&amp;quot;,0.3048006096012192],AUTHORITY[&amp;quot;EPSG&amp;quot;,2229]]&lt;/WKT&gt;&lt;XOrigin&gt;-117608900&lt;/XOrigin&gt;&lt;YOrigin&gt;-91881400&lt;/YOrigin&gt;&lt;XYScale&gt;36269466.692146368&lt;/XYScale&gt;&lt;ZOrigin&gt;-100000&lt;/ZOrigin&gt;&lt;ZScale&gt;10000&lt;/ZScale&gt;&lt;MOrigin&gt;-100000&lt;/MOrigin&gt;&lt;MScale&gt;10000&lt;/MScale&gt;&lt;XYTolerance&gt;0.0032808333333333331&lt;/XYTolerance&gt;&lt;ZTolerance&gt;0.001&lt;/ZTolerance&gt;&lt;MTolerance&gt;0.001&lt;/MTolerance&gt;&lt;HighPrecision&gt;true&lt;/HighPrecision&gt;&lt;WKID&gt;102645&lt;/WKID&gt;&lt;LatestWKID&gt;2229&lt;/LatestWKID&gt;&lt;/ProjectedCoordinateSystem&gt;</peXml></coordRef></DataProperties><ArcGISFormat>1.0</ArcGISFormat></Esri><mdDateSt Sync="TRUE">20130429</mdDateSt></metadata>
