<?xml version="1.0" encoding="UTF-8"?>
<metadata xml:lang="en"><Esri><CreaDate>20140414</CreaDate><CreaTime>13113600</CreaTime><ArcGISFormat>1.0</ArcGISFormat><SyncOnce>TRUE</SyncOnce><DataProperties><lineage><Process ToolSource="c:\program files (x86)\arcgis\desktop10.1\ArcToolbox\Toolboxes\Data Management Tools.tbx\DefineProjection" Date="20130521" Time="141454">DefineProjection SantaCruz_Parcels PROJCS['NAD_1983_StatePlane_California_V_FIPS_0405_Feet',GEOGCS['GCS_North_American_1983',DATUM['D_North_American_1983',SPHEROID['GRS_1980',6378137.0,298.257222101]],PRIMEM['Greenwich',0.0],UNIT['Degree',0.0174532925199433]],PROJECTION['Lambert_Conformal_Conic'],PARAMETER['False_Easting',6561666.666666666],PARAMETER['False_Northing',1640416.666666667],PARAMETER['Central_Meridian',-118.0],PARAMETER['Standard_Parallel_1',34.03333333333333],PARAMETER['Standard_Parallel_2',35.46666666666667],PARAMETER['Latitude_Of_Origin',33.5],UNIT['Foot_US',0.3048006096012192]]</Process><Process ToolSource="c:\program files (x86)\arcgis\desktop10.1\ArcToolbox\Toolboxes\Data Management Tools.tbx\Project" Date="20130521" Time="141531">Project SantaCruz_Parcels "C:\Users\Easterday\Dropbox\UC Reserves\Kevin Data\NRS_FINAL04_19_2013\KE_EDITS\KE_EDITING\SantaCruz_Editing\SantaCruz_Parcels_proj.shp" PROJCS['NAD_1983_StatePlane_California_V_FIPS_0405_Feet',GEOGCS['GCS_North_American_1983',DATUM['D_North_American_1983',SPHEROID['GRS_1980',6378137.0,298.257222101]],PRIMEM['Greenwich',0.0],UNIT['Degree',0.0174532925199433]],PROJECTION['Lambert_Conformal_Conic'],PARAMETER['False_Easting',6561666.666666666],PARAMETER['False_Northing',1640416.666666667],PARAMETER['Central_Meridian',-118.0],PARAMETER['Standard_Parallel_1',34.03333333333333],PARAMETER['Standard_Parallel_2',35.46666666666667],PARAMETER['Latitude_Of_Origin',33.5],UNIT['Foot_US',0.3048006096012192]] # PROJCS['NAD_1983_StatePlane_California_V_FIPS_0405_Feet',GEOGCS['GCS_North_American_1983',DATUM['D_North_American_1983',SPHEROID['GRS_1980',6378137.0,298.257222101]],PRIMEM['Greenwich',0.0],UNIT['Degree',0.0174532925199433]],PROJECTION['Lambert_Conformal_Conic'],PARAMETER['False_Easting',6561666.666666666],PARAMETER['False_Northing',1640416.666666667],PARAMETER['Central_Meridian',-118.0],PARAMETER['Standard_Parallel_1',34.03333333333333],PARAMETER['Standard_Parallel_2',35.46666666666667],PARAMETER['Latitude_Of_Origin',33.5],UNIT['Foot_US',0.3048006096012192]]</Process><Process ToolSource="c:\program files (x86)\arcgis\desktop10.1\ArcToolbox\Toolboxes\Data Management Tools.tbx\AddField" Date="20130603" Time="141518">AddField "C:\Users\Easterday\Dropbox\UC Reserves\Kevin Data\NRS_FINAL04_19_2013\KE_EDITS\KE_EDITING\_Parcel_addAttributes_DB\SantaCruzIsland_Parcels.shp" AGNCY_NAME TEXT # # # # NULLABLE NON_REQUIRED #</Process><Process ToolSource="c:\program files (x86)\arcgis\desktop10.1\ArcToolbox\Toolboxes\Data Management Tools.tbx\AddField" Date="20130603" Time="141518">AddField "C:\Users\Easterday\Dropbox\UC Reserves\Kevin Data\NRS_FINAL04_19_2013\KE_EDITS\KE_EDITING\_Parcel_addAttributes_DB\SantaCruzIsland_Parcels.shp" UNIT_NAME TEXT # # # # NULLABLE NON_REQUIRED #</Process><Process ToolSource="c:\program files (x86)\arcgis\desktop10.1\ArcToolbox\Toolboxes\Data Management Tools.tbx\AddField" Date="20130603" Time="141518">AddField "C:\Users\Easterday\Dropbox\UC Reserves\Kevin Data\NRS_FINAL04_19_2013\KE_EDITS\KE_EDITING\_Parcel_addAttributes_DB\SantaCruzIsland_Parcels.shp" ACCESS_TYP TEXT # # # # NULLABLE NON_REQUIRED #</Process><Process ToolSource="c:\program files (x86)\arcgis\desktop10.1\ArcToolbox\Toolboxes\Data Management Tools.tbx\AddField" Date="20130603" Time="141518">AddField "C:\Users\Easterday\Dropbox\UC Reserves\Kevin Data\NRS_FINAL04_19_2013\KE_EDITS\KE_EDITING\_Parcel_addAttributes_DB\SantaCruzIsland_Parcels.shp" COUNTY TEXT # # # # NULLABLE NON_REQUIRED #</Process><Process ToolSource="c:\program files (x86)\arcgis\desktop10.1\ArcToolbox\Toolboxes\Data Management Tools.tbx\AddField" Date="20130603" Time="141518">AddField "C:\Users\Easterday\Dropbox\UC Reserves\Kevin Data\NRS_FINAL04_19_2013\KE_EDITS\KE_EDITING\_Parcel_addAttributes_DB\SantaCruzIsland_Parcels.shp" AGNCY_LEV TEXT # # # # NULLABLE NON_REQUIRED #</Process><Process ToolSource="c:\program files (x86)\arcgis\desktop10.1\ArcToolbox\Toolboxes\Data Management Tools.tbx\AddField" Date="20130603" Time="141518">AddField "C:\Users\Easterday\Dropbox\UC Reserves\Kevin Data\NRS_FINAL04_19_2013\KE_EDITS\KE_EDITING\_Parcel_addAttributes_DB\SantaCruzIsland_Parcels.shp" AGNCY_WEB TEXT # # # # NULLABLE NON_REQUIRED #</Process><Process ToolSource="c:\program files (x86)\arcgis\desktop10.1\ArcToolbox\Toolboxes\Data Management Tools.tbx\AddField" Date="20130603" Time="141519">AddField "C:\Users\Easterday\Dropbox\UC Reserves\Kevin Data\NRS_FINAL04_19_2013\KE_EDITS\KE_EDITING\_Parcel_addAttributes_DB\SantaCruzIsland_Parcels.shp" SITE_WEB TEXT # # # # NULLABLE NON_REQUIRED #</Process><Process ToolSource="c:\program files (x86)\arcgis\desktop10.1\ArcToolbox\Toolboxes\Data Management Tools.tbx\AddField" Date="20130603" Time="141519">AddField "C:\Users\Easterday\Dropbox\UC Reserves\Kevin Data\NRS_FINAL04_19_2013\KE_EDITS\KE_EDITING\_Parcel_addAttributes_DB\SantaCruzIsland_Parcels.shp" LAYER TEXT # # # # NULLABLE NON_REQUIRED #</Process><Process ToolSource="c:\program files (x86)\arcgis\desktop10.1\ArcToolbox\Toolboxes\Data Management Tools.tbx\AddField" Date="20130603" Time="141519">AddField "C:\Users\Easterday\Dropbox\UC Reserves\Kevin Data\NRS_FINAL04_19_2013\KE_EDITS\KE_EDITING\_Parcel_addAttributes_DB\SantaCruzIsland_Parcels.shp" MNG_AGNCY TEXT # # # # NULLABLE NON_REQUIRED #</Process><Process ToolSource="c:\program files (x86)\arcgis\desktop10.1\ArcToolbox\Toolboxes\Data Management Tools.tbx\AddField" Date="20130603" Time="141519">AddField "C:\Users\Easterday\Dropbox\UC Reserves\Kevin Data\NRS_FINAL04_19_2013\KE_EDITS\KE_EDITING\_Parcel_addAttributes_DB\SantaCruzIsland_Parcels.shp" LABEL_NAME TEXT # # # # NULLABLE NON_REQUIRED #</Process><Process ToolSource="c:\program files (x86)\arcgis\desktop10.1\ArcToolbox\Toolboxes\Data Management Tools.tbx\AddField" Date="20130603" Time="141519">AddField "C:\Users\Easterday\Dropbox\UC Reserves\Kevin Data\NRS_FINAL04_19_2013\KE_EDITS\KE_EDITING\_Parcel_addAttributes_DB\SantaCruzIsland_Parcels.shp" OWN_TYPE TEXT # # # # NULLABLE NON_REQUIRED #</Process><Process ToolSource="c:\program files (x86)\arcgis\desktop10.1\ArcToolbox\Toolboxes\Data Management Tools.tbx\AddField" Date="20130603" Time="141519">AddField "C:\Users\Easterday\Dropbox\UC Reserves\Kevin Data\NRS_FINAL04_19_2013\KE_EDITS\KE_EDITING\_Parcel_addAttributes_DB\SantaCruzIsland_Parcels.shp" SITE_NAME TEXT # # # # NULLABLE NON_REQUIRED #</Process><Process ToolSource="c:\program files (x86)\arcgis\desktop10.1\ArcToolbox\Toolboxes\Data Management Tools.tbx\AddField" Date="20130603" Time="141519">AddField "C:\Users\Easterday\Dropbox\UC Reserves\Kevin Data\NRS_FINAL04_19_2013\KE_EDITS\KE_EDITING\_Parcel_addAttributes_DB\SantaCruzIsland_Parcels.shp" ALT_SITE_N TEXT # # # # NULLABLE NON_REQUIRED #</Process><Process ToolSource="c:\program files (x86)\arcgis\desktop10.1\ArcToolbox\Toolboxes\Data Management Tools.tbx\AddField" Date="20130603" Time="141519">AddField "C:\Users\Easterday\Dropbox\UC Reserves\Kevin Data\NRS_FINAL04_19_2013\KE_EDITS\KE_EDITING\_Parcel_addAttributes_DB\SantaCruzIsland_Parcels.shp" LAND_WATER TEXT # # # # NULLABLE NON_REQUIRED #</Process><Process ToolSource="c:\program files (x86)\arcgis\desktop10.1\ArcToolbox\Toolboxes\Data Management Tools.tbx\AddField" Date="20130603" Time="141519">AddField "C:\Users\Easterday\Dropbox\UC Reserves\Kevin Data\NRS_FINAL04_19_2013\KE_EDITS\KE_EDITING\_Parcel_addAttributes_DB\SantaCruzIsland_Parcels.shp" SPEC_USE TEXT # # # # NULLABLE NON_REQUIRED #</Process><Process ToolSource="c:\program files (x86)\arcgis\desktop10.1\ArcToolbox\Toolboxes\Data Management Tools.tbx\AddField" Date="20130603" Time="141519">AddField "C:\Users\Easterday\Dropbox\UC Reserves\Kevin Data\NRS_FINAL04_19_2013\KE_EDITS\KE_EDITING\_Parcel_addAttributes_DB\SantaCruzIsland_Parcels.shp" HOLD_NOTES TEXT # # # # NULLABLE NON_REQUIRED #</Process><Process ToolSource="c:\program files (x86)\arcgis\desktop10.1\ArcToolbox\Toolboxes\Data Management Tools.tbx\AddField" Date="20130603" Time="141519">AddField "C:\Users\Easterday\Dropbox\UC Reserves\Kevin Data\NRS_FINAL04_19_2013\KE_EDITS\KE_EDITING\_Parcel_addAttributes_DB\SantaCruzIsland_Parcels.shp" CITY TEXT # # # # NULLABLE NON_REQUIRED #</Process><Process ToolSource="c:\program files (x86)\arcgis\desktop10.1\ArcToolbox\Toolboxes\Data Management Tools.tbx\AddField" Date="20130603" Time="141519">AddField "C:\Users\Easterday\Dropbox\UC Reserves\Kevin Data\NRS_FINAL04_19_2013\KE_EDITS\KE_EDITING\_Parcel_addAttributes_DB\SantaCruzIsland_Parcels.shp" DESG_AGNCY TEXT # # # # NULLABLE NON_REQUIRED #</Process><Process ToolSource="c:\program files (x86)\arcgis\desktop10.1\ArcToolbox\Toolboxes\Data Management Tools.tbx\AddField" Date="20130603" Time="141519">AddField "C:\Users\Easterday\Dropbox\UC Reserves\Kevin Data\NRS_FINAL04_19_2013\KE_EDITS\KE_EDITING\_Parcel_addAttributes_DB\SantaCruzIsland_Parcels.shp" DESG_NAT TEXT # # # # NULLABLE NON_REQUIRED #</Process><Process ToolSource="c:\program files (x86)\arcgis\desktop10.1\ArcToolbox\Toolboxes\Data Management Tools.tbx\AddField" Date="20130603" Time="141519">AddField "C:\Users\Easterday\Dropbox\UC Reserves\Kevin Data\NRS_FINAL04_19_2013\KE_EDITS\KE_EDITING\_Parcel_addAttributes_DB\SantaCruzIsland_Parcels.shp" PRIM_PURP TEXT # # # # NULLABLE NON_REQUIRED #</Process><Process ToolSource="c:\program files (x86)\arcgis\desktop10.1\ArcToolbox\Toolboxes\Data Management Tools.tbx\AddField" Date="20130603" Time="141519">AddField "C:\Users\Easterday\Dropbox\UC Reserves\Kevin Data\NRS_FINAL04_19_2013\KE_EDITS\KE_EDITING\_Parcel_addAttributes_DB\SantaCruzIsland_Parcels.shp" HOLDING_ID DOUBLE # # # # NULLABLE NON_REQUIRED #</Process><Process ToolSource="c:\program files (x86)\arcgis\desktop10.1\ArcToolbox\Toolboxes\Data Management Tools.tbx\AddField" Date="20130603" Time="141519">AddField "C:\Users\Easterday\Dropbox\UC Reserves\Kevin Data\NRS_FINAL04_19_2013\KE_EDITS\KE_EDITING\_Parcel_addAttributes_DB\SantaCruzIsland_Parcels.shp" UNIT_ID DOUBLE # # # # NULLABLE NON_REQUIRED #</Process><Process ToolSource="c:\program files (x86)\arcgis\desktop10.1\ArcToolbox\Toolboxes\Data Management Tools.tbx\AddField" Date="20130603" Time="141520">AddField "C:\Users\Easterday\Dropbox\UC Reserves\Kevin Data\NRS_FINAL04_19_2013\KE_EDITS\KE_EDITING\_Parcel_addAttributes_DB\SantaCruzIsland_Parcels.shp" SUPERUNIT TEXT # # # # NULLABLE NON_REQUIRED #</Process><Process ToolSource="c:\program files (x86)\arcgis\desktop10.1\ArcToolbox\Toolboxes\Data Management Tools.tbx\AddField" Date="20130603" Time="141520">AddField "C:\Users\Easterday\Dropbox\UC Reserves\Kevin Data\NRS_FINAL04_19_2013\KE_EDITS\KE_EDITING\_Parcel_addAttributes_DB\SantaCruzIsland_Parcels.shp" AGNCY_ID DOUBLE # # # # NULLABLE NON_REQUIRED #</Process><Process ToolSource="c:\program files (x86)\arcgis\desktop10.1\ArcToolbox\Toolboxes\Data Management Tools.tbx\AddField" Date="20130603" Time="141520">AddField "C:\Users\Easterday\Dropbox\UC Reserves\Kevin Data\NRS_FINAL04_19_2013\KE_EDITS\KE_EDITING\_Parcel_addAttributes_DB\SantaCruzIsland_Parcels.shp" MNG_AG_ID DOUBLE # # # # NULLABLE NON_REQUIRED #</Process><Process ToolSource="c:\program files (x86)\arcgis\desktop10.1\ArcToolbox\Toolboxes\Data Management Tools.tbx\AddField" Date="20130603" Time="141520">AddField "C:\Users\Easterday\Dropbox\UC Reserves\Kevin Data\NRS_FINAL04_19_2013\KE_EDITS\KE_EDITING\_Parcel_addAttributes_DB\SantaCruzIsland_Parcels.shp" AL_AV_PARC DOUBLE # # # # NULLABLE NON_REQUIRED #</Process><Process ToolSource="c:\program files (x86)\arcgis\desktop10.1\ArcToolbox\Toolboxes\Data Management Tools.tbx\AddField" Date="20130603" Time="141520">AddField "C:\Users\Easterday\Dropbox\UC Reserves\Kevin Data\NRS_FINAL04_19_2013\KE_EDITS\KE_EDITING\_Parcel_addAttributes_DB\SantaCruzIsland_Parcels.shp" SRC_ALIGN TEXT # # # # NULLABLE NON_REQUIRED #</Process><Process ToolSource="c:\program files (x86)\arcgis\desktop10.1\ArcToolbox\Toolboxes\Data Management Tools.tbx\AddField" Date="20130603" Time="141520">AddField "C:\Users\Easterday\Dropbox\UC Reserves\Kevin Data\NRS_FINAL04_19_2013\KE_EDITS\KE_EDITING\_Parcel_addAttributes_DB\SantaCruzIsland_Parcels.shp" SRC_ATTR TEXT # # # # NULLABLE NON_REQUIRED #</Process><Process ToolSource="c:\program files (x86)\arcgis\desktop10.1\ArcToolbox\Toolboxes\Data Management Tools.tbx\AddField" Date="20130603" Time="141520">AddField "C:\Users\Easterday\Dropbox\UC Reserves\Kevin Data\NRS_FINAL04_19_2013\KE_EDITS\KE_EDITING\_Parcel_addAttributes_DB\SantaCruzIsland_Parcels.shp" D_ACQ_YR DOUBLE # # # # NULLABLE NON_REQUIRED #</Process><Process ToolSource="c:\program files (x86)\arcgis\desktop10.1\ArcToolbox\Toolboxes\Data Management Tools.tbx\Project" Date="20140414" Time="131136">Project C:/Users/Kelly/Desktop/All\SantaCruzIsland_Parcels.shp C:/Users/Kelly/Desktop/All\SantaCruzIsland_Parcels_prj_.shp PROJCS['NAD_1983_California_Teale_Albers',GEOGCS['GCS_North_American_1983',DATUM['D_North_American_1983',SPHEROID['GRS_1980',6378137.0,298.257222101]],PRIMEM['Greenwich',0.0],UNIT['Degree',0.0174532925199433]],PROJECTION['Albers'],PARAMETER['False_Easting',0.0],PARAMETER['False_Northing',-4000000.0],PARAMETER['Central_Meridian',-120.0],PARAMETER['Standard_Parallel_1',34.0],PARAMETER['Standard_Parallel_2',40.5],PARAMETER['Latitude_Of_Origin',0.0],UNIT['Meter',1.0]] # PROJCS['NAD_1983_StatePlane_California_V_FIPS_0405_Feet',GEOGCS['GCS_North_American_1983',DATUM['D_North_American_1983',SPHEROID['GRS_1980',6378137.0,298.257222101]],PRIMEM['Greenwich',0.0],UNIT['Degree',0.0174532925199433]],PROJECTION['Lambert_Conformal_Conic'],PARAMETER['False_Easting',6561666.666666666],PARAMETER['False_Northing',1640416.666666667],PARAMETER['Central_Meridian',-118.0],PARAMETER['Standard_Parallel_1',34.03333333333333],PARAMETER['Standard_Parallel_2',35.46666666666667],PARAMETER['Latitude_Of_Origin',33.5],UNIT['Foot_US',0.3048006096012192]]</Process></lineage><itemProps><itemLocation><linkage Sync="TRUE">file://\\AMY\C$\Users\Easterday\Dropbox\Shapefiles (2)\Santa_Cruz_Island_KE_Both_Completed\SantaCruzIsland_Parcels</linkage><protocol Sync="TRUE">Local Area Network</protocol></itemLocation></itemProps><copyHistory><copy source="C:\Users\Easterday\Dropbox\UC Reserves\Kevin Data\NRS_FINAL04_19_2013\KE_EDITS\KE_EDITING\__ADDEDCPAD\SantaCruzIsland_Parcels" dest="\\AMY\C$\Users\Easterday\Dropbox\Shapefiles (2)\Santa_Cruz_Island_KE_Both_Completed\SantaCruzIsland_Parcels" date="20130603" time="14295600"></copy></copyHistory></DataProperties></Esri></metadata>
