<?xml version="1.0"?>
<!--<!DOCTYPE metadata SYSTEM "http://www.esri.com/metadata/esriprof80.dtd">-->
<metadata xml:lang="en"><Esri><CreaDate>20140414</CreaDate><CreaTime>13095100</CreaTime><SyncOnce>FALSE</SyncOnce><DataProperties><lineage><Process ToolSource="C:\Program Files\ArcGIS\ArcToolbox\Toolboxes\Data Management Tools.tbx\DefineProjection" Date="20060127" Time="161115">DefineProjection J:\Ellwood_Devereux\data_ucsb\land_use_maps\ex_lu_designations.shp PROJCS['NAD_1983_StatePlane_California_V_FIPS_0405_Feet',GEOGCS['GCS_North_American_1983',DATUM['D_North_American_1983',SPHEROID['GRS_1980',6378137.0,298.257222101]],PRIMEM['Greenwich',0.0],UNIT['Degree',0.0174532925199433]],PROJECTION['Lambert_Conformal_Conic'],PARAMETER['False_Easting',6561666.666666666],PARAMETER['False_Northing',1640416.666666667],PARAMETER['Central_Meridian',-118.0],PARAMETER['Standard_Parallel_1',34.03333333333333],PARAMETER['Standard_Parallel_2',35.46666666666667],PARAMETER['Latitude_Of_Origin',33.5],UNIT['Foot_US',0.3048006096012192]] J:\Ellwood_Devereux\data_ucsb\land_use_maps\ex_lu_designations.shp</Process><Process Name="Dissolve_1" ToolSource="C:\Program Files\ArcGIS\ArcToolbox\Toolboxes\Data Management Tools.tbx\Dissolve" Date="20071126" Time="210903">Dissolve CORP_Parts I:\Vector\Administrative\CORP_Parts_Dissolve.shp JURISDICTI # MULTI_PART</Process><Process Name="FeatureClassToFeatureClass_1" ToolSource="C:\Program Files\ArcGIS\ArcToolbox\Toolboxes\Conversion Tools.tbx\FeatureClassToFeatureClass" Date="20080313" Time="113347">FeatureClassToFeatureClass I:\Vector\Administrative\CORP_from_Dennis.shp I:\Vector\Administrative\UCSB_Campuses.gdb CORP_final # "JURISDICTI JURISDICTI true false false 16 Text 0 0 ,First,#,I:\Vector\Administrative\CORP_from_Dennis.shp,JURISDICTI,-1,-1" # I:\Vector\Administrative\UCSB_Campuses.gdb\CORP_final</Process><Process ToolSource="C:\Program Files\ArcGIS\ArcToolbox\Toolboxes\Conversion Tools.tbx\FeatureClassToFeatureClass" Date="20100423" Time="114754">FeatureClassToFeatureClass \\Fdas\PC-GIS\Vector\Administrative\UCSB_Campuses.gdb\CORP_final "Database Connections\fdas.sde\GISDB.DBO.Planning" UCSB_COPR # "JURISDICTI 'JURISDICTI' true true false 16 Text 0 0 ,First,#,\\Fdas\PC-GIS\Vector\Administrative\UCSB_Campuses.gdb\CORP_final,JURISDICTI,-1,-1;Shape_Length 'Shape_Length' false true true 8 Double 0 0 ,First,#,\\Fdas\PC-GIS\Vector\Administrative\UCSB_Campuses.gdb\CORP_final,Shape_Length,-1,-1;Shape_Area 'Shape_Area' false true true 8 Double 0 0 ,First,#,\\Fdas\PC-GIS\Vector\Administrative\UCSB_Campuses.gdb\CORP_final,Shape_Area,-1,-1" # "Database Connections\fdas.sde\GISDB.DBO.Planning\gisdb.DBO.UCSB_COPR"</Process><Process ToolSource="C:\Program Files\ArcGIS\ArcToolbox\Toolboxes\Conversion Tools.tbx\FeatureClassToFeatureClass" Date="20100528" Time="102257">FeatureClassToFeatureClass "\\Fs2r\Planning\PJs\06-062.LRDP 2025\-10.Misc\GIS\data\UCSB_BDRY_COPR_resident.shp" "Database Connections\fdas.sde\GISDB.DBO.Planning" UCSB_BNDY_COPR_resident # "OBJECTID 'OBJECTID' true true false 10 Double 0 10 ,First,#,\\Fs2r\Planning\PJs\06-062.LRDP 2025\-10.Misc\GIS\data\UCSB_BDRY_COPR_resident.shp,OBJECTID,-1,-1;JURISDICTI 'JURISDICTI' true true false 16 Text 0 0 ,First,#,\\Fs2r\Planning\PJs\06-062.LRDP 2025\-10.Misc\GIS\data\UCSB_BDRY_COPR_resident.shp,JURISDICTI,-1,-1;Shape_area 'Shape_area' true true false 19 Double 0 0 ,First,#,\\Fs2r\Planning\PJs\06-062.LRDP 2025\-10.Misc\GIS\data\UCSB_BDRY_COPR_resident.shp,Shape_area,-1,-1;Shape_len 'Shape_len' true true false 19 Double 0 0 ,First,#,\\Fs2r\Planning\PJs\06-062.LRDP 2025\-10.Misc\GIS\data\UCSB_BDRY_COPR_resident.shp,Shape_len,-1,-1" # "Database Connections\fdas.sde\GISDB.DBO.Planning\gisdb.DBO.UCSB_BNDY_COPR_resident"</Process><Process ToolSource="C:\Program Files\ArcGIS\ArcToolbox\Toolboxes\Conversion Tools.tbx\FeatureClassToFeatureClass" Date="20100604" Time="160358">FeatureClassToFeatureClass "Database Connections\fdas.sde\GISDB.DBO.Planning\gisdb.DBO.UCSB_BNDY_COPR_resident" C:\TEMP COPR_boundary.shp # "OBJECTID 'OBJECTID' true true false 8 Double 0 10 ,First,#,Database Connections\fdas.sde\GISDB.DBO.Planning\gisdb.DBO.UCSB_BNDY_COPR_resident,OBJECTID,-1,-1;JURISDICTI 'JURISDICTI' true true false 16 Text 0 0 ,First,#,Database Connections\fdas.sde\GISDB.DBO.Planning\gisdb.DBO.UCSB_BNDY_COPR_resident,JURISDICTI,-1,-1;Shape_area 'Shape_area' false false true 0 Double 0 0 ,First,#,Database Connections\fdas.sde\GISDB.DBO.Planning\gisdb.DBO.UCSB_BNDY_COPR_resident,Shape.area,-1,-1;Shape_len 'Shape_len' false false true 0 Double 0 0 ,First,#,Database Connections\fdas.sde\GISDB.DBO.Planning\gisdb.DBO.UCSB_BNDY_COPR_resident,Shape.len,-1,-1" # C:\TEMP\COPR_boundary.shp</Process><Process ToolSource="c:\program files (x86)\arcgis\desktop10.1\ArcToolbox\Toolboxes\Data Management Tools.tbx\AddField" Date="20130611" Time="112931">AddField "C:\Users\Kelly\Dropbox\UC Reserves\Kevin Data\NRS_FINAL04_19_2013\KE_EDITS\KE_EDITING\__BoundaryADDATT\CoalOilPoint_Boundary.shp" NAME TEXT # # # # NULLABLE NON_REQUIRED #</Process><Process ToolSource="c:\program files (x86)\arcgis\desktop10.1\ArcToolbox\Toolboxes\Data Management Tools.tbx\AddField" Date="20130611" Time="112931">AddField "C:\Users\Kelly\Dropbox\UC Reserves\Kevin Data\NRS_FINAL04_19_2013\KE_EDITS\KE_EDITING\__BoundaryADDATT\CoalOilPoint_Boundary.shp" COUNTY TEXT # # # # NULLABLE NON_REQUIRED #</Process><Process ToolSource="c:\program files (x86)\arcgis\desktop10.1\ArcToolbox\Toolboxes\Data Management Tools.tbx\AddField" Date="20130611" Time="112931">AddField "C:\Users\Kelly\Dropbox\UC Reserves\Kevin Data\NRS_FINAL04_19_2013\KE_EDITS\KE_EDITING\__BoundaryADDATT\CoalOilPoint_Boundary.shp" CAMPUS TEXT # # # # NULLABLE NON_REQUIRED #</Process><Process ToolSource="c:\program files (x86)\arcgis\desktop10.1\ArcToolbox\Toolboxes\Data Management Tools.tbx\AddField" Date="20130611" Time="112931">AddField "C:\Users\Kelly\Dropbox\UC Reserves\Kevin Data\NRS_FINAL04_19_2013\KE_EDITS\KE_EDITING\__BoundaryADDATT\CoalOilPoint_Boundary.shp" RESERVEID DOUBLE # # # # NULLABLE NON_REQUIRED #</Process><Process ToolSource="c:\program files (x86)\arcgis\desktop10.1\ArcToolbox\Toolboxes\Data Management Tools.tbx\AddField" Date="20130611" Time="112931">AddField "C:\Users\Kelly\Dropbox\UC Reserves\Kevin Data\NRS_FINAL04_19_2013\KE_EDITS\KE_EDITING\__BoundaryADDATT\CoalOilPoint_Boundary.shp" COUNTYID DOUBLE # # # # NULLABLE NON_REQUIRED #</Process><Process ToolSource="c:\program files (x86)\arcgis\desktop10.1\ArcToolbox\Toolboxes\Data Management Tools.tbx\AddField" Date="20130611" Time="112931">AddField "C:\Users\Kelly\Dropbox\UC Reserves\Kevin Data\NRS_FINAL04_19_2013\KE_EDITS\KE_EDITING\__BoundaryADDATT\CoalOilPoint_Boundary.shp" CAMPUSID DOUBLE # # # # NULLABLE NON_REQUIRED #</Process><Process ToolSource="c:\program files (x86)\arcgis\desktop10.1\ArcToolbox\Toolboxes\Data Management Tools.tbx\Project" Date="20140414" Time="130949">Project C:/Users/Kelly/Desktop/All\CoalOilPoint_Boundary.shp C:/Users/Kelly/Desktop/All\CoalOilPoint_Boundary_prj_.shp PROJCS['NAD_1983_California_Teale_Albers',GEOGCS['GCS_North_American_1983',DATUM['D_North_American_1983',SPHEROID['GRS_1980',6378137.0,298.257222101]],PRIMEM['Greenwich',0.0],UNIT['Degree',0.0174532925199433]],PROJECTION['Albers'],PARAMETER['False_Easting',0.0],PARAMETER['False_Northing',-4000000.0],PARAMETER['Central_Meridian',-120.0],PARAMETER['Standard_Parallel_1',34.0],PARAMETER['Standard_Parallel_2',40.5],PARAMETER['Latitude_Of_Origin',0.0],UNIT['Meter',1.0]] # PROJCS['NAD_1983_StatePlane_California_V_FIPS_0405_Feet',GEOGCS['GCS_North_American_1983',DATUM['D_North_American_1983',SPHEROID['GRS_1980',6378137.0,298.257222101]],PRIMEM['Greenwich',0.0],UNIT['Degree',0.0174532925199433]],PROJECTION['Lambert_Conformal_Conic'],PARAMETER['False_Easting',6561666.666666666],PARAMETER['False_Northing',1640416.666666667],PARAMETER['Central_Meridian',-118.0],PARAMETER['Standard_Parallel_1',34.03333333333333],PARAMETER['Standard_Parallel_2',35.46666666666667],PARAMETER['Latitude_Of_Origin',33.5],UNIT['Foot_US',0.3048006096012192]]</Process><Process ToolSource="c:\program files (x86)\arcgis\desktop10.1\ArcToolbox\Toolboxes\Data Management Tools.tbx\Project" Date="20140414" Time="130951">Project C:/Users/Kelly/Desktop/All\CoalOilPoint_Boundary_prj_.shp C:/Users/Kelly/Desktop/All\CoalOilPoint_Boundary_prj__prj_.shp PROJCS['NAD_1983_California_Teale_Albers',GEOGCS['GCS_North_American_1983',DATUM['D_North_American_1983',SPHEROID['GRS_1980',6378137.0,298.257222101]],PRIMEM['Greenwich',0.0],UNIT['Degree',0.0174532925199433]],PROJECTION['Albers'],PARAMETER['False_Easting',0.0],PARAMETER['False_Northing',-4000000.0],PARAMETER['Central_Meridian',-120.0],PARAMETER['Standard_Parallel_1',34.0],PARAMETER['Standard_Parallel_2',40.5],PARAMETER['Latitude_Of_Origin',0.0],UNIT['Meter',1.0]] # PROJCS['NAD_1983_California_Teale_Albers',GEOGCS['GCS_North_American_1983',DATUM['D_North_American_1983',SPHEROID['GRS_1980',6378137.0,298.257222101]],PRIMEM['Greenwich',0.0],UNIT['Degree',0.0174532925199433]],PROJECTION['Albers'],PARAMETER['False_Easting',0.0],PARAMETER['False_Northing',-4000000.0],PARAMETER['Central_Meridian',-120.0],PARAMETER['Standard_Parallel_1',34.0],PARAMETER['Standard_Parallel_2',40.5],PARAMETER['Latitude_Of_Origin',0.0],UNIT['Meter',1.0]]</Process></lineage><itemProps><itemLocation><linkage Sync="TRUE">file://\\KELLY-PC\Users\Kelly\Dropbox\Shapefiles (2)\Coal_Oil_Point_KE_Both_Completed\CoalOilPoint_Boundary</linkage><protocol Sync="TRUE">Local Area Network</protocol></itemLocation></itemProps><copyHistory><copy source="C:\Users\Kelly\Dropbox\UC Reserves\Kevin Data\NRS_FINAL04_19_2013\KE_EDITS\KE_EDITING\__BoundaryADDATT\Done\CoalOilPoint_Boundary" dest="\\KELLY-PC\Users\Kelly\Dropbox\Shapefiles (2)\Coal_Oil_Point_KE_Both_Completed\CoalOilPoint_Boundary" date="20130611" time="11461200"></copy></copyHistory></DataProperties><SyncDate>20100902</SyncDate><SyncTime>15542400</SyncTime><ModDate>20100902</ModDate><ModTime>15542400</ModTime><ArcGISFormat>1.0</ArcGISFormat><ArcGISstyle>ISO 19139 Metadata Implementation Specification</ArcGISstyle></Esri><idinfo><citation><citeinfo><onlink Sync="TRUE">\\SKAGWAY\C$\MSHCP_WORK\NRS\Final_Shapefiles_KML\Shapefiles\CoalOilPoint_Boundary</onlink><origin>REQUIRED: The name of an organization or individual that developed the data set.</origin><pubdate>REQUIRED: The date when the data set is published or otherwise made available for release.</pubdate><title Sync="TRUE">COPR_boundary</title><ftname Sync="TRUE">COPR_boundary</ftname><geoform Sync="TRUE">vector digital data</geoform></citeinfo></citation><native Sync="TRUE">Microsoft Windows XP Version 5.1 (Build 2600) Service Pack 3; ESRI ArcCatalog 9.3.1.1850</native><descript><langdata Sync="TRUE">en</langdata><abstract>REQUIRED: A brief narrative summary of the data set.</abstract><purpose>REQUIRED: A summary of the intentions with which the data set was developed.</purpose></descript><timeperd><current>REQUIRED: The basis on which the time period of content information is determined.</current><timeinfo><sngdate><caldate>REQUIRED: The year (and optionally month, or month and day) for which the data set corresponds to the ground.</caldate></sngdate></timeinfo></timeperd><status><progress>REQUIRED: The state of the data set.</progress><update>REQUIRED: The frequency with which changes and additions are made to the data set after the initial data set is completed.</update></status><spdom><bounding><westbc Sync="TRUE">-119.884535</westbc><eastbc Sync="TRUE">-119.872289</eastbc><northbc Sync="TRUE">34.417822</northbc><southbc Sync="TRUE">34.406748</southbc></bounding><lboundng><leftbc Sync="TRUE">5993344.363708</leftbc><rightbc Sync="TRUE">5996964.583496</rightbc><bottombc Sync="TRUE">1975732.495117</bottombc><topbc Sync="TRUE">1979695.645691</topbc></lboundng></spdom><keywords><theme><themekt>REQUIRED: Reference to a formally registered thesaurus or a similar authoritative source of theme keywords.</themekt><themekey>REQUIRED: Common-use word or phrase used to describe the subject of the data set.</themekey></theme></keywords><accconst>REQUIRED: Restrictions and legal prerequisites for accessing the data set.</accconst><useconst>REQUIRED: Restrictions and legal prerequisites for using the data set after access is granted.</useconst><natvform Sync="TRUE">Shapefile</natvform></idinfo><distInfo><distributor><distorTran><onLineSrc><linkage Sync="TRUE">file://\\SKAGWAY\C$\MSHCP_WORK\NRS\Final_Shapefiles_KML\Shapefiles\CoalOilPoint_Boundary</linkage><protocol Sync="TRUE">Local Area Network</protocol><orDesc Sync="TRUE">002</orDesc></onLineSrc><transSize Sync="TRUE">0.007</transSize></distorTran><distorFormat><formatName Sync="TRUE">Shapefile</formatName></distorFormat></distributor></distInfo><dataqual><lineage><procstep><procdesc Sync="TRUE">Dataset copied.</procdesc><srcused Sync="TRUE"></srcused><date Sync="TRUE">20071126</date><time Sync="TRUE">21074300</time></procstep><procstep><procdesc Sync="TRUE">Dataset copied.</procdesc><srcused Sync="TRUE">I:\Vector\Administrative\CORP_Parts_Dissolve</srcused><date Sync="TRUE">20071129</date><time Sync="TRUE">15281500</time></procstep><procstep><procdesc Sync="TRUE">Dataset copied.</procdesc><srcused Sync="TRUE">G:\Planning\Dennis_Work\GIS_Data_Restored\CORP_Parts_Dissolve</srcused><date Sync="TRUE">20071204</date><time Sync="TRUE">17235500</time></procstep><procstep><procdesc Sync="TRUE">Dataset copied.</procdesc><srcused Sync="TRUE">Server=fdas; Service=5153; Database=GISDB; Version=dbo.DEFAULT</srcused><procdate Sync="TRUE">20100526</procdate><proctime Sync="TRUE">16400600</proctime></procstep><procstep><procdesc Sync="TRUE">Dataset copied.</procdesc><srcused Sync="TRUE"></srcused><procdate Sync="TRUE">20110328</procdate><proctime Sync="TRUE">23552200</proctime></procstep><procstep><procdesc Sync="TRUE">Dataset moved.</procdesc><srcused Sync="TRUE">C:\MSHCP_WORK\NRS\Final_Shapefiles_KML\CoalOilPoint_Boundary</srcused><procdate Sync="TRUE">20110329</procdate><proctime Sync="TRUE">07072700</proctime></procstep></lineage></dataqual><dataIdInfo><envirDesc Sync="TRUE">Microsoft Windows XP Version 5.1 (Build 2600) Service Pack 3; ESRI ArcCatalog 9.3.1.1850</envirDesc><dataLang><languageCode Sync="TRUE" value="en"></languageCode></dataLang><idCitation><resTitle Sync="TRUE">COPR_boundary</resTitle><presForm><PresFormCd Sync="TRUE" value="005"></PresFormCd></presForm></idCitation><spatRpType><SpatRepTypCd Sync="TRUE" value="001"></SpatRepTypCd></spatRpType><dataExt><geoEle><GeoBndBox esriExtentType="native"><westBL Sync="TRUE">5993344.363708</westBL><eastBL Sync="TRUE">5996964.583496</eastBL><northBL Sync="TRUE">1979695.645691</northBL><southBL Sync="TRUE">1975732.495117</southBL><exTypeCode Sync="TRUE">1</exTypeCode></GeoBndBox></geoEle></dataExt><geoBox esriExtentType="decdegrees"><westBL Sync="TRUE">-119.884535</westBL><eastBL Sync="TRUE">-119.872289</eastBL><northBL Sync="TRUE">34.417822</northBL><southBL Sync="TRUE">34.406748</southBL><exTypeCode Sync="TRUE">1</exTypeCode></geoBox></dataIdInfo><metainfo><langmeta Sync="TRUE">en</langmeta><metstdn Sync="TRUE">FGDC Content Standards for Digital Geospatial Metadata</metstdn><metstdv Sync="TRUE">FGDC-STD-001-1998</metstdv><mettc Sync="TRUE">local time</mettc><metc><cntinfo><cntorgp><cntper>REQUIRED: The person responsible for the metadata information.</cntper><cntorg>REQUIRED: The organization responsible for the metadata information.</cntorg></cntorgp><cntaddr><addrtype>REQUIRED: The mailing and/or physical address for the organization or individual.</addrtype><city>REQUIRED: The city of the address.</city><state>REQUIRED: The state or province of the address.</state><postal>REQUIRED: The ZIP or other postal code of the address.</postal></cntaddr><cntvoice>REQUIRED: The telephone number by which individuals can speak to the organization or individual.</cntvoice></cntinfo></metc><metd Sync="TRUE">20100902</metd><metextns><onlink Sync="TRUE">http://www.esri.com/metadata/esriprof80.html</onlink><metprof Sync="TRUE">ESRI Metadata Profile</metprof></metextns></metainfo><mdLang><languageCode Sync="TRUE" value="en"></languageCode></mdLang><mdStanName Sync="TRUE">ISO 19115 Geographic Information - Metadata</mdStanName><mdStanVer Sync="TRUE">DIS_ESRI1.0</mdStanVer><mdChar><CharSetCd Sync="TRUE" value="004"></CharSetCd></mdChar><mdHrLv><ScopeCd Sync="TRUE" value="005"></ScopeCd></mdHrLv><mdHrLvName Sync="TRUE">dataset</mdHrLvName><distinfo><resdesc Sync="TRUE">Downloadable Data</resdesc><stdorder><digform><digtinfo><transize Sync="TRUE">0.007</transize><dssize Sync="TRUE">0.007</dssize></digtinfo></digform></stdorder></distinfo><spdoinfo><direct Sync="TRUE">Vector</direct><ptvctinf><esriterm Name="COPR_boundary"><efeatyp Sync="TRUE">Simple</efeatyp><efeageom Sync="TRUE">Polygon</efeageom><esritopo Sync="TRUE">FALSE</esritopo><efeacnt Sync="TRUE">1</efeacnt><spindex Sync="TRUE">FALSE</spindex><linrefer Sync="TRUE">FALSE</linrefer></esriterm><sdtsterm Name="COPR_boundary"><sdtstype Sync="TRUE">G-polygon</sdtstype><ptvctcnt Sync="TRUE">1</ptvctcnt></sdtsterm></ptvctinf></spdoinfo><spref><horizsys><cordsysn><geogcsn Sync="TRUE">GCS_North_American_1983</geogcsn><projcsn Sync="TRUE">NAD_1983_StatePlane_California_V_FIPS_0405_Feet</projcsn></cordsysn><planar><planci><plance Sync="TRUE">coordinate pair</plance><plandu Sync="TRUE">survey feet</plandu><coordrep><absres Sync="TRUE">0.000000</absres><ordres Sync="TRUE">0.000000</ordres></coordrep></planci><mapproj><mapprojn Sync="TRUE">Lambert Conformal Conic</mapprojn><lambertc><stdparll Sync="TRUE">34.033333</stdparll><stdparll Sync="TRUE">35.466667</stdparll><longcm Sync="TRUE">-118.000000</longcm><latprjo Sync="TRUE">33.500000</latprjo><feast Sync="TRUE">6561666.666667</feast><fnorth Sync="TRUE">1640416.666667</fnorth></lambertc></mapproj></planar><geodetic><horizdn Sync="TRUE">North American Datum of 1983</horizdn><ellips Sync="TRUE">Geodetic Reference System 80</ellips><semiaxis Sync="TRUE">6378137.000000</semiaxis><denflat Sync="TRUE">298.257222</denflat></geodetic></horizsys><vertdef><altsys><altenc Sync="TRUE">Explicit elevation coordinate included with horizontal coordinates</altenc><altres Sync="TRUE">1.000000</altres></altsys></vertdef></spref><refSysInfo><RefSystem><refSysID><identCode Sync="TRUE">NAD_1983_StatePlane_California_V_FIPS_0405_Feet</identCode></refSysID></RefSystem></refSysInfo><spatRepInfo><VectSpatRep><topLvl><TopoLevCd Sync="TRUE" value="001"></TopoLevCd></topLvl><geometObjs Name="COPR_boundary"><geoObjTyp><GeoObjTypCd Sync="TRUE" value="001"></GeoObjTypCd></geoObjTyp><geoObjCnt Sync="TRUE">1</geoObjCnt></geometObjs></VectSpatRep></spatRepInfo><eainfo><detailed Name="COPR_boundary"><attr><attrlabl Sync="TRUE">JURISDICTI</attrlabl><attalias Sync="TRUE">JURISDICTI</attalias><attrtype Sync="TRUE">String</attrtype><attwidth Sync="TRUE">16</attwidth></attr><attr><attrlabl Sync="TRUE">FID</attrlabl><attalias Sync="TRUE">FID</attalias><attrtype Sync="TRUE">OID</attrtype><attwidth Sync="TRUE">4</attwidth><atprecis Sync="TRUE">0</atprecis><attscale Sync="TRUE">0</attscale><attrdef Sync="TRUE">Internal feature number.</attrdef><attrdefs Sync="TRUE">ESRI</attrdefs><attrdomv><udom Sync="TRUE">Sequential unique whole numbers that are automatically generated.</udom></attrdomv></attr><enttyp><enttypl Sync="TRUE">COPR_boundary</enttypl><enttypt Sync="TRUE">Feature Class</enttypt><enttypc Sync="TRUE">1</enttypc></enttyp><attr><attrlabl Sync="TRUE">Shape</attrlabl><attalias Sync="TRUE">Shape</attalias><attrtype Sync="TRUE">Geometry</attrtype><attwidth Sync="TRUE">0</attwidth><atprecis Sync="TRUE">0</atprecis><attscale Sync="TRUE">0</attscale><attrdef Sync="TRUE">Feature geometry.</attrdef><attrdefs Sync="TRUE">ESRI</attrdefs><attrdomv><udom Sync="TRUE">Coordinates defining the features.</udom></attrdomv></attr><attr><attrlabl Sync="TRUE">OBJECTID</attrlabl><attalias Sync="TRUE">OBJECTID</attalias><attrtype Sync="TRUE">Number</attrtype><attwidth Sync="TRUE">10</attwidth><attrdef Sync="TRUE">Internal feature number.</attrdef><attrdefs Sync="TRUE">ESRI</attrdefs><attrdomv><udom Sync="TRUE">Sequential unique whole numbers that are automatically generated.</udom></attrdomv></attr><attr><attrlabl Sync="TRUE">Shape_area</attrlabl><attalias Sync="TRUE">Shape_area</attalias><attrtype Sync="TRUE">Float</attrtype><attwidth Sync="TRUE">19</attwidth><attrdef Sync="TRUE">Area of feature in internal units squared.</attrdef><attrdefs Sync="TRUE">ESRI</attrdefs><attrdomv><udom Sync="TRUE">Positive real numbers that are automatically generated.</udom></attrdomv><atnumdec Sync="TRUE">11</atnumdec></attr><attr><attrlabl Sync="TRUE">Shape_len</attrlabl><attalias Sync="TRUE">Shape_len</attalias><attrtype Sync="TRUE">Float</attrtype><attwidth Sync="TRUE">19</attwidth><atnumdec Sync="TRUE">11</atnumdec></attr></detailed></eainfo><mdDateSt Sync="TRUE">20100902</mdDateSt></metadata>
