<?xml version="1.0" encoding="UTF-8"?>
<metadata xml:lang="en"><Esri><CreaDate>20140414</CreaDate><CreaTime>13095500</CreaTime><ArcGISFormat>1.0</ArcGISFormat><SyncOnce>TRUE</SyncOnce><DataProperties><lineage><Process ToolSource="c:\program files (x86)\arcgis\desktop10.1\ArcToolbox\Toolboxes\Data Management Tools.tbx\DefineProjection" Date="20130520" Time="125845">DefineProjection CoalOil_Parce PROJCS['NAD_1983_StatePlane_California_V_FIPS_0405_Feet',GEOGCS['GCS_North_American_1983',DATUM['D_North_American_1983',SPHEROID['GRS_1980',6378137.0,298.257222101]],PRIMEM['Greenwich',0.0],UNIT['Degree',0.0174532925199433]],PROJECTION['Lambert_Conformal_Conic'],PARAMETER['False_Easting',6561666.666666666],PARAMETER['False_Northing',1640416.666666667],PARAMETER['Central_Meridian',-118.0],PARAMETER['Standard_Parallel_1',34.03333333333333],PARAMETER['Standard_Parallel_2',35.46666666666667],PARAMETER['Latitude_Of_Origin',33.5],UNIT['Foot_US',0.3048006096012192]]</Process><Process ToolSource="c:\program files (x86)\arcgis\desktop10.1\ArcToolbox\Toolboxes\Data Management Tools.tbx\Project" Date="20130520" Time="130024">Project CoalOil_Parce "C:\Users\Easterday\Dropbox\UC Reserves\Kevin Data\NRS_FINAL04_19_2013\KE_EDITS\KE_EDITING\CoalOil_Editing\CoalOilParcel_Proj.shp" PROJCS['NAD_1983_StatePlane_California_V_FIPS_0405_Feet',GEOGCS['GCS_North_American_1983',DATUM['D_North_American_1983',SPHEROID['GRS_1980',6378137.0,298.257222101]],PRIMEM['Greenwich',0.0],UNIT['Degree',0.0174532925199433]],PROJECTION['Lambert_Conformal_Conic'],PARAMETER['False_Easting',6561666.666666666],PARAMETER['False_Northing',1640416.666666667],PARAMETER['Central_Meridian',-118.0],PARAMETER['Standard_Parallel_1',34.03333333333333],PARAMETER['Standard_Parallel_2',35.46666666666667],PARAMETER['Latitude_Of_Origin',33.5],UNIT['Foot_US',0.3048006096012192]] # PROJCS['NAD_1983_StatePlane_California_V_FIPS_0405_Feet',GEOGCS['GCS_North_American_1983',DATUM['D_North_American_1983',SPHEROID['GRS_1980',6378137.0,298.257222101]],PRIMEM['Greenwich',0.0],UNIT['Degree',0.0174532925199433]],PROJECTION['Lambert_Conformal_Conic'],PARAMETER['False_Easting',6561666.666666666],PARAMETER['False_Northing',1640416.666666667],PARAMETER['Central_Meridian',-118.0],PARAMETER['Standard_Parallel_1',34.03333333333333],PARAMETER['Standard_Parallel_2',35.46666666666667],PARAMETER['Latitude_Of_Origin',33.5],UNIT['Foot_US',0.3048006096012192]]</Process><Process ToolSource="c:\program files (x86)\arcgis\desktop10.1\ArcToolbox\Toolboxes\Data Management Tools.tbx\AddField" Date="20130520" Time="144046">AddField "C:\Users\Easterday\Dropbox\UC Reserves\Kevin Data\NRS_FINAL04_19_2013\KE_EDITS\KE_EDITING\CoalOil_Editing\TEST\CoalOilParcel_Proj.shp" AGNCY_NAME TEXT # # # # NULLABLE NON_REQUIRED #</Process><Process ToolSource="c:\program files (x86)\arcgis\desktop10.1\ArcToolbox\Toolboxes\Data Management Tools.tbx\AddField" Date="20130520" Time="144046">AddField "C:\Users\Easterday\Dropbox\UC Reserves\Kevin Data\NRS_FINAL04_19_2013\KE_EDITS\KE_EDITING\CoalOil_Editing\TEST\CoalOilParcel_Proj.shp" UNIT_NAME TEXT # # # # NULLABLE NON_REQUIRED #</Process><Process ToolSource="c:\program files (x86)\arcgis\desktop10.1\ArcToolbox\Toolboxes\Data Management Tools.tbx\AddField" Date="20130520" Time="144238">AddField "C:\Users\Easterday\Dropbox\UC Reserves\Kevin Data\NRS_FINAL04_19_2013\KE_EDITS\KE_EDITING\CoalOil_Editing\TEST\CoalOilParcel_Proj.shp" AGNCY_NAME TEXT # # # # NULLABLE NON_REQUIRED #</Process><Process ToolSource="c:\program files (x86)\arcgis\desktop10.1\ArcToolbox\Toolboxes\Data Management Tools.tbx\AddField" Date="20130520" Time="144238">AddField "C:\Users\Easterday\Dropbox\UC Reserves\Kevin Data\NRS_FINAL04_19_2013\KE_EDITS\KE_EDITING\CoalOil_Editing\TEST\CoalOilParcel_Proj.shp" UNIT_NAME TEXT # # # # NULLABLE NON_REQUIRED #</Process><Process ToolSource="c:\program files (x86)\arcgis\desktop10.1\ArcToolbox\Toolboxes\Data Management Tools.tbx\AddField" Date="20130520" Time="144238">AddField "C:\Users\Easterday\Dropbox\UC Reserves\Kevin Data\NRS_FINAL04_19_2013\KE_EDITS\KE_EDITING\CoalOil_Editing\TEST\CoalOilParcel_Proj.shp" ACCESS_TYP TEXT # # # # NULLABLE NON_REQUIRED #</Process><Process ToolSource="c:\program files (x86)\arcgis\desktop10.1\ArcToolbox\Toolboxes\Data Management Tools.tbx\AddField" Date="20130520" Time="144238">AddField "C:\Users\Easterday\Dropbox\UC Reserves\Kevin Data\NRS_FINAL04_19_2013\KE_EDITS\KE_EDITING\CoalOil_Editing\TEST\CoalOilParcel_Proj.shp" GIS_ACRES TEXT # # # # NULLABLE NON_REQUIRED #</Process><Process ToolSource="c:\program files (x86)\arcgis\desktop10.1\ArcToolbox\Toolboxes\Data Management Tools.tbx\AddField" Date="20130520" Time="144238">AddField "C:\Users\Easterday\Dropbox\UC Reserves\Kevin Data\NRS_FINAL04_19_2013\KE_EDITS\KE_EDITING\CoalOil_Editing\TEST\CoalOilParcel_Proj.shp" COUNTY TEXT # # # # NULLABLE NON_REQUIRED #</Process><Process ToolSource="c:\program files (x86)\arcgis\desktop10.1\ArcToolbox\Toolboxes\Data Management Tools.tbx\AddField" Date="20130520" Time="144238">AddField "C:\Users\Easterday\Dropbox\UC Reserves\Kevin Data\NRS_FINAL04_19_2013\KE_EDITS\KE_EDITING\CoalOil_Editing\TEST\CoalOilParcel_Proj.shp" AGNCY_LEV TEXT # # # # NULLABLE NON_REQUIRED #</Process><Process ToolSource="c:\program files (x86)\arcgis\desktop10.1\ArcToolbox\Toolboxes\Data Management Tools.tbx\AddField" Date="20130520" Time="144239">AddField "C:\Users\Easterday\Dropbox\UC Reserves\Kevin Data\NRS_FINAL04_19_2013\KE_EDITS\KE_EDITING\CoalOil_Editing\TEST\CoalOilParcel_Proj.shp" AGNCY_WEB TEXT # # # # NULLABLE NON_REQUIRED #</Process><Process ToolSource="c:\program files (x86)\arcgis\desktop10.1\ArcToolbox\Toolboxes\Data Management Tools.tbx\AddField" Date="20130520" Time="144239">AddField "C:\Users\Easterday\Dropbox\UC Reserves\Kevin Data\NRS_FINAL04_19_2013\KE_EDITS\KE_EDITING\CoalOil_Editing\TEST\CoalOilParcel_Proj.shp" SITE_WEB TEXT # # # # NULLABLE NON_REQUIRED #</Process><Process ToolSource="c:\program files (x86)\arcgis\desktop10.1\ArcToolbox\Toolboxes\Data Management Tools.tbx\AddField" Date="20130520" Time="144239">AddField "C:\Users\Easterday\Dropbox\UC Reserves\Kevin Data\NRS_FINAL04_19_2013\KE_EDITS\KE_EDITING\CoalOil_Editing\TEST\CoalOilParcel_Proj.shp" LAYER TEXT # # # # NULLABLE NON_REQUIRED #</Process><Process ToolSource="c:\program files (x86)\arcgis\desktop10.1\ArcToolbox\Toolboxes\Data Management Tools.tbx\AddField" Date="20130520" Time="144239">AddField "C:\Users\Easterday\Dropbox\UC Reserves\Kevin Data\NRS_FINAL04_19_2013\KE_EDITS\KE_EDITING\CoalOil_Editing\TEST\CoalOilParcel_Proj.shp" MNG_AGNCY TEXT # # # # NULLABLE NON_REQUIRED #</Process><Process ToolSource="c:\program files (x86)\arcgis\desktop10.1\ArcToolbox\Toolboxes\Data Management Tools.tbx\AddField" Date="20130520" Time="144239">AddField "C:\Users\Easterday\Dropbox\UC Reserves\Kevin Data\NRS_FINAL04_19_2013\KE_EDITS\KE_EDITING\CoalOil_Editing\TEST\CoalOilParcel_Proj.shp" LABEL_NAME TEXT # # # # NULLABLE NON_REQUIRED #</Process><Process ToolSource="c:\program files (x86)\arcgis\desktop10.1\ArcToolbox\Toolboxes\Data Management Tools.tbx\AddField" Date="20130520" Time="144239">AddField "C:\Users\Easterday\Dropbox\UC Reserves\Kevin Data\NRS_FINAL04_19_2013\KE_EDITS\KE_EDITING\CoalOil_Editing\TEST\CoalOilParcel_Proj.shp" OWN_TYPE TEXT # # # # NULLABLE NON_REQUIRED #</Process><Process ToolSource="c:\program files (x86)\arcgis\desktop10.1\ArcToolbox\Toolboxes\Data Management Tools.tbx\AddField" Date="20130520" Time="144239">AddField "C:\Users\Easterday\Dropbox\UC Reserves\Kevin Data\NRS_FINAL04_19_2013\KE_EDITS\KE_EDITING\CoalOil_Editing\TEST\CoalOilParcel_Proj.shp" SITE_NAME TEXT # # # # NULLABLE NON_REQUIRED #</Process><Process ToolSource="c:\program files (x86)\arcgis\desktop10.1\ArcToolbox\Toolboxes\Data Management Tools.tbx\AddField" Date="20130520" Time="144239">AddField "C:\Users\Easterday\Dropbox\UC Reserves\Kevin Data\NRS_FINAL04_19_2013\KE_EDITS\KE_EDITING\CoalOil_Editing\TEST\CoalOilParcel_Proj.shp" ALT_SITE_N TEXT # # # # NULLABLE NON_REQUIRED #</Process><Process ToolSource="c:\program files (x86)\arcgis\desktop10.1\ArcToolbox\Toolboxes\Data Management Tools.tbx\AddField" Date="20130520" Time="144239">AddField "C:\Users\Easterday\Dropbox\UC Reserves\Kevin Data\NRS_FINAL04_19_2013\KE_EDITS\KE_EDITING\CoalOil_Editing\TEST\CoalOilParcel_Proj.shp" LAND_WATER TEXT # # # # NULLABLE NON_REQUIRED #</Process><Process ToolSource="c:\program files (x86)\arcgis\desktop10.1\ArcToolbox\Toolboxes\Data Management Tools.tbx\AddField" Date="20130520" Time="144239">AddField "C:\Users\Easterday\Dropbox\UC Reserves\Kevin Data\NRS_FINAL04_19_2013\KE_EDITS\KE_EDITING\CoalOil_Editing\TEST\CoalOilParcel_Proj.shp" SPEC_USE TEXT # # # # NULLABLE NON_REQUIRED #</Process><Process ToolSource="c:\program files (x86)\arcgis\desktop10.1\ArcToolbox\Toolboxes\Data Management Tools.tbx\AddField" Date="20130520" Time="144239">AddField "C:\Users\Easterday\Dropbox\UC Reserves\Kevin Data\NRS_FINAL04_19_2013\KE_EDITS\KE_EDITING\CoalOil_Editing\TEST\CoalOilParcel_Proj.shp" HOLD_NOTES TEXT # # # # NULLABLE NON_REQUIRED #</Process><Process ToolSource="c:\program files (x86)\arcgis\desktop10.1\ArcToolbox\Toolboxes\Data Management Tools.tbx\AddField" Date="20130520" Time="144239">AddField "C:\Users\Easterday\Dropbox\UC Reserves\Kevin Data\NRS_FINAL04_19_2013\KE_EDITS\KE_EDITING\CoalOil_Editing\TEST\CoalOilParcel_Proj.shp" CITY TEXT # # # # NULLABLE NON_REQUIRED #</Process><Process ToolSource="c:\program files (x86)\arcgis\desktop10.1\ArcToolbox\Toolboxes\Data Management Tools.tbx\AddField" Date="20130520" Time="144239">AddField "C:\Users\Easterday\Dropbox\UC Reserves\Kevin Data\NRS_FINAL04_19_2013\KE_EDITS\KE_EDITING\CoalOil_Editing\TEST\CoalOilParcel_Proj.shp" DESG_AGNCY TEXT # # # # NULLABLE NON_REQUIRED #</Process><Process ToolSource="c:\program files (x86)\arcgis\desktop10.1\ArcToolbox\Toolboxes\Data Management Tools.tbx\AddField" Date="20130520" Time="144239">AddField "C:\Users\Easterday\Dropbox\UC Reserves\Kevin Data\NRS_FINAL04_19_2013\KE_EDITS\KE_EDITING\CoalOil_Editing\TEST\CoalOilParcel_Proj.shp" DESG_NAT TEXT # # # # NULLABLE NON_REQUIRED #</Process><Process ToolSource="c:\program files (x86)\arcgis\desktop10.1\ArcToolbox\Toolboxes\Data Management Tools.tbx\AddField" Date="20130520" Time="144239">AddField "C:\Users\Easterday\Dropbox\UC Reserves\Kevin Data\NRS_FINAL04_19_2013\KE_EDITS\KE_EDITING\CoalOil_Editing\TEST\CoalOilParcel_Proj.shp" PRIM_PURP TEXT # # # # NULLABLE NON_REQUIRED #</Process><Process ToolSource="c:\program files (x86)\arcgis\desktop10.1\ArcToolbox\Toolboxes\Data Management Tools.tbx\AddField" Date="20130520" Time="144332">AddField "C:\Users\Easterday\Dropbox\UC Reserves\Kevin Data\NRS_FINAL04_19_2013\KE_EDITS\KE_EDITING\CoalOil_Editing\TEST\CoalOilParcel_Proj.shp" AGNCY_NAME TEXT # # # # NULLABLE NON_REQUIRED #</Process><Process ToolSource="c:\program files (x86)\arcgis\desktop10.1\ArcToolbox\Toolboxes\Data Management Tools.tbx\AddField" Date="20130520" Time="144332">AddField "C:\Users\Easterday\Dropbox\UC Reserves\Kevin Data\NRS_FINAL04_19_2013\KE_EDITS\KE_EDITING\CoalOil_Editing\TEST\CoalOilParcel_Proj.shp" UNIT_NAME TEXT # # # # NULLABLE NON_REQUIRED #</Process><Process ToolSource="c:\program files (x86)\arcgis\desktop10.1\ArcToolbox\Toolboxes\Data Management Tools.tbx\AddField" Date="20130520" Time="144332">AddField "C:\Users\Easterday\Dropbox\UC Reserves\Kevin Data\NRS_FINAL04_19_2013\KE_EDITS\KE_EDITING\CoalOil_Editing\TEST\CoalOilParcel_Proj.shp" ACCESS_TYP TEXT # # # # NULLABLE NON_REQUIRED #</Process><Process ToolSource="c:\program files (x86)\arcgis\desktop10.1\ArcToolbox\Toolboxes\Data Management Tools.tbx\AddField" Date="20130520" Time="144332">AddField "C:\Users\Easterday\Dropbox\UC Reserves\Kevin Data\NRS_FINAL04_19_2013\KE_EDITS\KE_EDITING\CoalOil_Editing\TEST\CoalOilParcel_Proj.shp" GIS_ACRES TEXT # # # # NULLABLE NON_REQUIRED #</Process><Process ToolSource="c:\program files (x86)\arcgis\desktop10.1\ArcToolbox\Toolboxes\Data Management Tools.tbx\AddField" Date="20130520" Time="144332">AddField "C:\Users\Easterday\Dropbox\UC Reserves\Kevin Data\NRS_FINAL04_19_2013\KE_EDITS\KE_EDITING\CoalOil_Editing\TEST\CoalOilParcel_Proj.shp" COUNTY TEXT # # # # NULLABLE NON_REQUIRED #</Process><Process ToolSource="c:\program files (x86)\arcgis\desktop10.1\ArcToolbox\Toolboxes\Data Management Tools.tbx\AddField" Date="20130520" Time="144332">AddField "C:\Users\Easterday\Dropbox\UC Reserves\Kevin Data\NRS_FINAL04_19_2013\KE_EDITS\KE_EDITING\CoalOil_Editing\TEST\CoalOilParcel_Proj.shp" AGNCY_LEV TEXT # # # # NULLABLE NON_REQUIRED #</Process><Process ToolSource="c:\program files (x86)\arcgis\desktop10.1\ArcToolbox\Toolboxes\Data Management Tools.tbx\AddField" Date="20130520" Time="144332">AddField "C:\Users\Easterday\Dropbox\UC Reserves\Kevin Data\NRS_FINAL04_19_2013\KE_EDITS\KE_EDITING\CoalOil_Editing\TEST\CoalOilParcel_Proj.shp" AGNCY_WEB TEXT # # # # NULLABLE NON_REQUIRED #</Process><Process ToolSource="c:\program files (x86)\arcgis\desktop10.1\ArcToolbox\Toolboxes\Data Management Tools.tbx\AddField" Date="20130520" Time="144332">AddField "C:\Users\Easterday\Dropbox\UC Reserves\Kevin Data\NRS_FINAL04_19_2013\KE_EDITS\KE_EDITING\CoalOil_Editing\TEST\CoalOilParcel_Proj.shp" SITE_WEB TEXT # # # # NULLABLE NON_REQUIRED #</Process><Process ToolSource="c:\program files (x86)\arcgis\desktop10.1\ArcToolbox\Toolboxes\Data Management Tools.tbx\AddField" Date="20130520" Time="144332">AddField "C:\Users\Easterday\Dropbox\UC Reserves\Kevin Data\NRS_FINAL04_19_2013\KE_EDITS\KE_EDITING\CoalOil_Editing\TEST\CoalOilParcel_Proj.shp" LAYER TEXT # # # # NULLABLE NON_REQUIRED #</Process><Process ToolSource="c:\program files (x86)\arcgis\desktop10.1\ArcToolbox\Toolboxes\Data Management Tools.tbx\AddField" Date="20130520" Time="144332">AddField "C:\Users\Easterday\Dropbox\UC Reserves\Kevin Data\NRS_FINAL04_19_2013\KE_EDITS\KE_EDITING\CoalOil_Editing\TEST\CoalOilParcel_Proj.shp" MNG_AGNCY TEXT # # # # NULLABLE NON_REQUIRED #</Process><Process ToolSource="c:\program files (x86)\arcgis\desktop10.1\ArcToolbox\Toolboxes\Data Management Tools.tbx\AddField" Date="20130520" Time="144332">AddField "C:\Users\Easterday\Dropbox\UC Reserves\Kevin Data\NRS_FINAL04_19_2013\KE_EDITS\KE_EDITING\CoalOil_Editing\TEST\CoalOilParcel_Proj.shp" LABEL_NAME TEXT # # # # NULLABLE NON_REQUIRED #</Process><Process ToolSource="c:\program files (x86)\arcgis\desktop10.1\ArcToolbox\Toolboxes\Data Management Tools.tbx\AddField" Date="20130520" Time="144332">AddField "C:\Users\Easterday\Dropbox\UC Reserves\Kevin Data\NRS_FINAL04_19_2013\KE_EDITS\KE_EDITING\CoalOil_Editing\TEST\CoalOilParcel_Proj.shp" OWN_TYPE TEXT # # # # NULLABLE NON_REQUIRED #</Process><Process ToolSource="c:\program files (x86)\arcgis\desktop10.1\ArcToolbox\Toolboxes\Data Management Tools.tbx\AddField" Date="20130520" Time="144333">AddField "C:\Users\Easterday\Dropbox\UC Reserves\Kevin Data\NRS_FINAL04_19_2013\KE_EDITS\KE_EDITING\CoalOil_Editing\TEST\CoalOilParcel_Proj.shp" SITE_NAME TEXT # # # # NULLABLE NON_REQUIRED #</Process><Process ToolSource="c:\program files (x86)\arcgis\desktop10.1\ArcToolbox\Toolboxes\Data Management Tools.tbx\AddField" Date="20130520" Time="144333">AddField "C:\Users\Easterday\Dropbox\UC Reserves\Kevin Data\NRS_FINAL04_19_2013\KE_EDITS\KE_EDITING\CoalOil_Editing\TEST\CoalOilParcel_Proj.shp" ALT_SITE_N TEXT # # # # NULLABLE NON_REQUIRED #</Process><Process ToolSource="c:\program files (x86)\arcgis\desktop10.1\ArcToolbox\Toolboxes\Data Management Tools.tbx\AddField" Date="20130520" Time="144333">AddField "C:\Users\Easterday\Dropbox\UC Reserves\Kevin Data\NRS_FINAL04_19_2013\KE_EDITS\KE_EDITING\CoalOil_Editing\TEST\CoalOilParcel_Proj.shp" LAND_WATER TEXT # # # # NULLABLE NON_REQUIRED #</Process><Process ToolSource="c:\program files (x86)\arcgis\desktop10.1\ArcToolbox\Toolboxes\Data Management Tools.tbx\AddField" Date="20130520" Time="144333">AddField "C:\Users\Easterday\Dropbox\UC Reserves\Kevin Data\NRS_FINAL04_19_2013\KE_EDITS\KE_EDITING\CoalOil_Editing\TEST\CoalOilParcel_Proj.shp" SPEC_USE TEXT # # # # NULLABLE NON_REQUIRED #</Process><Process ToolSource="c:\program files (x86)\arcgis\desktop10.1\ArcToolbox\Toolboxes\Data Management Tools.tbx\AddField" Date="20130520" Time="144333">AddField "C:\Users\Easterday\Dropbox\UC Reserves\Kevin Data\NRS_FINAL04_19_2013\KE_EDITS\KE_EDITING\CoalOil_Editing\TEST\CoalOilParcel_Proj.shp" HOLD_NOTES TEXT # # # # NULLABLE NON_REQUIRED #</Process><Process ToolSource="c:\program files (x86)\arcgis\desktop10.1\ArcToolbox\Toolboxes\Data Management Tools.tbx\AddField" Date="20130520" Time="144333">AddField "C:\Users\Easterday\Dropbox\UC Reserves\Kevin Data\NRS_FINAL04_19_2013\KE_EDITS\KE_EDITING\CoalOil_Editing\TEST\CoalOilParcel_Proj.shp" CITY TEXT # # # # NULLABLE NON_REQUIRED #</Process><Process ToolSource="c:\program files (x86)\arcgis\desktop10.1\ArcToolbox\Toolboxes\Data Management Tools.tbx\AddField" Date="20130520" Time="144333">AddField "C:\Users\Easterday\Dropbox\UC Reserves\Kevin Data\NRS_FINAL04_19_2013\KE_EDITS\KE_EDITING\CoalOil_Editing\TEST\CoalOilParcel_Proj.shp" DESG_AGNCY TEXT # # # # NULLABLE NON_REQUIRED #</Process><Process ToolSource="c:\program files (x86)\arcgis\desktop10.1\ArcToolbox\Toolboxes\Data Management Tools.tbx\AddField" Date="20130520" Time="144333">AddField "C:\Users\Easterday\Dropbox\UC Reserves\Kevin Data\NRS_FINAL04_19_2013\KE_EDITS\KE_EDITING\CoalOil_Editing\TEST\CoalOilParcel_Proj.shp" DESG_NAT TEXT # # # # NULLABLE NON_REQUIRED #</Process><Process ToolSource="c:\program files (x86)\arcgis\desktop10.1\ArcToolbox\Toolboxes\Data Management Tools.tbx\AddField" Date="20130520" Time="144333">AddField "C:\Users\Easterday\Dropbox\UC Reserves\Kevin Data\NRS_FINAL04_19_2013\KE_EDITS\KE_EDITING\CoalOil_Editing\TEST\CoalOilParcel_Proj.shp" PRIM_PURP TEXT # # # # NULLABLE NON_REQUIRED #</Process><Process ToolSource="c:\program files (x86)\arcgis\desktop10.1\ArcToolbox\Toolboxes\Data Management Tools.tbx\AddField" Date="20130520" Time="144333">AddField "C:\Users\Easterday\Dropbox\UC Reserves\Kevin Data\NRS_FINAL04_19_2013\KE_EDITS\KE_EDITING\CoalOil_Editing\TEST\CoalOilParcel_Proj.shp" HOLDING_ID DOUBLE # # # # NULLABLE NON_REQUIRED #</Process><Process ToolSource="c:\program files (x86)\arcgis\desktop10.1\ArcToolbox\Toolboxes\Data Management Tools.tbx\AddField" Date="20130520" Time="144333">AddField "C:\Users\Easterday\Dropbox\UC Reserves\Kevin Data\NRS_FINAL04_19_2013\KE_EDITS\KE_EDITING\CoalOil_Editing\TEST\CoalOilParcel_Proj.shp" UNIT_ID DOUBLE # # # # NULLABLE NON_REQUIRED #</Process><Process ToolSource="c:\program files (x86)\arcgis\desktop10.1\ArcToolbox\Toolboxes\Data Management Tools.tbx\AddField" Date="20130520" Time="144333">AddField "C:\Users\Easterday\Dropbox\UC Reserves\Kevin Data\NRS_FINAL04_19_2013\KE_EDITS\KE_EDITING\CoalOil_Editing\TEST\CoalOilParcel_Proj.shp" SUPERUNIT TEXT # # # # NULLABLE NON_REQUIRED #</Process><Process ToolSource="c:\program files (x86)\arcgis\desktop10.1\ArcToolbox\Toolboxes\Data Management Tools.tbx\AddField" Date="20130520" Time="144333">AddField "C:\Users\Easterday\Dropbox\UC Reserves\Kevin Data\NRS_FINAL04_19_2013\KE_EDITS\KE_EDITING\CoalOil_Editing\TEST\CoalOilParcel_Proj.shp" AGNCY_ID DOUBLE # # # # NULLABLE NON_REQUIRED #</Process><Process ToolSource="c:\program files (x86)\arcgis\desktop10.1\ArcToolbox\Toolboxes\Data Management Tools.tbx\AddField" Date="20130520" Time="144333">AddField "C:\Users\Easterday\Dropbox\UC Reserves\Kevin Data\NRS_FINAL04_19_2013\KE_EDITS\KE_EDITING\CoalOil_Editing\TEST\CoalOilParcel_Proj.shp" MNG_AG_ID DOUBLE # # # # NULLABLE NON_REQUIRED #</Process><Process ToolSource="c:\program files (x86)\arcgis\desktop10.1\ArcToolbox\Toolboxes\Data Management Tools.tbx\AddField" Date="20130520" Time="144333">AddField "C:\Users\Easterday\Dropbox\UC Reserves\Kevin Data\NRS_FINAL04_19_2013\KE_EDITS\KE_EDITING\CoalOil_Editing\TEST\CoalOilParcel_Proj.shp" AL_AV_PARC DOUBLE # # # # NULLABLE NON_REQUIRED #</Process><Process ToolSource="c:\program files (x86)\arcgis\desktop10.1\ArcToolbox\Toolboxes\Data Management Tools.tbx\AddField" Date="20130520" Time="144333">AddField "C:\Users\Easterday\Dropbox\UC Reserves\Kevin Data\NRS_FINAL04_19_2013\KE_EDITS\KE_EDITING\CoalOil_Editing\TEST\CoalOilParcel_Proj.shp" SRC_ALIGN TEXT # # # # NULLABLE NON_REQUIRED #</Process><Process ToolSource="c:\program files (x86)\arcgis\desktop10.1\ArcToolbox\Toolboxes\Data Management Tools.tbx\AddField" Date="20130520" Time="144333">AddField "C:\Users\Easterday\Dropbox\UC Reserves\Kevin Data\NRS_FINAL04_19_2013\KE_EDITS\KE_EDITING\CoalOil_Editing\TEST\CoalOilParcel_Proj.shp" SRC_ATTR TEXT # # # # NULLABLE NON_REQUIRED #</Process><Process ToolSource="c:\program files (x86)\arcgis\desktop10.1\ArcToolbox\Toolboxes\Data Management Tools.tbx\AddField" Date="20130520" Time="144334">AddField "C:\Users\Easterday\Dropbox\UC Reserves\Kevin Data\NRS_FINAL04_19_2013\KE_EDITS\KE_EDITING\CoalOil_Editing\TEST\CoalOilParcel_Proj.shp" D-ACQ-YR DOUBLE # # # # NULLABLE NON_REQUIRED #</Process><Process ToolSource="c:\program files (x86)\arcgis\desktop10.1\ArcToolbox\Toolboxes\Data Management Tools.tbx\AddField" Date="20130603" Time="140830">AddField "C:\Users\Easterday\Dropbox\UC Reserves\Kevin Data\NRS_FINAL04_19_2013\KE_EDITS\KE_EDITING\_Parcel_addAttributes_DB\CoalOil_Parcel.shp" AGNCY_NAME TEXT # # # # NULLABLE NON_REQUIRED #</Process><Process ToolSource="c:\program files (x86)\arcgis\desktop10.1\ArcToolbox\Toolboxes\Data Management Tools.tbx\AddField" Date="20130603" Time="140830">AddField "C:\Users\Easterday\Dropbox\UC Reserves\Kevin Data\NRS_FINAL04_19_2013\KE_EDITS\KE_EDITING\_Parcel_addAttributes_DB\CoalOil_Parcel.shp" UNIT_NAME TEXT # # # # NULLABLE NON_REQUIRED #</Process><Process ToolSource="c:\program files (x86)\arcgis\desktop10.1\ArcToolbox\Toolboxes\Data Management Tools.tbx\AddField" Date="20130603" Time="140831">AddField "C:\Users\Easterday\Dropbox\UC Reserves\Kevin Data\NRS_FINAL04_19_2013\KE_EDITS\KE_EDITING\_Parcel_addAttributes_DB\CoalOil_Parcel.shp" ACCESS_TYP TEXT # # # # NULLABLE NON_REQUIRED #</Process><Process ToolSource="c:\program files (x86)\arcgis\desktop10.1\ArcToolbox\Toolboxes\Data Management Tools.tbx\AddField" Date="20130603" Time="140831">AddField "C:\Users\Easterday\Dropbox\UC Reserves\Kevin Data\NRS_FINAL04_19_2013\KE_EDITS\KE_EDITING\_Parcel_addAttributes_DB\CoalOil_Parcel.shp" GIS_ACRES TEXT # # # # NULLABLE NON_REQUIRED #</Process><Process ToolSource="c:\program files (x86)\arcgis\desktop10.1\ArcToolbox\Toolboxes\Data Management Tools.tbx\AddField" Date="20130603" Time="140831">AddField "C:\Users\Easterday\Dropbox\UC Reserves\Kevin Data\NRS_FINAL04_19_2013\KE_EDITS\KE_EDITING\_Parcel_addAttributes_DB\CoalOil_Parcel.shp" COUNTY TEXT # # # # NULLABLE NON_REQUIRED #</Process><Process ToolSource="c:\program files (x86)\arcgis\desktop10.1\ArcToolbox\Toolboxes\Data Management Tools.tbx\AddField" Date="20130603" Time="140831">AddField "C:\Users\Easterday\Dropbox\UC Reserves\Kevin Data\NRS_FINAL04_19_2013\KE_EDITS\KE_EDITING\_Parcel_addAttributes_DB\CoalOil_Parcel.shp" AGNCY_LEV TEXT # # # # NULLABLE NON_REQUIRED #</Process><Process ToolSource="c:\program files (x86)\arcgis\desktop10.1\ArcToolbox\Toolboxes\Data Management Tools.tbx\AddField" Date="20130603" Time="140831">AddField "C:\Users\Easterday\Dropbox\UC Reserves\Kevin Data\NRS_FINAL04_19_2013\KE_EDITS\KE_EDITING\_Parcel_addAttributes_DB\CoalOil_Parcel.shp" AGNCY_WEB TEXT # # # # NULLABLE NON_REQUIRED #</Process><Process ToolSource="c:\program files (x86)\arcgis\desktop10.1\ArcToolbox\Toolboxes\Data Management Tools.tbx\AddField" Date="20130603" Time="140831">AddField "C:\Users\Easterday\Dropbox\UC Reserves\Kevin Data\NRS_FINAL04_19_2013\KE_EDITS\KE_EDITING\_Parcel_addAttributes_DB\CoalOil_Parcel.shp" SITE_WEB TEXT # # # # NULLABLE NON_REQUIRED #</Process><Process ToolSource="c:\program files (x86)\arcgis\desktop10.1\ArcToolbox\Toolboxes\Data Management Tools.tbx\AddField" Date="20130603" Time="140831">AddField "C:\Users\Easterday\Dropbox\UC Reserves\Kevin Data\NRS_FINAL04_19_2013\KE_EDITS\KE_EDITING\_Parcel_addAttributes_DB\CoalOil_Parcel.shp" LAYER TEXT # # # # NULLABLE NON_REQUIRED #</Process><Process ToolSource="c:\program files (x86)\arcgis\desktop10.1\ArcToolbox\Toolboxes\Data Management Tools.tbx\AddField" Date="20130603" Time="140831">AddField "C:\Users\Easterday\Dropbox\UC Reserves\Kevin Data\NRS_FINAL04_19_2013\KE_EDITS\KE_EDITING\_Parcel_addAttributes_DB\CoalOil_Parcel.shp" MNG_AGNCY TEXT # # # # NULLABLE NON_REQUIRED #</Process><Process ToolSource="c:\program files (x86)\arcgis\desktop10.1\ArcToolbox\Toolboxes\Data Management Tools.tbx\AddField" Date="20130603" Time="140831">AddField "C:\Users\Easterday\Dropbox\UC Reserves\Kevin Data\NRS_FINAL04_19_2013\KE_EDITS\KE_EDITING\_Parcel_addAttributes_DB\CoalOil_Parcel.shp" LABEL_NAME TEXT # # # # NULLABLE NON_REQUIRED #</Process><Process ToolSource="c:\program files (x86)\arcgis\desktop10.1\ArcToolbox\Toolboxes\Data Management Tools.tbx\AddField" Date="20130603" Time="140831">AddField "C:\Users\Easterday\Dropbox\UC Reserves\Kevin Data\NRS_FINAL04_19_2013\KE_EDITS\KE_EDITING\_Parcel_addAttributes_DB\CoalOil_Parcel.shp" OWN_TYPE TEXT # # # # NULLABLE NON_REQUIRED #</Process><Process ToolSource="c:\program files (x86)\arcgis\desktop10.1\ArcToolbox\Toolboxes\Data Management Tools.tbx\AddField" Date="20130603" Time="140831">AddField "C:\Users\Easterday\Dropbox\UC Reserves\Kevin Data\NRS_FINAL04_19_2013\KE_EDITS\KE_EDITING\_Parcel_addAttributes_DB\CoalOil_Parcel.shp" SITE_NAME TEXT # # # # NULLABLE NON_REQUIRED #</Process><Process ToolSource="c:\program files (x86)\arcgis\desktop10.1\ArcToolbox\Toolboxes\Data Management Tools.tbx\AddField" Date="20130603" Time="140831">AddField "C:\Users\Easterday\Dropbox\UC Reserves\Kevin Data\NRS_FINAL04_19_2013\KE_EDITS\KE_EDITING\_Parcel_addAttributes_DB\CoalOil_Parcel.shp" ALT_SITE_N TEXT # # # # NULLABLE NON_REQUIRED #</Process><Process ToolSource="c:\program files (x86)\arcgis\desktop10.1\ArcToolbox\Toolboxes\Data Management Tools.tbx\AddField" Date="20130603" Time="140831">AddField "C:\Users\Easterday\Dropbox\UC Reserves\Kevin Data\NRS_FINAL04_19_2013\KE_EDITS\KE_EDITING\_Parcel_addAttributes_DB\CoalOil_Parcel.shp" LAND_WATER TEXT # # # # NULLABLE NON_REQUIRED #</Process><Process ToolSource="c:\program files (x86)\arcgis\desktop10.1\ArcToolbox\Toolboxes\Data Management Tools.tbx\AddField" Date="20130603" Time="140831">AddField "C:\Users\Easterday\Dropbox\UC Reserves\Kevin Data\NRS_FINAL04_19_2013\KE_EDITS\KE_EDITING\_Parcel_addAttributes_DB\CoalOil_Parcel.shp" SPEC_USE TEXT # # # # NULLABLE NON_REQUIRED #</Process><Process ToolSource="c:\program files (x86)\arcgis\desktop10.1\ArcToolbox\Toolboxes\Data Management Tools.tbx\AddField" Date="20130603" Time="140831">AddField "C:\Users\Easterday\Dropbox\UC Reserves\Kevin Data\NRS_FINAL04_19_2013\KE_EDITS\KE_EDITING\_Parcel_addAttributes_DB\CoalOil_Parcel.shp" HOLD_NOTES TEXT # # # # NULLABLE NON_REQUIRED #</Process><Process ToolSource="c:\program files (x86)\arcgis\desktop10.1\ArcToolbox\Toolboxes\Data Management Tools.tbx\AddField" Date="20130603" Time="140831">AddField "C:\Users\Easterday\Dropbox\UC Reserves\Kevin Data\NRS_FINAL04_19_2013\KE_EDITS\KE_EDITING\_Parcel_addAttributes_DB\CoalOil_Parcel.shp" CITY TEXT # # # # NULLABLE NON_REQUIRED #</Process><Process ToolSource="c:\program files (x86)\arcgis\desktop10.1\ArcToolbox\Toolboxes\Data Management Tools.tbx\AddField" Date="20130603" Time="140831">AddField "C:\Users\Easterday\Dropbox\UC Reserves\Kevin Data\NRS_FINAL04_19_2013\KE_EDITS\KE_EDITING\_Parcel_addAttributes_DB\CoalOil_Parcel.shp" DESG_AGNCY TEXT # # # # NULLABLE NON_REQUIRED #</Process><Process ToolSource="c:\program files (x86)\arcgis\desktop10.1\ArcToolbox\Toolboxes\Data Management Tools.tbx\AddField" Date="20130603" Time="140831">AddField "C:\Users\Easterday\Dropbox\UC Reserves\Kevin Data\NRS_FINAL04_19_2013\KE_EDITS\KE_EDITING\_Parcel_addAttributes_DB\CoalOil_Parcel.shp" DESG_NAT TEXT # # # # NULLABLE NON_REQUIRED #</Process><Process ToolSource="c:\program files (x86)\arcgis\desktop10.1\ArcToolbox\Toolboxes\Data Management Tools.tbx\AddField" Date="20130603" Time="140832">AddField "C:\Users\Easterday\Dropbox\UC Reserves\Kevin Data\NRS_FINAL04_19_2013\KE_EDITS\KE_EDITING\_Parcel_addAttributes_DB\CoalOil_Parcel.shp" PRIM_PURP TEXT # # # # NULLABLE NON_REQUIRED #</Process><Process ToolSource="c:\program files (x86)\arcgis\desktop10.1\ArcToolbox\Toolboxes\Data Management Tools.tbx\AddField" Date="20130603" Time="140832">AddField "C:\Users\Easterday\Dropbox\UC Reserves\Kevin Data\NRS_FINAL04_19_2013\KE_EDITS\KE_EDITING\_Parcel_addAttributes_DB\CoalOil_Parcel.shp" HOLDING_ID DOUBLE # # # # NULLABLE NON_REQUIRED #</Process><Process ToolSource="c:\program files (x86)\arcgis\desktop10.1\ArcToolbox\Toolboxes\Data Management Tools.tbx\AddField" Date="20130603" Time="140832">AddField "C:\Users\Easterday\Dropbox\UC Reserves\Kevin Data\NRS_FINAL04_19_2013\KE_EDITS\KE_EDITING\_Parcel_addAttributes_DB\CoalOil_Parcel.shp" UNIT_ID DOUBLE # # # # NULLABLE NON_REQUIRED #</Process><Process ToolSource="c:\program files (x86)\arcgis\desktop10.1\ArcToolbox\Toolboxes\Data Management Tools.tbx\AddField" Date="20130603" Time="140832">AddField "C:\Users\Easterday\Dropbox\UC Reserves\Kevin Data\NRS_FINAL04_19_2013\KE_EDITS\KE_EDITING\_Parcel_addAttributes_DB\CoalOil_Parcel.shp" SUPERUNIT TEXT # # # # NULLABLE NON_REQUIRED #</Process><Process ToolSource="c:\program files (x86)\arcgis\desktop10.1\ArcToolbox\Toolboxes\Data Management Tools.tbx\AddField" Date="20130603" Time="140832">AddField "C:\Users\Easterday\Dropbox\UC Reserves\Kevin Data\NRS_FINAL04_19_2013\KE_EDITS\KE_EDITING\_Parcel_addAttributes_DB\CoalOil_Parcel.shp" AGNCY_ID DOUBLE # # # # NULLABLE NON_REQUIRED #</Process><Process ToolSource="c:\program files (x86)\arcgis\desktop10.1\ArcToolbox\Toolboxes\Data Management Tools.tbx\AddField" Date="20130603" Time="140832">AddField "C:\Users\Easterday\Dropbox\UC Reserves\Kevin Data\NRS_FINAL04_19_2013\KE_EDITS\KE_EDITING\_Parcel_addAttributes_DB\CoalOil_Parcel.shp" MNG_AG_ID DOUBLE # # # # NULLABLE NON_REQUIRED #</Process><Process ToolSource="c:\program files (x86)\arcgis\desktop10.1\ArcToolbox\Toolboxes\Data Management Tools.tbx\AddField" Date="20130603" Time="140832">AddField "C:\Users\Easterday\Dropbox\UC Reserves\Kevin Data\NRS_FINAL04_19_2013\KE_EDITS\KE_EDITING\_Parcel_addAttributes_DB\CoalOil_Parcel.shp" AL_AV_PARC DOUBLE # # # # NULLABLE NON_REQUIRED #</Process><Process ToolSource="c:\program files (x86)\arcgis\desktop10.1\ArcToolbox\Toolboxes\Data Management Tools.tbx\AddField" Date="20130603" Time="140832">AddField "C:\Users\Easterday\Dropbox\UC Reserves\Kevin Data\NRS_FINAL04_19_2013\KE_EDITS\KE_EDITING\_Parcel_addAttributes_DB\CoalOil_Parcel.shp" SRC_ALIGN TEXT # # # # NULLABLE NON_REQUIRED #</Process><Process ToolSource="c:\program files (x86)\arcgis\desktop10.1\ArcToolbox\Toolboxes\Data Management Tools.tbx\AddField" Date="20130603" Time="140832">AddField "C:\Users\Easterday\Dropbox\UC Reserves\Kevin Data\NRS_FINAL04_19_2013\KE_EDITS\KE_EDITING\_Parcel_addAttributes_DB\CoalOil_Parcel.shp" SRC_ATTR TEXT # # # # NULLABLE NON_REQUIRED #</Process><Process ToolSource="c:\program files (x86)\arcgis\desktop10.1\ArcToolbox\Toolboxes\Data Management Tools.tbx\AddField" Date="20130603" Time="141308">AddField "C:\Users\Easterday\Dropbox\UC Reserves\Kevin Data\NRS_FINAL04_19_2013\KE_EDITS\KE_EDITING\_Parcel_addAttributes_DB\CoalOil_Parcel.shp" AGNCY_NAME TEXT # # # # NULLABLE NON_REQUIRED #</Process><Process ToolSource="c:\program files (x86)\arcgis\desktop10.1\ArcToolbox\Toolboxes\Data Management Tools.tbx\AddField" Date="20130603" Time="141308">AddField "C:\Users\Easterday\Dropbox\UC Reserves\Kevin Data\NRS_FINAL04_19_2013\KE_EDITS\KE_EDITING\_Parcel_addAttributes_DB\CoalOil_Parcel.shp" UNIT_NAME TEXT # # # # NULLABLE NON_REQUIRED #</Process><Process ToolSource="c:\program files (x86)\arcgis\desktop10.1\ArcToolbox\Toolboxes\Data Management Tools.tbx\AddField" Date="20130603" Time="141308">AddField "C:\Users\Easterday\Dropbox\UC Reserves\Kevin Data\NRS_FINAL04_19_2013\KE_EDITS\KE_EDITING\_Parcel_addAttributes_DB\CoalOil_Parcel.shp" ACCESS_TYP TEXT # # # # NULLABLE NON_REQUIRED #</Process><Process ToolSource="c:\program files (x86)\arcgis\desktop10.1\ArcToolbox\Toolboxes\Data Management Tools.tbx\AddField" Date="20130603" Time="141308">AddField "C:\Users\Easterday\Dropbox\UC Reserves\Kevin Data\NRS_FINAL04_19_2013\KE_EDITS\KE_EDITING\_Parcel_addAttributes_DB\CoalOil_Parcel.shp" GIS_ACRES TEXT # # # # NULLABLE NON_REQUIRED #</Process><Process ToolSource="c:\program files (x86)\arcgis\desktop10.1\ArcToolbox\Toolboxes\Data Management Tools.tbx\AddField" Date="20130603" Time="141308">AddField "C:\Users\Easterday\Dropbox\UC Reserves\Kevin Data\NRS_FINAL04_19_2013\KE_EDITS\KE_EDITING\_Parcel_addAttributes_DB\CoalOil_Parcel.shp" COUNTY TEXT # # # # NULLABLE NON_REQUIRED #</Process><Process ToolSource="c:\program files (x86)\arcgis\desktop10.1\ArcToolbox\Toolboxes\Data Management Tools.tbx\AddField" Date="20130603" Time="141308">AddField "C:\Users\Easterday\Dropbox\UC Reserves\Kevin Data\NRS_FINAL04_19_2013\KE_EDITS\KE_EDITING\_Parcel_addAttributes_DB\CoalOil_Parcel.shp" AGNCY_LEV TEXT # # # # NULLABLE NON_REQUIRED #</Process><Process ToolSource="c:\program files (x86)\arcgis\desktop10.1\ArcToolbox\Toolboxes\Data Management Tools.tbx\AddField" Date="20130603" Time="141308">AddField "C:\Users\Easterday\Dropbox\UC Reserves\Kevin Data\NRS_FINAL04_19_2013\KE_EDITS\KE_EDITING\_Parcel_addAttributes_DB\CoalOil_Parcel.shp" AGNCY_WEB TEXT # # # # NULLABLE NON_REQUIRED #</Process><Process ToolSource="c:\program files (x86)\arcgis\desktop10.1\ArcToolbox\Toolboxes\Data Management Tools.tbx\AddField" Date="20130603" Time="141308">AddField "C:\Users\Easterday\Dropbox\UC Reserves\Kevin Data\NRS_FINAL04_19_2013\KE_EDITS\KE_EDITING\_Parcel_addAttributes_DB\CoalOil_Parcel.shp" SITE_WEB TEXT # # # # NULLABLE NON_REQUIRED #</Process><Process ToolSource="c:\program files (x86)\arcgis\desktop10.1\ArcToolbox\Toolboxes\Data Management Tools.tbx\AddField" Date="20130603" Time="141308">AddField "C:\Users\Easterday\Dropbox\UC Reserves\Kevin Data\NRS_FINAL04_19_2013\KE_EDITS\KE_EDITING\_Parcel_addAttributes_DB\CoalOil_Parcel.shp" LAYER TEXT # # # # NULLABLE NON_REQUIRED #</Process><Process ToolSource="c:\program files (x86)\arcgis\desktop10.1\ArcToolbox\Toolboxes\Data Management Tools.tbx\AddField" Date="20130603" Time="141308">AddField "C:\Users\Easterday\Dropbox\UC Reserves\Kevin Data\NRS_FINAL04_19_2013\KE_EDITS\KE_EDITING\_Parcel_addAttributes_DB\CoalOil_Parcel.shp" MNG_AGNCY TEXT # # # # NULLABLE NON_REQUIRED #</Process><Process ToolSource="c:\program files (x86)\arcgis\desktop10.1\ArcToolbox\Toolboxes\Data Management Tools.tbx\AddField" Date="20130603" Time="141308">AddField "C:\Users\Easterday\Dropbox\UC Reserves\Kevin Data\NRS_FINAL04_19_2013\KE_EDITS\KE_EDITING\_Parcel_addAttributes_DB\CoalOil_Parcel.shp" LABEL_NAME TEXT # # # # NULLABLE NON_REQUIRED #</Process><Process ToolSource="c:\program files (x86)\arcgis\desktop10.1\ArcToolbox\Toolboxes\Data Management Tools.tbx\AddField" Date="20130603" Time="141309">AddField "C:\Users\Easterday\Dropbox\UC Reserves\Kevin Data\NRS_FINAL04_19_2013\KE_EDITS\KE_EDITING\_Parcel_addAttributes_DB\CoalOil_Parcel.shp" OWN_TYPE TEXT # # # # NULLABLE NON_REQUIRED #</Process><Process ToolSource="c:\program files (x86)\arcgis\desktop10.1\ArcToolbox\Toolboxes\Data Management Tools.tbx\AddField" Date="20130603" Time="141309">AddField "C:\Users\Easterday\Dropbox\UC Reserves\Kevin Data\NRS_FINAL04_19_2013\KE_EDITS\KE_EDITING\_Parcel_addAttributes_DB\CoalOil_Parcel.shp" SITE_NAME TEXT # # # # NULLABLE NON_REQUIRED #</Process><Process ToolSource="c:\program files (x86)\arcgis\desktop10.1\ArcToolbox\Toolboxes\Data Management Tools.tbx\AddField" Date="20130603" Time="141309">AddField "C:\Users\Easterday\Dropbox\UC Reserves\Kevin Data\NRS_FINAL04_19_2013\KE_EDITS\KE_EDITING\_Parcel_addAttributes_DB\CoalOil_Parcel.shp" ALT_SITE_N TEXT # # # # NULLABLE NON_REQUIRED #</Process><Process ToolSource="c:\program files (x86)\arcgis\desktop10.1\ArcToolbox\Toolboxes\Data Management Tools.tbx\AddField" Date="20130603" Time="141309">AddField "C:\Users\Easterday\Dropbox\UC Reserves\Kevin Data\NRS_FINAL04_19_2013\KE_EDITS\KE_EDITING\_Parcel_addAttributes_DB\CoalOil_Parcel.shp" LAND_WATER TEXT # # # # NULLABLE NON_REQUIRED #</Process><Process ToolSource="c:\program files (x86)\arcgis\desktop10.1\ArcToolbox\Toolboxes\Data Management Tools.tbx\AddField" Date="20130603" Time="141309">AddField "C:\Users\Easterday\Dropbox\UC Reserves\Kevin Data\NRS_FINAL04_19_2013\KE_EDITS\KE_EDITING\_Parcel_addAttributes_DB\CoalOil_Parcel.shp" SPEC_USE TEXT # # # # NULLABLE NON_REQUIRED #</Process><Process ToolSource="c:\program files (x86)\arcgis\desktop10.1\ArcToolbox\Toolboxes\Data Management Tools.tbx\AddField" Date="20130603" Time="141309">AddField "C:\Users\Easterday\Dropbox\UC Reserves\Kevin Data\NRS_FINAL04_19_2013\KE_EDITS\KE_EDITING\_Parcel_addAttributes_DB\CoalOil_Parcel.shp" HOLD_NOTES TEXT # # # # NULLABLE NON_REQUIRED #</Process><Process ToolSource="c:\program files (x86)\arcgis\desktop10.1\ArcToolbox\Toolboxes\Data Management Tools.tbx\AddField" Date="20130603" Time="141309">AddField "C:\Users\Easterday\Dropbox\UC Reserves\Kevin Data\NRS_FINAL04_19_2013\KE_EDITS\KE_EDITING\_Parcel_addAttributes_DB\CoalOil_Parcel.shp" CITY TEXT # # # # NULLABLE NON_REQUIRED #</Process><Process ToolSource="c:\program files (x86)\arcgis\desktop10.1\ArcToolbox\Toolboxes\Data Management Tools.tbx\AddField" Date="20130603" Time="141309">AddField "C:\Users\Easterday\Dropbox\UC Reserves\Kevin Data\NRS_FINAL04_19_2013\KE_EDITS\KE_EDITING\_Parcel_addAttributes_DB\CoalOil_Parcel.shp" DESG_AGNCY TEXT # # # # NULLABLE NON_REQUIRED #</Process><Process ToolSource="c:\program files (x86)\arcgis\desktop10.1\ArcToolbox\Toolboxes\Data Management Tools.tbx\AddField" Date="20130603" Time="141309">AddField "C:\Users\Easterday\Dropbox\UC Reserves\Kevin Data\NRS_FINAL04_19_2013\KE_EDITS\KE_EDITING\_Parcel_addAttributes_DB\CoalOil_Parcel.shp" DESG_NAT TEXT # # # # NULLABLE NON_REQUIRED #</Process><Process ToolSource="c:\program files (x86)\arcgis\desktop10.1\ArcToolbox\Toolboxes\Data Management Tools.tbx\AddField" Date="20130603" Time="141309">AddField "C:\Users\Easterday\Dropbox\UC Reserves\Kevin Data\NRS_FINAL04_19_2013\KE_EDITS\KE_EDITING\_Parcel_addAttributes_DB\CoalOil_Parcel.shp" PRIM_PURP TEXT # # # # NULLABLE NON_REQUIRED #</Process><Process ToolSource="c:\program files (x86)\arcgis\desktop10.1\ArcToolbox\Toolboxes\Data Management Tools.tbx\AddField" Date="20130603" Time="141309">AddField "C:\Users\Easterday\Dropbox\UC Reserves\Kevin Data\NRS_FINAL04_19_2013\KE_EDITS\KE_EDITING\_Parcel_addAttributes_DB\CoalOil_Parcel.shp" HOLDING_ID DOUBLE # # # # NULLABLE NON_REQUIRED #</Process><Process ToolSource="c:\program files (x86)\arcgis\desktop10.1\ArcToolbox\Toolboxes\Data Management Tools.tbx\AddField" Date="20130603" Time="141309">AddField "C:\Users\Easterday\Dropbox\UC Reserves\Kevin Data\NRS_FINAL04_19_2013\KE_EDITS\KE_EDITING\_Parcel_addAttributes_DB\CoalOil_Parcel.shp" UNIT_ID DOUBLE # # # # NULLABLE NON_REQUIRED #</Process><Process ToolSource="c:\program files (x86)\arcgis\desktop10.1\ArcToolbox\Toolboxes\Data Management Tools.tbx\AddField" Date="20130603" Time="141309">AddField "C:\Users\Easterday\Dropbox\UC Reserves\Kevin Data\NRS_FINAL04_19_2013\KE_EDITS\KE_EDITING\_Parcel_addAttributes_DB\CoalOil_Parcel.shp" SUPERUNIT TEXT # # # # NULLABLE NON_REQUIRED #</Process><Process ToolSource="c:\program files (x86)\arcgis\desktop10.1\ArcToolbox\Toolboxes\Data Management Tools.tbx\AddField" Date="20130603" Time="141309">AddField "C:\Users\Easterday\Dropbox\UC Reserves\Kevin Data\NRS_FINAL04_19_2013\KE_EDITS\KE_EDITING\_Parcel_addAttributes_DB\CoalOil_Parcel.shp" AGNCY_ID DOUBLE # # # # NULLABLE NON_REQUIRED #</Process><Process ToolSource="c:\program files (x86)\arcgis\desktop10.1\ArcToolbox\Toolboxes\Data Management Tools.tbx\AddField" Date="20130603" Time="141309">AddField "C:\Users\Easterday\Dropbox\UC Reserves\Kevin Data\NRS_FINAL04_19_2013\KE_EDITS\KE_EDITING\_Parcel_addAttributes_DB\CoalOil_Parcel.shp" MNG_AG_ID DOUBLE # # # # NULLABLE NON_REQUIRED #</Process><Process ToolSource="c:\program files (x86)\arcgis\desktop10.1\ArcToolbox\Toolboxes\Data Management Tools.tbx\AddField" Date="20130603" Time="141309">AddField "C:\Users\Easterday\Dropbox\UC Reserves\Kevin Data\NRS_FINAL04_19_2013\KE_EDITS\KE_EDITING\_Parcel_addAttributes_DB\CoalOil_Parcel.shp" AL_AV_PARC DOUBLE # # # # NULLABLE NON_REQUIRED #</Process><Process ToolSource="c:\program files (x86)\arcgis\desktop10.1\ArcToolbox\Toolboxes\Data Management Tools.tbx\AddField" Date="20130603" Time="141309">AddField "C:\Users\Easterday\Dropbox\UC Reserves\Kevin Data\NRS_FINAL04_19_2013\KE_EDITS\KE_EDITING\_Parcel_addAttributes_DB\CoalOil_Parcel.shp" SRC_ALIGN TEXT # # # # NULLABLE NON_REQUIRED #</Process><Process ToolSource="c:\program files (x86)\arcgis\desktop10.1\ArcToolbox\Toolboxes\Data Management Tools.tbx\AddField" Date="20130603" Time="141309">AddField "C:\Users\Easterday\Dropbox\UC Reserves\Kevin Data\NRS_FINAL04_19_2013\KE_EDITS\KE_EDITING\_Parcel_addAttributes_DB\CoalOil_Parcel.shp" SRC_ATTR TEXT # # # # NULLABLE NON_REQUIRED #</Process><Process ToolSource="c:\program files (x86)\arcgis\desktop10.1\ArcToolbox\Toolboxes\Data Management Tools.tbx\AddField" Date="20130603" Time="141309">AddField "C:\Users\Easterday\Dropbox\UC Reserves\Kevin Data\NRS_FINAL04_19_2013\KE_EDITS\KE_EDITING\_Parcel_addAttributes_DB\CoalOil_Parcel.shp" D_ACQ_YR DOUBLE # # # # NULLABLE NON_REQUIRED #</Process><Process ToolSource="c:\program files (x86)\arcgis\desktop10.1\ArcToolbox\Toolboxes\Data Management Tools.tbx\AddField" Date="20130603" Time="141453">AddField "C:\Users\Easterday\Dropbox\UC Reserves\Kevin Data\NRS_FINAL04_19_2013\KE_EDITS\KE_EDITING\_Parcel_addAttributes_DB\CoalOil_Parcel.shp" AGNCY_NAME TEXT # # # # NULLABLE NON_REQUIRED #</Process><Process ToolSource="c:\program files (x86)\arcgis\desktop10.1\ArcToolbox\Toolboxes\Data Management Tools.tbx\AddField" Date="20130603" Time="141453">AddField "C:\Users\Easterday\Dropbox\UC Reserves\Kevin Data\NRS_FINAL04_19_2013\KE_EDITS\KE_EDITING\_Parcel_addAttributes_DB\CoalOil_Parcel.shp" UNIT_NAME TEXT # # # # NULLABLE NON_REQUIRED #</Process><Process ToolSource="c:\program files (x86)\arcgis\desktop10.1\ArcToolbox\Toolboxes\Data Management Tools.tbx\AddField" Date="20130603" Time="141453">AddField "C:\Users\Easterday\Dropbox\UC Reserves\Kevin Data\NRS_FINAL04_19_2013\KE_EDITS\KE_EDITING\_Parcel_addAttributes_DB\CoalOil_Parcel.shp" ACCESS_TYP TEXT # # # # NULLABLE NON_REQUIRED #</Process><Process ToolSource="c:\program files (x86)\arcgis\desktop10.1\ArcToolbox\Toolboxes\Data Management Tools.tbx\AddField" Date="20130603" Time="141453">AddField "C:\Users\Easterday\Dropbox\UC Reserves\Kevin Data\NRS_FINAL04_19_2013\KE_EDITS\KE_EDITING\_Parcel_addAttributes_DB\CoalOil_Parcel.shp" COUNTY TEXT # # # # NULLABLE NON_REQUIRED #</Process><Process ToolSource="c:\program files (x86)\arcgis\desktop10.1\ArcToolbox\Toolboxes\Data Management Tools.tbx\AddField" Date="20130603" Time="141453">AddField "C:\Users\Easterday\Dropbox\UC Reserves\Kevin Data\NRS_FINAL04_19_2013\KE_EDITS\KE_EDITING\_Parcel_addAttributes_DB\CoalOil_Parcel.shp" AGNCY_LEV TEXT # # # # NULLABLE NON_REQUIRED #</Process><Process ToolSource="c:\program files (x86)\arcgis\desktop10.1\ArcToolbox\Toolboxes\Data Management Tools.tbx\AddField" Date="20130603" Time="141453">AddField "C:\Users\Easterday\Dropbox\UC Reserves\Kevin Data\NRS_FINAL04_19_2013\KE_EDITS\KE_EDITING\_Parcel_addAttributes_DB\CoalOil_Parcel.shp" AGNCY_WEB TEXT # # # # NULLABLE NON_REQUIRED #</Process><Process ToolSource="c:\program files (x86)\arcgis\desktop10.1\ArcToolbox\Toolboxes\Data Management Tools.tbx\AddField" Date="20130603" Time="141453">AddField "C:\Users\Easterday\Dropbox\UC Reserves\Kevin Data\NRS_FINAL04_19_2013\KE_EDITS\KE_EDITING\_Parcel_addAttributes_DB\CoalOil_Parcel.shp" SITE_WEB TEXT # # # # NULLABLE NON_REQUIRED #</Process><Process ToolSource="c:\program files (x86)\arcgis\desktop10.1\ArcToolbox\Toolboxes\Data Management Tools.tbx\AddField" Date="20130603" Time="141453">AddField "C:\Users\Easterday\Dropbox\UC Reserves\Kevin Data\NRS_FINAL04_19_2013\KE_EDITS\KE_EDITING\_Parcel_addAttributes_DB\CoalOil_Parcel.shp" LAYER TEXT # # # # NULLABLE NON_REQUIRED #</Process><Process ToolSource="c:\program files (x86)\arcgis\desktop10.1\ArcToolbox\Toolboxes\Data Management Tools.tbx\AddField" Date="20130603" Time="141453">AddField "C:\Users\Easterday\Dropbox\UC Reserves\Kevin Data\NRS_FINAL04_19_2013\KE_EDITS\KE_EDITING\_Parcel_addAttributes_DB\CoalOil_Parcel.shp" MNG_AGNCY TEXT # # # # NULLABLE NON_REQUIRED #</Process><Process ToolSource="c:\program files (x86)\arcgis\desktop10.1\ArcToolbox\Toolboxes\Data Management Tools.tbx\AddField" Date="20130603" Time="141453">AddField "C:\Users\Easterday\Dropbox\UC Reserves\Kevin Data\NRS_FINAL04_19_2013\KE_EDITS\KE_EDITING\_Parcel_addAttributes_DB\CoalOil_Parcel.shp" LABEL_NAME TEXT # # # # NULLABLE NON_REQUIRED #</Process><Process ToolSource="c:\program files (x86)\arcgis\desktop10.1\ArcToolbox\Toolboxes\Data Management Tools.tbx\AddField" Date="20130603" Time="141453">AddField "C:\Users\Easterday\Dropbox\UC Reserves\Kevin Data\NRS_FINAL04_19_2013\KE_EDITS\KE_EDITING\_Parcel_addAttributes_DB\CoalOil_Parcel.shp" OWN_TYPE TEXT # # # # NULLABLE NON_REQUIRED #</Process><Process ToolSource="c:\program files (x86)\arcgis\desktop10.1\ArcToolbox\Toolboxes\Data Management Tools.tbx\AddField" Date="20130603" Time="141453">AddField "C:\Users\Easterday\Dropbox\UC Reserves\Kevin Data\NRS_FINAL04_19_2013\KE_EDITS\KE_EDITING\_Parcel_addAttributes_DB\CoalOil_Parcel.shp" SITE_NAME TEXT # # # # NULLABLE NON_REQUIRED #</Process><Process ToolSource="c:\program files (x86)\arcgis\desktop10.1\ArcToolbox\Toolboxes\Data Management Tools.tbx\AddField" Date="20130603" Time="141453">AddField "C:\Users\Easterday\Dropbox\UC Reserves\Kevin Data\NRS_FINAL04_19_2013\KE_EDITS\KE_EDITING\_Parcel_addAttributes_DB\CoalOil_Parcel.shp" ALT_SITE_N TEXT # # # # NULLABLE NON_REQUIRED #</Process><Process ToolSource="c:\program files (x86)\arcgis\desktop10.1\ArcToolbox\Toolboxes\Data Management Tools.tbx\AddField" Date="20130603" Time="141453">AddField "C:\Users\Easterday\Dropbox\UC Reserves\Kevin Data\NRS_FINAL04_19_2013\KE_EDITS\KE_EDITING\_Parcel_addAttributes_DB\CoalOil_Parcel.shp" LAND_WATER TEXT # # # # NULLABLE NON_REQUIRED #</Process><Process ToolSource="c:\program files (x86)\arcgis\desktop10.1\ArcToolbox\Toolboxes\Data Management Tools.tbx\AddField" Date="20130603" Time="141453">AddField "C:\Users\Easterday\Dropbox\UC Reserves\Kevin Data\NRS_FINAL04_19_2013\KE_EDITS\KE_EDITING\_Parcel_addAttributes_DB\CoalOil_Parcel.shp" SPEC_USE TEXT # # # # NULLABLE NON_REQUIRED #</Process><Process ToolSource="c:\program files (x86)\arcgis\desktop10.1\ArcToolbox\Toolboxes\Data Management Tools.tbx\AddField" Date="20130603" Time="141453">AddField "C:\Users\Easterday\Dropbox\UC Reserves\Kevin Data\NRS_FINAL04_19_2013\KE_EDITS\KE_EDITING\_Parcel_addAttributes_DB\CoalOil_Parcel.shp" HOLD_NOTES TEXT # # # # NULLABLE NON_REQUIRED #</Process><Process ToolSource="c:\program files (x86)\arcgis\desktop10.1\ArcToolbox\Toolboxes\Data Management Tools.tbx\AddField" Date="20130603" Time="141454">AddField "C:\Users\Easterday\Dropbox\UC Reserves\Kevin Data\NRS_FINAL04_19_2013\KE_EDITS\KE_EDITING\_Parcel_addAttributes_DB\CoalOil_Parcel.shp" CITY TEXT # # # # NULLABLE NON_REQUIRED #</Process><Process ToolSource="c:\program files (x86)\arcgis\desktop10.1\ArcToolbox\Toolboxes\Data Management Tools.tbx\AddField" Date="20130603" Time="141454">AddField "C:\Users\Easterday\Dropbox\UC Reserves\Kevin Data\NRS_FINAL04_19_2013\KE_EDITS\KE_EDITING\_Parcel_addAttributes_DB\CoalOil_Parcel.shp" DESG_AGNCY TEXT # # # # NULLABLE NON_REQUIRED #</Process><Process ToolSource="c:\program files (x86)\arcgis\desktop10.1\ArcToolbox\Toolboxes\Data Management Tools.tbx\AddField" Date="20130603" Time="141454">AddField "C:\Users\Easterday\Dropbox\UC Reserves\Kevin Data\NRS_FINAL04_19_2013\KE_EDITS\KE_EDITING\_Parcel_addAttributes_DB\CoalOil_Parcel.shp" DESG_NAT TEXT # # # # NULLABLE NON_REQUIRED #</Process><Process ToolSource="c:\program files (x86)\arcgis\desktop10.1\ArcToolbox\Toolboxes\Data Management Tools.tbx\AddField" Date="20130603" Time="141454">AddField "C:\Users\Easterday\Dropbox\UC Reserves\Kevin Data\NRS_FINAL04_19_2013\KE_EDITS\KE_EDITING\_Parcel_addAttributes_DB\CoalOil_Parcel.shp" PRIM_PURP TEXT # # # # NULLABLE NON_REQUIRED #</Process><Process ToolSource="c:\program files (x86)\arcgis\desktop10.1\ArcToolbox\Toolboxes\Data Management Tools.tbx\AddField" Date="20130603" Time="141454">AddField "C:\Users\Easterday\Dropbox\UC Reserves\Kevin Data\NRS_FINAL04_19_2013\KE_EDITS\KE_EDITING\_Parcel_addAttributes_DB\CoalOil_Parcel.shp" HOLDING_ID DOUBLE # # # # NULLABLE NON_REQUIRED #</Process><Process ToolSource="c:\program files (x86)\arcgis\desktop10.1\ArcToolbox\Toolboxes\Data Management Tools.tbx\AddField" Date="20130603" Time="141454">AddField "C:\Users\Easterday\Dropbox\UC Reserves\Kevin Data\NRS_FINAL04_19_2013\KE_EDITS\KE_EDITING\_Parcel_addAttributes_DB\CoalOil_Parcel.shp" UNIT_ID DOUBLE # # # # NULLABLE NON_REQUIRED #</Process><Process ToolSource="c:\program files (x86)\arcgis\desktop10.1\ArcToolbox\Toolboxes\Data Management Tools.tbx\AddField" Date="20130603" Time="141454">AddField "C:\Users\Easterday\Dropbox\UC Reserves\Kevin Data\NRS_FINAL04_19_2013\KE_EDITS\KE_EDITING\_Parcel_addAttributes_DB\CoalOil_Parcel.shp" SUPERUNIT TEXT # # # # NULLABLE NON_REQUIRED #</Process><Process ToolSource="c:\program files (x86)\arcgis\desktop10.1\ArcToolbox\Toolboxes\Data Management Tools.tbx\AddField" Date="20130603" Time="141454">AddField "C:\Users\Easterday\Dropbox\UC Reserves\Kevin Data\NRS_FINAL04_19_2013\KE_EDITS\KE_EDITING\_Parcel_addAttributes_DB\CoalOil_Parcel.shp" AGNCY_ID DOUBLE # # # # NULLABLE NON_REQUIRED #</Process><Process ToolSource="c:\program files (x86)\arcgis\desktop10.1\ArcToolbox\Toolboxes\Data Management Tools.tbx\AddField" Date="20130603" Time="141454">AddField "C:\Users\Easterday\Dropbox\UC Reserves\Kevin Data\NRS_FINAL04_19_2013\KE_EDITS\KE_EDITING\_Parcel_addAttributes_DB\CoalOil_Parcel.shp" MNG_AG_ID DOUBLE # # # # NULLABLE NON_REQUIRED #</Process><Process ToolSource="c:\program files (x86)\arcgis\desktop10.1\ArcToolbox\Toolboxes\Data Management Tools.tbx\AddField" Date="20130603" Time="141454">AddField "C:\Users\Easterday\Dropbox\UC Reserves\Kevin Data\NRS_FINAL04_19_2013\KE_EDITS\KE_EDITING\_Parcel_addAttributes_DB\CoalOil_Parcel.shp" AL_AV_PARC DOUBLE # # # # NULLABLE NON_REQUIRED #</Process><Process ToolSource="c:\program files (x86)\arcgis\desktop10.1\ArcToolbox\Toolboxes\Data Management Tools.tbx\AddField" Date="20130603" Time="141454">AddField "C:\Users\Easterday\Dropbox\UC Reserves\Kevin Data\NRS_FINAL04_19_2013\KE_EDITS\KE_EDITING\_Parcel_addAttributes_DB\CoalOil_Parcel.shp" SRC_ALIGN TEXT # # # # NULLABLE NON_REQUIRED #</Process><Process ToolSource="c:\program files (x86)\arcgis\desktop10.1\ArcToolbox\Toolboxes\Data Management Tools.tbx\AddField" Date="20130603" Time="141454">AddField "C:\Users\Easterday\Dropbox\UC Reserves\Kevin Data\NRS_FINAL04_19_2013\KE_EDITS\KE_EDITING\_Parcel_addAttributes_DB\CoalOil_Parcel.shp" SRC_ATTR TEXT # # # # NULLABLE NON_REQUIRED #</Process><Process ToolSource="c:\program files (x86)\arcgis\desktop10.1\ArcToolbox\Toolboxes\Data Management Tools.tbx\AddField" Date="20130603" Time="141454">AddField "C:\Users\Easterday\Dropbox\UC Reserves\Kevin Data\NRS_FINAL04_19_2013\KE_EDITS\KE_EDITING\_Parcel_addAttributes_DB\CoalOil_Parcel.shp" D_ACQ_YR DOUBLE # # # # NULLABLE NON_REQUIRED #</Process><Process ToolSource="c:\program files (x86)\arcgis\desktop10.1\ArcToolbox\Toolboxes\Data Management Tools.tbx\Project" Date="20140414" Time="130953">Project C:/Users/Kelly/Desktop/All\CoalOil_Parcel.shp C:/Users/Kelly/Desktop/All\CoalOil_Parcel_prj_.shp PROJCS['NAD_1983_California_Teale_Albers',GEOGCS['GCS_North_American_1983',DATUM['D_North_American_1983',SPHEROID['GRS_1980',6378137.0,298.257222101]],PRIMEM['Greenwich',0.0],UNIT['Degree',0.0174532925199433]],PROJECTION['Albers'],PARAMETER['False_Easting',0.0],PARAMETER['False_Northing',-4000000.0],PARAMETER['Central_Meridian',-120.0],PARAMETER['Standard_Parallel_1',34.0],PARAMETER['Standard_Parallel_2',40.5],PARAMETER['Latitude_Of_Origin',0.0],UNIT['Meter',1.0]] # PROJCS['NAD_1983_StatePlane_California_V_FIPS_0405_Feet',GEOGCS['GCS_North_American_1983',DATUM['D_North_American_1983',SPHEROID['GRS_1980',6378137.0,298.257222101]],PRIMEM['Greenwich',0.0],UNIT['Degree',0.0174532925199433]],PROJECTION['Lambert_Conformal_Conic'],PARAMETER['False_Easting',6561666.666666666],PARAMETER['False_Northing',1640416.666666667],PARAMETER['Central_Meridian',-118.0],PARAMETER['Standard_Parallel_1',34.03333333333333],PARAMETER['Standard_Parallel_2',35.46666666666667],PARAMETER['Latitude_Of_Origin',33.5],UNIT['Foot_US',0.3048006096012192]]</Process><Process ToolSource="c:\program files (x86)\arcgis\desktop10.1\ArcToolbox\Toolboxes\Data Management Tools.tbx\Project" Date="20140414" Time="130955">Project C:/Users/Kelly/Desktop/All\CoalOil_Parcel_prj_.shp C:/Users/Kelly/Desktop/All\CoalOil_Parcel_prj__prj_.shp PROJCS['NAD_1983_California_Teale_Albers',GEOGCS['GCS_North_American_1983',DATUM['D_North_American_1983',SPHEROID['GRS_1980',6378137.0,298.257222101]],PRIMEM['Greenwich',0.0],UNIT['Degree',0.0174532925199433]],PROJECTION['Albers'],PARAMETER['False_Easting',0.0],PARAMETER['False_Northing',-4000000.0],PARAMETER['Central_Meridian',-120.0],PARAMETER['Standard_Parallel_1',34.0],PARAMETER['Standard_Parallel_2',40.5],PARAMETER['Latitude_Of_Origin',0.0],UNIT['Meter',1.0]] # PROJCS['NAD_1983_California_Teale_Albers',GEOGCS['GCS_North_American_1983',DATUM['D_North_American_1983',SPHEROID['GRS_1980',6378137.0,298.257222101]],PRIMEM['Greenwich',0.0],UNIT['Degree',0.0174532925199433]],PROJECTION['Albers'],PARAMETER['False_Easting',0.0],PARAMETER['False_Northing',-4000000.0],PARAMETER['Central_Meridian',-120.0],PARAMETER['Standard_Parallel_1',34.0],PARAMETER['Standard_Parallel_2',40.5],PARAMETER['Latitude_Of_Origin',0.0],UNIT['Meter',1.0]]</Process></lineage><itemProps><itemLocation><linkage Sync="TRUE">file://\\AMY\C$\Users\Easterday\Dropbox\Shapefiles (2)\Coal_Oil_Point_KE_Both_Completed\CoalOil_Parcel</linkage><protocol Sync="TRUE">Local Area Network</protocol></itemLocation></itemProps><copyHistory><copy source="C:\Users\Easterday\Dropbox\UC Reserves\Kevin Data\NRS_FINAL04_19_2013\KE_EDITS\KE_EDITING\__ADDEDCPAD\CoalOil_Parcel" dest="\\AMY\C$\Users\Easterday\Dropbox\Shapefiles (2)\Coal_Oil_Point_KE_Both_Completed\CoalOil_Parcel" date="20130603" time="14265100"></copy></copyHistory></DataProperties></Esri></metadata>
