,pd10,pd15,pd20,pd25,pd30,pd35,pd40,pd45,pd50,pd55,pd60,pd65,pd70,pd75,pd80,pd85,pd90,pd95,pd100,pd105,pd110,pd115,pd120,pd125,pd130,pd135,pd140,pd145,pd150,pd155,pd160,pd165,pd170,pd175,pd180,pd185,pd190,pd195,pd200,pd205,pd210,pd215,pd220,pd225,pd230,pd235,pd240,pd245,pd250,pd255,pd260,pd265,pd270,pd275,pd280,pd285,pd290,pd295,pd300,pd305,pd310,pd315,pd320,pd325,pd330,pd335,pd340,pd345,pd350,pd355,pd360,pd365,pd370,pd375,pd380,pd385,pd390,pd395,pd400,pd405,pd410,pd415,pd420,pd425,pd430,pd435,pd440,pd445,pd450,pd455,pd460,pd465,pd470,pd475,pd480,pd485,pd490,pd495,pd500,pd505,pd510,pd515,pd520,pd525,pd530,pd535,pd540,pd545,pd550,pd555,pd560,pd565,pd570,pd575,pd580,pd585,pd590,pd595,pd600,pd605,pd610
0.5,1151.50835134,1494.38420918,1822.01957007,2071.5306788599996,2411.838902725,2614.418770805,2944.656514865,3177.10585157,3465.094354135,3713.1331298650002,3913.74255517,4140.565424305,4415.228227075,4552.8182246999995,4890.880036505,5076.09832609,5181.282062625,5266.48509495,5655.066611235,5753.38636449,6018.47103376,6101.040666845,6237.183175325001,6596.327585554999,6648.263977065,6831.809747255,7042.749443435,7177.678421745,7302.819462735,7553.201107479999,7642.986704024999,7780.895686715,8031.695919365,8195.590247279999,8221.25565348,8443.534079805,8652.280553960001,8642.820555135,8767.045631095,8982.39160041,9154.643459765,9385.63513717,9436.133823544998,9498.199134600001,9614.981369915,9908.930130050001,9970.325466465,9973.346262905,10147.770964375,10365.85103537,10445.910033959999,10659.613653729999,10778.39787427,10834.540939145,10942.462050684999,11142.99244378,11127.081945259999,11352.709614935,11588.72770853,11756.41648939,11825.539287175,11927.80977973,12024.19297125,12247.78624291,12370.139163079999,12500.247139035,12330.30541982,12644.76907339,12908.210969985,12952.644354395,13014.639785520001,13068.40807403,13368.48660975,13431.896926815001,13702.56522403,13594.643617665,13686.5195801,13915.727332285,14038.941997599999,14189.3414799,14354.22833711,14319.790466245,14571.389989095,14640.718589375,14773.1506892,14991.40956145,15097.89140941,15196.219578785,15314.906259705,15505.480122814999,15498.092701715,15600.796153419999,15791.937070525,15964.63237605,16078.51476107,16062.763528675,16277.28164828,16431.273926589998,16486.23467157,16563.809175895,16794.555349950002,16861.072199860002,16997.95632233,17116.42439457,17340.368328535,17327.43549024,17516.88636382,17480.670299885,17802.0184452,17885.721569115,18028.889588960003,18139.425812165002,18245.94316307,18433.196422955,18436.112999009998,18668.50539496,18820.341222465002,18874.037920644998,19071.497877265,19242.292045355,19504.914788
1,1171.7525351299998,1520.12250548,1858.90228923,2124.66663772,2482.2840611700003,2723.09063205,3011.38495596,3271.7477434700004,3553.9692806900002,3745.9537668400003,3951.35342059,4264.99665133,4491.99593243,4630.42168622,4939.1652790200005,5129.91576516,5259.56431979,5417.5418301,5722.62467543,5823.981923300001,6064.43052484,6150.980081350001,6375.826444249999,6706.85338089,6723.8290634,6917.59165389,7182.98342684,7224.6759016000005,7425.03477085,7631.80382552,7717.38932209,7847.09775901,8086.33954932,8251.14013991,8326.70228119,8602.65130668,8695.40426163,8736.43654578,8978.471287010001,9119.133140670001,9200.12006317,9481.25883389,9576.72895778,9619.92827142,9726.05213518,9945.09550249,10069.86797524,10082.20201933,10210.711886129999,10429.93708435,10633.020306370001,10772.247313580001,10862.640270400001,10920.779830610001,11057.75106504,11247.06599254,11384.61472928,11515.49998391,11687.844252140001,11863.30844989,11886.61166538,12058.88249075,12100.87151747,12325.665611080001,12457.82560785,12638.12731188,12643.08624815,12821.107211030001,12967.55633405,13090.92950592,13226.029015709999,13299.03030084,13419.39598666,13516.41307865,13804.745581610001,13695.40517645,13971.110352759999,14028.8374746,14165.150531969999,14388.75335529,14460.34282802,14424.277777419999,14670.99733905,14820.631793120001,14930.22578379,15075.98709053,15172.54016346,15249.82384078,15428.849022639999,15562.83871857,15698.427041059998,15621.73829917,15968.403419080001,16033.96583791,16127.128847619999,16171.96062822,16362.18764506,16487.47082468,16581.60003431,16659.55467234,16892.40592985,16968.39520194,17077.64629027,17230.13570988,17402.762971250002,17403.35947048,17552.53433489,17682.61437228,17882.4479562,17957.610465730002,18088.04022435,18195.36206159,18308.1204169,18472.6307845,18546.79059371,18722.12372384,18868.82504485,18964.120985240002,19144.15892179,19289.35861175,19579.234134
1.5,1211.45342342,1561.664792025,1897.81771178,2165.25327673,2509.609192715,2763.79608328,3054.9263383,3368.730467385,3588.211848325,3804.822229855,4020.759978795,4298.465729355001,4531.42557139,4691.25444034,4989.011554235,5178.224784755,5327.56966983,5496.30037173,5751.402795475,5860.77470825,6139.09759993,6259.02511462,6425.7557682999995,6757.787048605,6831.6493493299995,6972.59464039,7272.719292985,7312.549939475,7511.795479465,7685.17730082,7790.726894779999,7922.45476902,8118.7582247400005,8313.1463024,8418.413473855,8650.761055365001,8754.82406805,8859.387053805,9026.341544179999,9204.453992445,9228.894733855,9543.959351095,9606.298712885,9774.741413055,9793.31721406,10032.691425915,10124.61299258,10238.763227205,10357.60772405,10532.675403689998,10684.651871535,10833.533254185,10974.755886814999,11010.914318245,11223.88230452,11313.79281724,11510.139602825,11615.918203415,11720.501979005,11980.613444569999,12033.09156421,12117.5853645,12189.038009619999,12411.122392795001,12524.722549945,12696.3273841,12718.95151668,12890.078419129999,13036.7522808,13146.20483778,13293.799496135,13322.278568855001,13469.084481145,13547.525865825,13867.40403964,13817.794989355,14117.171937165,14121.16852602,14261.374698779999,14403.85508109,14529.96266046,14616.90597783,14734.597311869999,14906.152758745,14997.364372565,15163.58419603,15218.60798001,15292.04913957,15488.862602045001,15583.034461055,15761.33358769,15734.239670699999,16020.43687028,16086.0667088,16212.024940835,16280.82071716,16418.10063254,16551.274389475002,16705.268524655,16760.81357231,16912.246660085002,17060.445810835,17130.998544775,17324.54687082,17471.565789325003,17501.75141376,17610.931435955,17746.167283085,17918.797690515,18018.68610091,18114.166403005,18222.891680085002,18364.065147949997,18500.16847646,18609.332571255,18756.378326235,18922.529903905,19013.92873017,19189.958732975,19372.17107081,19646.58132
2,1223.93097666,1587.87790382,1921.6930273,2197.98942198,2519.63172154,2800.09748292,3103.69086436,3404.5162063,3627.74709682,3848.3745463,4045.29259204,4347.28068168,4549.7715454,4732.55303416,5041.476086,5223.17257358,5412.59757532,5556.36758426,5781.096186719999,5903.3370128999995,6185.67114814,6298.84054002,6492.5750482,6779.40004754,6874.4380486,7034.23134428,7292.14527604,7365.59205682,7579.834720960001,7731.18871382,7819.77210088,7969.8737001,8176.08074732,8368.982319120001,8470.117425639999,8691.13105974,8812.23360938,8886.58159318,9066.80164236,9241.268420999999,9319.85646008,9585.0856771,9708.53137576,9815.85396404,9809.62111942,10080.42355506,10167.801978380001,10323.06606512,10448.81067948,10623.70319484,10725.0130151,10900.09430586,11021.79447282,11087.07723346,11244.117052239999,11366.27604348,11555.23296356,11654.11606276,11775.6585177,12045.918179100001,12087.825102100001,12166.46125672,12260.732650079999,12449.9026105,12571.01118796,12754.8647663,12768.08227314,12941.78671682,13072.56305242,13209.17383394,13315.82391818,13362.86659686,13572.592740639999,13665.20937514,13912.19165756,13857.3763694,14147.71925608,14160.85274312,14327.4048521,14446.9531532,14600.68487334,14671.38543136,14834.34150462,14957.68694136,15025.47794724,15233.789362219999,15274.43970476,15366.46815544,15549.00072948,15634.241371299999,15828.71625708,15838.467835439998,16084.6315004,16133.13798388,16280.84886948,16330.326506880001,16466.47725782,16577.276800779997,16750.88135992,16799.177974159997,16951.90174268,17115.11591652,17215.23852954,17349.325820759997,17497.01975536,17572.32074664,17660.071239,17779.599164440002,17935.73573284,18046.643040100003,18160.86880318,18260.41511684,18386.017490140002,18562.83560684,18667.129610400003,18825.349901999998,18957.87674332,19046.62773884,19209.906218,19398.67494048,19652.106582
2.5,1232.1640036,1600.3628037,1953.6393606000001,2233.46013385,2547.5769166,2823.6783990999998,3120.184301725,3438.9489247499996,3665.243198125,3869.012445075,4082.79030815,4369.868039950001,4591.0977905750005,4760.5543619,5073.789178275,5244.192419375,5447.062766075,5599.387221575,5824.66175715,5967.66429305,6226.6205549999995,6326.157565449999,6538.899562875,6810.4316514249995,6922.8842202000005,7056.03177975,7330.5949529750005,7398.182086275,7621.705893325,7771.88506205,7873.388928975,8039.937535775,8216.408983875,8389.464723325,8503.9287305,8708.51056945,8847.28640835,8964.905003975,9110.89378925,9287.706739125,9384.298344050001,9637.156083925,9757.215649525,9850.126985225,9858.393245725001,10104.337595,10213.43040315,10405.41552155,10487.796566375,10679.5393788,10752.642869425,10914.435434474999,11107.821976449999,11137.77514265,11328.765252624999,11399.74570585,11601.737665375,11728.74197825,11809.300174175001,12056.519596125001,12102.14842925,12192.973601874999,12327.63712325,12499.843417,12627.384404475,12774.465028425,12807.382748875,13015.7275546,13121.578901575,13262.825568925,13352.2281358,13442.1963148,13628.4960607,13698.7320557,13946.03859155,13949.759286299999,14171.618204600001,14248.603650425,14392.8694012,14480.803424624999,14633.879126475,14713.9202348,14936.728827225,14975.323781575,15059.698478125,15264.599186525,15319.955626675,15382.809156000001,15591.3078084,15687.766946349999,15887.417456075,15881.157761925,16100.70708085,16197.7594777,16337.989000975,16355.145359799999,16512.51420565,16603.105922225,16792.1049927,16827.555258675002,16993.8203512,17173.15571425,17274.3501396,17374.53845555,17509.907111124998,17604.43416305,17704.10357645,17815.969680875,17974.916432775,18085.75497995,18186.095157775002,18326.641049425,18429.896063775,18592.80346565,18690.1857003,18847.690871225,18986.838438274997,19089.874792274997,19256.1408863,19418.0744573,19662.312215325
5,1282.1738822,1663.9028983,2025.7380272999999,2336.7121583999997,2656.9618250000003,2927.64502365,3203.24084585,3522.5304180499998,3776.82886245,3984.5600201999996,4203.2378339,4513.597353599999,4696.4148119,4892.97688385,5215.0250195,5363.386195399999,5536.10611315,5736.8015728,5953.5223383,6120.47525105,6349.44611395,6519.72690055,6679.96203065,6932.78245555,7064.6893632500005,7181.3322898999995,7440.51078035,7546.7963115,7726.91086745,7872.3156954,8015.54262755,8171.5839138500005,8359.6197814,8489.95491275,8596.5662986,8844.05035755,8979.92372305,9121.829142300001,9257.0638512,9426.797858700002,9505.2970405,9769.1084651,9901.5914408,9997.970668599999,10087.80432005,10250.280158900001,10404.39488555,10550.137438149999,10670.257867100001,10848.787004549999,10909.69545225,11089.99195325,11268.81451505,11338.71826085,11471.90955285,11575.70927055,11792.69542385,11874.38971165,12013.062844349999,12200.4884172,12270.96640845,12316.3668165,12509.6469637,12713.2284684,12804.2685807,12958.89498275,13032.4264768,13137.96969895,13296.60242225,13398.912514399999,13567.85312825,13645.1386794,13765.721573550001,13879.3958374,14096.99620335,14112.1465367,14328.1219566,14424.8884398,14514.56431535,14633.6281807,14787.941398449999,14916.01647545,15067.27778315,15200.65321765,15225.7968442,15429.321352,15490.9930603,15586.491127649999,15723.6000127,15812.44032815,15988.4469394,16050.9624984,16238.01844135,16315.67386325,16441.1339092,16576.8831211,16633.4209142,16787.210778499997,16950.348750499998,17007.530357749998,17124.63868865,17237.34986715,17384.6436287,17521.16898995,17605.575194449997,17725.890563449997,17846.71059125,17943.6562327,18066.9651241,18201.10437605,18301.0016881,18438.7146405,18537.57881125,18701.357791450002,18788.12841545,18940.6293307,19093.321250750003,19192.59993935,19338.65529455,19502.61727315,19698.235384
10,1334.9836364,1762.9594518000001,2115.8633648,2436.0658495000002,2754.3403562999997,3060.4092101,3332.4085961,3644.1684359,3888.3852668,4150.1101735,4349.554206100001,4644.044626,4837.553995599999,5041.3541979,5352.0803103,5527.5643926,5687.7364606,5922.431160200001,6138.3435227,6315.6246984,6491.8976981999995,6670.692845699999,6872.055635899999,7063.026224200001,7208.0335566,7354.1158392,7554.9281774,7674.3197908,7877.1412449,8023.7760283,8157.8976408,8331.9645582,8550.417351,8658.2586905,8811.6950457,8974.1098298,9166.0937788,9292.2200545,9434.1823389,9611.614164300001,9660.243554100001,9915.717253499999,10052.7297571,10165.617128900001,10308.7158741,10427.1156187,10612.3995625,10731.884852199999,10916.7765419,11038.754813000001,11098.6656199,11260.381943600001,11475.0336622,11497.982842899999,11682.2813961,11795.5351701,11970.253038199999,12103.312606899999,12245.7946861,12376.582773,12477.8390838,12589.744599700001,12739.4375384,12887.1673509,12963.0423298,13135.9441599,13286.5056007,13347.8796786,13471.3037388,13579.7772753,13760.2103601,13879.8253233,13939.9524985,14114.646005,14260.9548743,14322.1176503,14485.9910654,14594.747219,14704.3658692,14789.4519859,14959.8136887,15088.29522,15230.8018004,15343.6508142,15432.2292786,15597.810799500001,15651.620733200001,15760.5830607,15893.4271554,16001.5387302,16129.306390599999,16241.0905393,16372.464006499999,16487.564787,16628.0926893,16704.3779426,16810.4796992,16916.3446554,17078.9142937,17173.7453498,17267.5920134,17410.3103449,17518.398143,17650.7811043,17729.366995300003,17866.7239684,17982.2808186,18049.4588396,18186.2318795,18332.247621100003,18442.377355499997,18557.4027785,18668.0233276,18799.0718445,18901.9621036,19021.5071579,19187.7029088,19279.868853,19405.9857363,19556.378971899998,19718.241123
25,1439.43420225,1886.970075,2270.5925115,2622.12787875,2934.96498325,3266.40307775,3564.1031035,3844.78977975,4105.900927500001,4369.7952804999995,4638.9110385,4883.05612775,5113.6594052499995,5314.7616765,5592.001485999999,5763.45180925,5948.376907,6176.51176925,6393.68816375,6584.1213685,6738.23416025,6955.420759250001,7136.313651,7345.14871525,7523.88430825,7661.0895145,7821.0658945000005,7997.90541275,8175.65742375,8299.191621,8489.04120475,8632.728526750001,8828.127335500001,9011.05938725,9146.9133845,9321.03651875,9460.718483999999,9605.936934,9733.0045585,9906.07191625,10048.38439575,10193.817847499999,10365.623055,10516.6456585,10601.70839325,10794.610860499999,10931.99735575,11053.031636,11232.55776875,11368.89998475,11431.075295999999,11550.67721925,11780.134878,11815.58759775,12007.730819749999,12126.39227075,12289.180282,12427.72913925,12601.100255500001,12666.928164500001,12763.13387575,12937.78999725,13050.58785075,13207.9614225,13308.07905925,13433.502699,13576.50462725,13663.46461025,13771.688206,13912.44918875,14087.17596225,14171.603659,14267.6162095,14406.52169675,14526.2419895,14618.266563000001,14772.28788925,14875.346797999999,15026.5718975,15101.8556605,15277.25230275,15343.08317225,15510.9635055,15608.12233375,15679.729844,15826.6551595,15902.50671125,16022.776024,16157.34669525,16277.738183,16392.30642425,16512.723750750003,16624.78551825,16731.00259025,16858.700471,16944.3382285,17052.062752,17192.19641525,17307.064723000003,17401.86404225,17500.917467,17605.23402525,17730.18109875,17856.0949755,17939.3467535,18070.21449075,18173.59451925,18276.638506249998,18395.3059825,18496.41751875,18603.838259750002,18718.1569635,18834.94061325,18961.373505000003,19050.1489365,19160.437570000002,19286.9747605,19389.82596725,19510.45932725,19617.94005975,19740.13250875
75,1748.45821725,2261.98785125,2696.57367275,3048.20860425,3444.52817375,3747.5739642500002,4093.57512675,4375.830121,4651.60663025,4944.91482175,5203.290679,5459.38362975,5736.0383682500005,5931.82002525,6176.003024,6387.76596925,6591.121472999999,6840.6699579999995,7030.10480425,7252.275504,7437.336014,7621.32537175,7793.933863,7990.561194,8199.70920175,8342.61800975,8517.788651750001,8710.93758925,8867.345748,9059.52442775,9166.65963975,9338.216559249999,9494.31612675,9652.95841,9850.8872745,10010.6502885,10155.15957775,10257.506981,10454.24933075,10607.53477825,10701.39944775,10893.880827250001,11020.12807975,11175.90275,11319.51356275,11477.95125125,11618.880075500001,11725.1225865,11918.754375,12026.260942,12181.19723325,12290.059907750001,12417.220069,12527.15605125,12668.81856675,12793.775794,12955.635884000001,13083.6182925,13224.1328215,13343.612832499999,13450.812352,13577.089481,13690.0685995,13832.61825775,13945.03772475,14063.088521,14214.37248,14313.0264315,14424.765123,14526.0989005,14675.92738025,14799.274536500001,14883.08369625,15044.26096675,15118.04442775,15227.126211499999,15360.064098,15452.249694999999,15602.15807,15705.98049125,15856.32807025,15911.33918025,16058.87061125,16151.6177425,16200.48042725,16357.782150250001,16443.01930425,16586.017021249998,16675.213408249998,16796.09487275,16907.8595485,17017.269244,17087.835724,17182.58274875,17317.85622975,17409.478984,17494.68095175,17638.42314725,17716.29009825,17839.071505,17938.213507250002,18039.280644,18139.124243749997,18230.99826,18351.815785,18447.3446885,18525.992136499997,18623.782520499997,18706.3645075,18805.28181375,18917.108642,18999.191247,19093.371737999998,19176.649501,19274.0346215,19361.9733945,19450.27773675,19532.2481145,19619.54477975,19694.5319705,19761.51424325
90,1920.9779446,2442.9420164000003,2909.3021211,3270.6956534,3659.5727573,4026.5540291,4371.798964,4636.5414369,4929.5469413,5237.995814399999,5514.842581600001,5752.9373673,6015.969343000001,6202.8838771,6491.8794800999995,6684.8102383000005,6914.4078755,7152.9039397999995,7338.5674362,7544.845953800001,7751.7589107,7901.511276800001,8086.6882279,8305.266665500001,8473.4413053,8668.2833077,8805.2284716,8995.042059,9196.0209648,9349.5015984,9542.921949,9651.0551237,9794.2816917,9976.1051663,10150.1302653,10278.4930597,10466.6372837,10538.5548825,10745.0646729,10914.6357977,11014.3990207,11197.4543217,11267.8200768,11469.6054796,11590.4178093,11752.2128393,11948.2317934,12057.1605378,12206.229605800001,12307.0359088,12449.0845473,12603.1259679,12699.088762,12804.4645732,12974.9361689,13101.2620282,13268.1376671,13340.9435358,13502.0688147,13624.295997399999,13729.8717499,13851.7520695,13968.9890189,14107.8189229,14192.5837506,14336.166943,14478.638089,14516.7288897,14696.856854,14772.4944245,14883.8355998,15060.6136067,15177.1605382,15291.7944348,15376.072631199999,15469.9976271,15592.4838428,15655.9587374,15823.2623064,15909.8587172,16068.4092563,16122.0735702,16268.9280719,16346.111124199999,16441.9777201,16575.6732215,16675.345678600002,16781.9671905,16889.7556436,16972.9513796,17109.480136,17217.7110578,17292.9881497,17374.2608377,17475.4718507,17607.3164604,17666.9077001,17781.7265061,17885.739674099998,17991.9148428,18096.9405965,18186.4965185,18267.902455400003,18375.7449944,18470.6805621,18575.6889429,18649.5871716,18732.702437,18818.0605793,18916.943261200002,19007.8330323,19081.5987861,19184.2728125,19260.7362628,19339.6930146,19422.8045288,19501.1385593,19577.599679,19651.0101261,19716.7091937,19764.0608908
97.5,2095.3160481749997,2682.3168151499995,3177.638376225,3513.972357475,3983.579477575,4331.962141149999,4632.9638532,4960.653121125,5271.099288275,5544.793911899999,5787.801739875,6123.436783425001,6279.39939065,6513.610957425,6819.030186000001,6936.13132945,7216.9833032,7445.93531445,7601.3057255,7836.4114274250005,8030.105880225,8252.977585274999,8415.492155375001,8636.41915305,8806.6812651,8953.32403045,9101.511287225,9354.17562165,9513.364227325,9706.722036525001,9880.8458814,9965.334267100001,10110.69607885,10294.47387025,10489.418580825,10566.062187849999,10769.939288025,10882.536776525,11122.452382975,11170.516618525,11295.72015745,11497.309417374998,11608.130614125,11794.984613849998,11867.0397939,12051.247969999999,12240.261100599999,12364.295992,12546.214874399999,12593.747045774999,12700.950425649999,12824.662017175,12925.922412999998,13085.578135574999,13205.0681827,13391.238047975,13538.276347,13637.39071285,13785.571506,13901.55413035,13958.07137875,14126.678301225,14222.8526549,14401.206259100001,14491.7324466,14594.88131465,14787.571051875,14768.856974925,14978.04613735,15071.76895485,15146.749416024999,15316.705782075,15392.131126675,15506.015417375,15592.600590725,15688.8013351,15854.388887725001,15876.366715375001,16091.663671675,16165.352404624999,16267.247161325,16366.239210575,16464.615281275,16516.359403275,16637.382964225,16760.432510249997,16887.947580825,16964.154148100002,17081.58876115,17192.376146249997,17347.631589375,17407.559998225002,17466.762746875,17551.195064300002,17662.355679525,17770.8229638,17849.463305049998,17909.7940438,18061.721730175002,18146.0205314,18264.588756175002,18337.67437725,18401.69206935,18520.831429525,18572.653534525,18700.06893825,18760.938495125,18839.006225,18921.845999575,18999.28877425,19099.727264625002,19153.249362475002,19260.27362215,19359.179479375,19411.551023725002,19478.745110575,19559.395224375003,19619.174147475,19680.22711265,19739.77993285,19764.6376577
98,2116.43232468,2714.3004595800003,3203.2989266799996,3534.536748519999,4039.76679328,4368.93985282,4641.799719879999,5005.96174298,5300.15186188,5580.98265968,5845.5558598,6142.568812879999,6365.6869499,6526.0480277999995,6836.346680499999,6979.74645634,7277.7057092,7477.622051179999,7654.77991576,7886.219517959999,8063.2477725399995,8281.56571388,8426.73684542,8689.01180162,8844.5188428,9006.653542940001,9143.99742432,9373.697295499998,9558.6537137,9753.4363471,9921.60658674,9995.923699239998,10122.06344336,10329.55995162,10530.174198100001,10620.43630386,10823.45090174,10955.36325016,11173.29873156,11196.61251382,11316.91209036,11603.81659778,11632.01572638,11834.133255800001,11916.49694254,12095.790302039999,12309.74028214,12419.358557059999,12585.00273642,12662.347755859999,12745.999261519999,12840.71601246,12965.91274066,13112.11792822,13287.68742792,13461.98173076,13567.71236864,13672.28819072,13812.888876359999,13937.4542941,13976.034783039999,14170.395483920001,14286.64827982,14431.293182660002,14543.55929164,14612.71565292,14800.36239898,14789.395942559999,15011.59143132,15089.29972254,15216.38925242,15333.48770556,15418.79675136,15525.17591068,15642.43858536,15718.469656840001,15886.3277606,15903.43409354,16128.57549832,16216.57626844,16302.00173758,16393.53717892,16487.25820348,16557.86946346,16664.48208274,16789.71437276,16928.49390336,16986.03203414,17108.20316498,17234.82980848,17355.93599054,17442.93735026,17496.63894246,17576.791481879998,17688.816122279997,17785.85447358,17874.46074848,17915.554180400002,18083.44640176,18174.484142100002,18278.47313046,18345.98406606,18414.89465372,18532.02487012,18585.59362544,18712.58284394,18767.566433459997,18853.294488940002,18953.30592228,19010.57695514,19113.35146582,19166.77594336,19271.96792394,19368.60323536,19416.85130264,19486.231115360002,19562.98652018,19622.94867006,19683.749503799998,19742.193532100002,19764.654305
98.5,2139.9573427049995,2780.819156495,3227.3241488099998,3619.68765875,4071.4740893699995,4448.362580965,4698.15330659,5090.218575595,5362.23085525,5597.289475945,5914.805151619999,6196.22989738,6386.457604249999,6585.477467129999,6896.006488619999,7057.063106435,7382.858672535,7545.84983531,7733.202876525,7941.17411631,8148.293390199999,8350.10378239,8492.636649585,8729.076496374999,8872.58313427,9119.256430375,9186.174072795,9426.557940075,9646.011478159999,9777.5297522,9992.133610685,10077.53635196,10157.21733441,10362.677958154998,10584.009948295,10710.163656855,10908.11126276,11058.248070590002,11258.541614875001,11311.725384509999,11371.108075295,11649.33917243,11699.93807888,11877.82145695,11976.378360405,12142.01141479,12347.32826502,12471.189679989999,12637.81447893,12715.254562475,12779.32754254,12869.504103235,12984.625222535,13146.318892020001,13350.748786139999,13504.512113474999,13592.15252828,13802.67403641,13849.54002741,13979.046913985,14068.785666374999,14256.34590277,14348.44693418,14475.35553354,14592.10463889,14668.469929445,14836.121141549998,14819.08005399,15034.770681075,15108.34538031,15255.176422825,15376.312473749998,15438.28702331,15560.161771930001,15670.339478565,15744.389903115,15921.911656425,15913.150383769998,16155.63984439,16255.698090375,16323.62636167,16432.443616665,16519.13725533,16596.399088475002,16713.25208567,16799.099415325,16960.629387375,17019.687742955,17132.937003965,17268.58373228,17397.13253414,17456.11342995,17521.108557904998,17604.34568629,17715.77948855,17819.672025985,17895.920962395,17944.669264635002,18106.74711241,18195.141659445002,18305.76322307,18373.812268025,18454.32918701,18549.936150185,18610.51051089,18744.43813849,18795.96017861,18875.214399340002,18961.54601092,19023.363075675,19147.908416835002,19179.89264546,19284.6121044,19372.351140879997,19430.671609465,19494.16826442,19573.037236779997,19624.986120525,19688.508930325,19744.17479242,19764.668478
99,2214.71900422,2800.2643922099996,3289.56828296,3695.5601549,4133.41661742,4511.01647445,4733.67054983,5153.85498945,5458.694863090001,5684.63332406,5967.17356288,6241.991718519999,6445.12755558,6640.4492242999995,7010.5463211,7083.171196429999,7454.508944339999,7605.67654702,7788.84451588,8028.91301282,8217.905160799999,8440.686264389999,8547.40245291,8767.59836072,8915.1257424,9190.76979398,9264.67679234,9450.49362266,9702.87390852,9826.50291026,10029.48807911,10186.45681684,10297.22715348,10456.39671256,10640.41427114,10792.62592674,11021.326853909999,11109.532543399999,11329.14413867,11370.439978589999,11470.82285189,11695.503477549999,11782.31078266,11936.30942786,12027.53313967,12197.9347291,12378.04314702,12550.02235046,12671.94584255,12780.43253473,12826.52350889,12973.79624462,13031.48673575,13314.12168812,13403.04081418,13550.402358869998,13714.9810525,13892.93109006,13883.67960426,14013.855535199998,14111.267955300002,14277.28509635,14438.60410805,14532.94128152,14625.69387826,14725.572490139999,14867.64320613,14869.35386136,15081.29974777,15127.09290723,15289.03786369,15436.22378884,15486.165239830001,15627.01276618,15700.02130276,15797.25042725,15969.237795680001,15977.608041939999,16186.703660039999,16294.53310789,16341.71077258,16459.202668349997,16572.40966116,16628.428120560002,16756.384731410002,16847.003527970002,17029.86971729,17065.43781311,17232.44675368,17306.62385693,17419.0969018,17514.33088642,17581.493235989998,17658.30307627,17739.02558798,17839.75165545,17904.791966200002,17973.811127620003,18165.65518012,18227.36143977,18382.032783489998,18389.7507321,18495.041714659998,18574.76151324,18618.653516,18760.72594113,18813.761568709997,18901.184880920002,18994.97690755,19041.713125140002,19160.52790099,19211.11213297,19304.36222652,19383.45449474,19458.542649149997,19507.09423971,19579.194118739997,19629.45630356,19693.753202980002,19745.620875700002,19764.685754
99.5,2333.56936468,2867.08424036,3414.67635055,3759.64731232,4239.5252000499995,4552.06521164,4807.812856605,5273.390246495,5533.273597325,5752.1763399500005,6026.04206085,6286.40359913,6538.931186334999,6751.202247650001,7136.794985289999,7112.0687060949995,7562.095861635,7677.120331595,7819.560462179999,8132.664418099999,8361.901470775,8494.176375969999,8703.646655195,8952.20619186,8991.391742475002,9214.172771805,9308.37892022,9520.091133009999,9785.394084935,9909.17364117,10104.55011431,10319.025418424999,10414.090721235,10668.949757285,10754.14724774,10863.677728865001,11088.071616305,11230.7228377,11371.301063665,11504.744250905,11550.16833185,11812.89278552,11829.363113540001,12047.224066265,12099.354750839999,12314.515505509999,12442.808000269999,12609.931830065,12802.975776005002,12842.47222367,12922.928125929999,13120.577193359999,13155.604183000001,13397.610999744998,13459.393105145,13625.33305753,13787.558524265,14000.949608669998,13962.757157085001,14105.31770189,14226.44702786,14382.58992295,14541.26471128,14592.48577626,14748.042609625,14765.24837234,14996.060113110001,14957.059523555,15215.76545924,15174.452411414999,15357.60988879,15545.754164594999,15535.958820175001,15714.011508985,15816.187616035,15870.835829155001,16049.506796880001,16027.77068423,16242.304983555001,16375.16753916,16381.6257963,16570.87646044,16664.709996439997,16719.107318445,16788.71694359,17025.831901855003,17059.20653076,17108.36855261,17296.358943979998,17364.19626231,17462.68224804,17539.375541975,17655.69319192,17696.048299375,17762.826026565002,17874.327703435003,17939.808963415002,18026.32324105,18223.205289255,18257.591611879998,18452.29278376,18423.92234249,18551.882061725002,18605.62406939,18649.17180675,18774.693704965,18841.51046392,18940.632065489997,19024.226459064997,19051.97179672,19183.35090582,19249.184240165,19308.659600824998,19388.743479995,19473.025590334997,19536.713751685,19599.40177579,19637.39494787,19705.5557063,19746.57029081,19764.707643830003
Median,1579.519389,2046.7287959999999,2465.3751095,2823.1828775,3182.889004,3513.883371,3805.929561,4126.340479,4366.432663,4657.643553,4907.0528699999995,5155.1384805,5393.530441000001,5609.404348,5862.867773,6062.70388,6240.5181635,6501.092857,6705.302208499999,6885.9848915,7073.800975,7273.3991045,7466.955191,7663.511474999999,7875.971938000001,7997.7249315,8155.334086,8349.405116,8510.921974500001,8691.862032500001,8834.188890000001,9004.623912,9163.0502905,9329.7172125,9493.235238000001,9686.706725,9805.711649500001,9940.153377499999,10095.0637985,10262.1999125,10376.1849115,10547.6673725,10706.713488,10854.843519,10989.4925415,11156.061107000001,11287.865803,11418.225499,11553.7190505,11720.7821325,11847.9388495,11933.5676695,12110.42214,12208.169008,12358.587002,12481.174384,12605.803785,12723.9832625,12890.496535,12993.5370875,13115.221461500001,13250.073223,13399.334463,13520.537439,13624.670838,13746.2443105,13907.3529175,13997.9016865,14119.207519,14269.724967,14395.290509,14484.3224495,14569.885921000001,14718.5587795,14827.1796875,14932.9343425,15072.230105499999,15175.7136985,15322.5395825,15410.289743000001,15567.809525,15638.020661,15772.3255485,15868.358582500001,15946.660168499999,16098.665104,16196.2680045,16294.795186,16441.7069585,16556.673662,16662.041680000002,16764.060074,16882.3899775,16952.3501195,17107.183141499998,17199.252975,17295.632052,17429.7738105,17519.127572,17644.919382,17740.8751695,17838.828121,17935.8117055,18054.788680999998,18177.8162715,18267.5722935,18364.716948499998,18461.9057235,18561.0859785,18656.427768499998,18783.119266499998,18883.178253,18982.9347895,19080.690892,19167.194438500002,19280.2834265,19383.0714715,19472.857599000003,19572.256944499997,19663.726623,19754.4504465
Mean,1606.1546034540002,2082.6908218930002,2497.0153393929995,2837.755910216,3200.82494539,3524.533351773,3830.845641427,4132.3651333650005,4394.164385625,4670.931223670999,4923.357593826,5180.421097153,5417.019172665,5620.858505471,5892.585139234001,6078.305171289001,6280.538094829,6515.861938415001,6717.434095969999,6909.2696850209995,7099.794795128001,7282.684868421,7468.506755557,7677.836816136,7861.797374432001,8003.7407124070005,8172.404399954001,8350.242529216,8527.090774053,8688.534401152,8843.40332001,8995.832050242001,9166.29932602,9330.536018040999,9492.922991109,9663.722660363,9806.310681312001,9935.155016683,10095.355511614,10258.74218039,10361.969576803998,10556.271288001999,10690.021704131997,10842.653909122,10959.073625082,11126.05895221,11277.817301861,11392.598718123998,11554.393899611998,11693.989717489998,11800.513669138,11924.207727121,12088.739954944,12171.674671736,12331.271687544,12452.594146090001,12605.26664725,12732.058491765,12887.467359299999,12997.334457975001,13107.183341205,13229.208272344998,13361.120423108001,13508.062313545997,13611.006466283001,13735.139905253998,13879.741503603,13961.690238458,14100.078623659,14215.064263591,14359.715744357,14467.043373542001,14563.006902399,14700.459451687999,14818.296266027,14908.670548684,15059.174054409,15144.719953391,15295.93718619,15383.698582481999,15539.821829019002,15615.313688025,15762.484390569,15857.554743349001,15933.540344558001,16083.163729593,16172.775274728998,16278.420964079,16408.224979264,16519.056722036,16638.810232729,16741.746271835,16850.445232455,16941.575971154,17072.910194193,17168.127502285,17262.983231151,17388.481651780003,17496.792114096002,17601.676920594,17707.52201567,17812.06839729,17914.823431886,18029.140526264,18130.223378769002,18239.715934989,18333.101144655993,18424.824108211003,18530.264965105,18633.004864762002,18745.506061219996,18844.588932571998,18945.758614839997,19051.962137991,19141.636443532003,19247.352828816005,19354.518085019998,19443.973878612003,19547.943502864,19644.537632841002,19743.897062002998
