<?xml version="1.0"?>
<!--<!DOCTYPE metadata SYSTEM "http://www.esri.com/metadata/esriprof80.dtd">-->
<metadata xml:lang="en"><Esri><CreaDate>20140414</CreaDate><CreaTime>13091800</CreaTime><SyncOnce>FALSE</SyncOnce><SyncDate>20110228</SyncDate><SyncTime>14592200</SyncTime><ModDate>20110228</ModDate><ModTime>14592200</ModTime><DataProperties><lineage><Process ToolSource="C:\Program Files\ArcGIS\ArcToolbox\Toolboxes\Data Management Tools.tbx\Project" Date="20110228" Time="144427">Project C:\MSHCP_WORK\Layers\Access_Ownership\APN\PARCEL_ASSESSEE_02092011.shp C:\MSHCP_WORK\Layers\Access_Ownership\APN\PARCEL_ASSESSEE_02092011_Pro.shp PROJCS['NAD_1983_UTM_Zone_11N',GEOGCS['GCS_North_American_1983',DATUM['D_North_American_1983',SPHEROID['GRS_1980',6378137.0,298.257222101]],PRIMEM['Greenwich',0.0],UNIT['Degree',0.0174532925199433]],PROJECTION['Transverse_Mercator'],PARAMETER['False_Easting',500000.0],PARAMETER['False_Northing',0.0],PARAMETER['Central_Meridian',-117.0],PARAMETER['Scale_Factor',0.9996],PARAMETER['Latitude_Of_Origin',0.0],UNIT['Meter',1.0]] # PROJCS['NAD_1983_StatePlane_California_VI_FIPS_0406_Feet',GEOGCS['GCS_North_American_1983',DATUM['D_North_American_1983',SPHEROID['GRS_1980',6378137.0,298.257222101]],PRIMEM['Greenwich',0.0],UNIT['Degree',0.0174532925199433]],PROJECTION['Lambert_Conformal_Conic'],PARAMETER['False_Easting',6561666.666666666],PARAMETER['False_Northing',1640416.666666667],PARAMETER['Central_Meridian',-116.25],PARAMETER['Standard_Parallel_1',32.78333333333333],PARAMETER['Standard_Parallel_2',33.88333333333333],PARAMETER['Latitude_Of_Origin',32.16666666666666],UNIT['Foot_US',0.3048006096012192]]</Process><Process Name="Add Field" ToolSource="C:\Program Files\ArcGIS\Desktop10.0\ArcToolbox\Toolboxes\Data Management Tools.tbx\AddField" Date="20111007" Time="085531">AddField Second_Batch_Done-NeedDissove-KML\BoxSprings Dissolve SHORT # # # # NON_NULLABLE NON_REQUIRED #</Process><Process Name="Add Field" ToolSource="C:\Program Files\ArcGIS\Desktop10.0\ArcToolbox\Toolboxes\Data Management Tools.tbx\AddField" Date="20111007" Time="085730">AddField Second_Batch_Done-NeedDissove-KML\BoxSprings Dissolve SHORT # # # # NON_NULLABLE NON_REQUIRED #</Process><Process Name="Add Field" ToolSource="C:\Program Files\ArcGIS\Desktop10.0\ArcToolbox\Toolboxes\Data Management Tools.tbx\AddField" Date="20111007" Time="090001">AddField Second_Batch_Done-NeedDissove-KML\BoxSprings Dissolve SHORT # # # # NON_NULLABLE NON_REQUIRED #</Process><Process Name="Add Field" ToolSource="C:\Program Files\ArcGIS\Desktop10.0\ArcToolbox\Toolboxes\Data Management Tools.tbx\AddField" Date="20111007" Time="090220">AddField Second_Batch_Done-NeedDissove-KML\BoxSprings Dissolve SHORT # # # # NON_NULLABLE NON_REQUIRED #</Process><Process Name="Add Field" ToolSource="C:\Program Files\ArcGIS\Desktop10.0\ArcToolbox\Toolboxes\Data Management Tools.tbx\AddField" Date="20111007" Time="092141">AddField Second_Batch_Done-NeedDissove-KML\BoxSprings Dissolve SHORT # # # # NON_NULLABLE NON_REQUIRED #</Process><Process ToolSource="c:\program files (x86)\arcgis\desktop10.1\ArcToolbox\Toolboxes\Data Management Tools.tbx\Project" Date="20130429" Time="110039">Project BoxSprings_ParcelCopy "C:\Users\Kelly\Desktop\UC Reserve System\Kevin Data\NRS_FINAL04_19_2013\KE_EDITS\KE_EDITING\BoxSprings_Parcel_reproj.shp" PROJCS['NAD_1983_StatePlane_California_VI_FIPS_0406_Feet',GEOGCS['GCS_North_American_1983',DATUM['D_North_American_1983',SPHEROID['GRS_1980',6378137.0,298.257222101]],PRIMEM['Greenwich',0.0],UNIT['Degree',0.0174532925199433]],PROJECTION['Lambert_Conformal_Conic'],PARAMETER['False_Easting',6561666.666666666],PARAMETER['False_Northing',1640416.666666667],PARAMETER['Central_Meridian',-116.25],PARAMETER['Standard_Parallel_1',32.78333333333333],PARAMETER['Standard_Parallel_2',33.88333333333333],PARAMETER['Latitude_Of_Origin',32.16666666666666],UNIT['Foot_US',0.3048006096012192]] # PROJCS['NAD_1983_UTM_Zone_11N',GEOGCS['GCS_North_American_1983',DATUM['D_North_American_1983',SPHEROID['GRS_1980',6378137.0,298.257222101]],PRIMEM['Greenwich',0.0],UNIT['Degree',0.0174532925199433]],PROJECTION['Transverse_Mercator'],PARAMETER['False_Easting',500000.0],PARAMETER['False_Northing',0.0],PARAMETER['Central_Meridian',-117.0],PARAMETER['Scale_Factor',0.9996],PARAMETER['Latitude_Of_Origin',0.0],UNIT['Meter',1.0]]</Process><Process ToolSource="c:\program files (x86)\arcgis\desktop10.1\ArcToolbox\Toolboxes\Data Management Tools.tbx\AddField" Date="20130603" Time="140825">AddField "C:\Users\Easterday\Dropbox\UC Reserves\Kevin Data\NRS_FINAL04_19_2013\KE_EDITS\KE_EDITING\_Parcel_addAttributes_DB\BoxSprings_Parcel.shp" AGNCY_NAME TEXT # # # # NULLABLE NON_REQUIRED #</Process><Process ToolSource="c:\program files (x86)\arcgis\desktop10.1\ArcToolbox\Toolboxes\Data Management Tools.tbx\AddField" Date="20130603" Time="140825">AddField "C:\Users\Easterday\Dropbox\UC Reserves\Kevin Data\NRS_FINAL04_19_2013\KE_EDITS\KE_EDITING\_Parcel_addAttributes_DB\BoxSprings_Parcel.shp" UNIT_NAME TEXT # # # # NULLABLE NON_REQUIRED #</Process><Process ToolSource="c:\program files (x86)\arcgis\desktop10.1\ArcToolbox\Toolboxes\Data Management Tools.tbx\AddField" Date="20130603" Time="140825">AddField "C:\Users\Easterday\Dropbox\UC Reserves\Kevin Data\NRS_FINAL04_19_2013\KE_EDITS\KE_EDITING\_Parcel_addAttributes_DB\BoxSprings_Parcel.shp" ACCESS_TYP TEXT # # # # NULLABLE NON_REQUIRED #</Process><Process ToolSource="c:\program files (x86)\arcgis\desktop10.1\ArcToolbox\Toolboxes\Data Management Tools.tbx\AddField" Date="20130603" Time="140825">AddField "C:\Users\Easterday\Dropbox\UC Reserves\Kevin Data\NRS_FINAL04_19_2013\KE_EDITS\KE_EDITING\_Parcel_addAttributes_DB\BoxSprings_Parcel.shp" GIS_ACRES TEXT # # # # NULLABLE NON_REQUIRED #</Process><Process ToolSource="c:\program files (x86)\arcgis\desktop10.1\ArcToolbox\Toolboxes\Data Management Tools.tbx\AddField" Date="20130603" Time="140825">AddField "C:\Users\Easterday\Dropbox\UC Reserves\Kevin Data\NRS_FINAL04_19_2013\KE_EDITS\KE_EDITING\_Parcel_addAttributes_DB\BoxSprings_Parcel.shp" COUNTY TEXT # # # # NULLABLE NON_REQUIRED #</Process><Process ToolSource="c:\program files (x86)\arcgis\desktop10.1\ArcToolbox\Toolboxes\Data Management Tools.tbx\AddField" Date="20130603" Time="140825">AddField "C:\Users\Easterday\Dropbox\UC Reserves\Kevin Data\NRS_FINAL04_19_2013\KE_EDITS\KE_EDITING\_Parcel_addAttributes_DB\BoxSprings_Parcel.shp" AGNCY_LEV TEXT # # # # NULLABLE NON_REQUIRED #</Process><Process ToolSource="c:\program files (x86)\arcgis\desktop10.1\ArcToolbox\Toolboxes\Data Management Tools.tbx\AddField" Date="20130603" Time="140825">AddField "C:\Users\Easterday\Dropbox\UC Reserves\Kevin Data\NRS_FINAL04_19_2013\KE_EDITS\KE_EDITING\_Parcel_addAttributes_DB\BoxSprings_Parcel.shp" AGNCY_WEB TEXT # # # # NULLABLE NON_REQUIRED #</Process><Process ToolSource="c:\program files (x86)\arcgis\desktop10.1\ArcToolbox\Toolboxes\Data Management Tools.tbx\AddField" Date="20130603" Time="140825">AddField "C:\Users\Easterday\Dropbox\UC Reserves\Kevin Data\NRS_FINAL04_19_2013\KE_EDITS\KE_EDITING\_Parcel_addAttributes_DB\BoxSprings_Parcel.shp" SITE_WEB TEXT # # # # NULLABLE NON_REQUIRED #</Process><Process ToolSource="c:\program files (x86)\arcgis\desktop10.1\ArcToolbox\Toolboxes\Data Management Tools.tbx\AddField" Date="20130603" Time="140825">AddField "C:\Users\Easterday\Dropbox\UC Reserves\Kevin Data\NRS_FINAL04_19_2013\KE_EDITS\KE_EDITING\_Parcel_addAttributes_DB\BoxSprings_Parcel.shp" LAYER TEXT # # # # NULLABLE NON_REQUIRED #</Process><Process ToolSource="c:\program files (x86)\arcgis\desktop10.1\ArcToolbox\Toolboxes\Data Management Tools.tbx\AddField" Date="20130603" Time="140825">AddField "C:\Users\Easterday\Dropbox\UC Reserves\Kevin Data\NRS_FINAL04_19_2013\KE_EDITS\KE_EDITING\_Parcel_addAttributes_DB\BoxSprings_Parcel.shp" MNG_AGNCY TEXT # # # # NULLABLE NON_REQUIRED #</Process><Process ToolSource="c:\program files (x86)\arcgis\desktop10.1\ArcToolbox\Toolboxes\Data Management Tools.tbx\AddField" Date="20130603" Time="140825">AddField "C:\Users\Easterday\Dropbox\UC Reserves\Kevin Data\NRS_FINAL04_19_2013\KE_EDITS\KE_EDITING\_Parcel_addAttributes_DB\BoxSprings_Parcel.shp" LABEL_NAME TEXT # # # # NULLABLE NON_REQUIRED #</Process><Process ToolSource="c:\program files (x86)\arcgis\desktop10.1\ArcToolbox\Toolboxes\Data Management Tools.tbx\AddField" Date="20130603" Time="140825">AddField "C:\Users\Easterday\Dropbox\UC Reserves\Kevin Data\NRS_FINAL04_19_2013\KE_EDITS\KE_EDITING\_Parcel_addAttributes_DB\BoxSprings_Parcel.shp" OWN_TYPE TEXT # # # # NULLABLE NON_REQUIRED #</Process><Process ToolSource="c:\program files (x86)\arcgis\desktop10.1\ArcToolbox\Toolboxes\Data Management Tools.tbx\AddField" Date="20130603" Time="140825">AddField "C:\Users\Easterday\Dropbox\UC Reserves\Kevin Data\NRS_FINAL04_19_2013\KE_EDITS\KE_EDITING\_Parcel_addAttributes_DB\BoxSprings_Parcel.shp" SITE_NAME TEXT # # # # NULLABLE NON_REQUIRED #</Process><Process ToolSource="c:\program files (x86)\arcgis\desktop10.1\ArcToolbox\Toolboxes\Data Management Tools.tbx\AddField" Date="20130603" Time="140826">AddField "C:\Users\Easterday\Dropbox\UC Reserves\Kevin Data\NRS_FINAL04_19_2013\KE_EDITS\KE_EDITING\_Parcel_addAttributes_DB\BoxSprings_Parcel.shp" ALT_SITE_N TEXT # # # # NULLABLE NON_REQUIRED #</Process><Process ToolSource="c:\program files (x86)\arcgis\desktop10.1\ArcToolbox\Toolboxes\Data Management Tools.tbx\AddField" Date="20130603" Time="140826">AddField "C:\Users\Easterday\Dropbox\UC Reserves\Kevin Data\NRS_FINAL04_19_2013\KE_EDITS\KE_EDITING\_Parcel_addAttributes_DB\BoxSprings_Parcel.shp" LAND_WATER TEXT # # # # NULLABLE NON_REQUIRED #</Process><Process ToolSource="c:\program files (x86)\arcgis\desktop10.1\ArcToolbox\Toolboxes\Data Management Tools.tbx\AddField" Date="20130603" Time="140826">AddField "C:\Users\Easterday\Dropbox\UC Reserves\Kevin Data\NRS_FINAL04_19_2013\KE_EDITS\KE_EDITING\_Parcel_addAttributes_DB\BoxSprings_Parcel.shp" SPEC_USE TEXT # # # # NULLABLE NON_REQUIRED #</Process><Process ToolSource="c:\program files (x86)\arcgis\desktop10.1\ArcToolbox\Toolboxes\Data Management Tools.tbx\AddField" Date="20130603" Time="140826">AddField "C:\Users\Easterday\Dropbox\UC Reserves\Kevin Data\NRS_FINAL04_19_2013\KE_EDITS\KE_EDITING\_Parcel_addAttributes_DB\BoxSprings_Parcel.shp" HOLD_NOTES TEXT # # # # NULLABLE NON_REQUIRED #</Process><Process ToolSource="c:\program files (x86)\arcgis\desktop10.1\ArcToolbox\Toolboxes\Data Management Tools.tbx\AddField" Date="20130603" Time="140826">AddField "C:\Users\Easterday\Dropbox\UC Reserves\Kevin Data\NRS_FINAL04_19_2013\KE_EDITS\KE_EDITING\_Parcel_addAttributes_DB\BoxSprings_Parcel.shp" CITY TEXT # # # # NULLABLE NON_REQUIRED #</Process><Process ToolSource="c:\program files (x86)\arcgis\desktop10.1\ArcToolbox\Toolboxes\Data Management Tools.tbx\AddField" Date="20130603" Time="140826">AddField "C:\Users\Easterday\Dropbox\UC Reserves\Kevin Data\NRS_FINAL04_19_2013\KE_EDITS\KE_EDITING\_Parcel_addAttributes_DB\BoxSprings_Parcel.shp" DESG_AGNCY TEXT # # # # NULLABLE NON_REQUIRED #</Process><Process ToolSource="c:\program files (x86)\arcgis\desktop10.1\ArcToolbox\Toolboxes\Data Management Tools.tbx\AddField" Date="20130603" Time="140826">AddField "C:\Users\Easterday\Dropbox\UC Reserves\Kevin Data\NRS_FINAL04_19_2013\KE_EDITS\KE_EDITING\_Parcel_addAttributes_DB\BoxSprings_Parcel.shp" DESG_NAT TEXT # # # # NULLABLE NON_REQUIRED #</Process><Process ToolSource="c:\program files (x86)\arcgis\desktop10.1\ArcToolbox\Toolboxes\Data Management Tools.tbx\AddField" Date="20130603" Time="140826">AddField "C:\Users\Easterday\Dropbox\UC Reserves\Kevin Data\NRS_FINAL04_19_2013\KE_EDITS\KE_EDITING\_Parcel_addAttributes_DB\BoxSprings_Parcel.shp" PRIM_PURP TEXT # # # # NULLABLE NON_REQUIRED #</Process><Process ToolSource="c:\program files (x86)\arcgis\desktop10.1\ArcToolbox\Toolboxes\Data Management Tools.tbx\AddField" Date="20130603" Time="140826">AddField "C:\Users\Easterday\Dropbox\UC Reserves\Kevin Data\NRS_FINAL04_19_2013\KE_EDITS\KE_EDITING\_Parcel_addAttributes_DB\BoxSprings_Parcel.shp" HOLDING_ID DOUBLE # # # # NULLABLE NON_REQUIRED #</Process><Process ToolSource="c:\program files (x86)\arcgis\desktop10.1\ArcToolbox\Toolboxes\Data Management Tools.tbx\AddField" Date="20130603" Time="140826">AddField "C:\Users\Easterday\Dropbox\UC Reserves\Kevin Data\NRS_FINAL04_19_2013\KE_EDITS\KE_EDITING\_Parcel_addAttributes_DB\BoxSprings_Parcel.shp" UNIT_ID DOUBLE # # # # NULLABLE NON_REQUIRED #</Process><Process ToolSource="c:\program files (x86)\arcgis\desktop10.1\ArcToolbox\Toolboxes\Data Management Tools.tbx\AddField" Date="20130603" Time="140826">AddField "C:\Users\Easterday\Dropbox\UC Reserves\Kevin Data\NRS_FINAL04_19_2013\KE_EDITS\KE_EDITING\_Parcel_addAttributes_DB\BoxSprings_Parcel.shp" SUPERUNIT TEXT # # # # NULLABLE NON_REQUIRED #</Process><Process ToolSource="c:\program files (x86)\arcgis\desktop10.1\ArcToolbox\Toolboxes\Data Management Tools.tbx\AddField" Date="20130603" Time="140826">AddField "C:\Users\Easterday\Dropbox\UC Reserves\Kevin Data\NRS_FINAL04_19_2013\KE_EDITS\KE_EDITING\_Parcel_addAttributes_DB\BoxSprings_Parcel.shp" AGNCY_ID DOUBLE # # # # NULLABLE NON_REQUIRED #</Process><Process ToolSource="c:\program files (x86)\arcgis\desktop10.1\ArcToolbox\Toolboxes\Data Management Tools.tbx\AddField" Date="20130603" Time="140826">AddField "C:\Users\Easterday\Dropbox\UC Reserves\Kevin Data\NRS_FINAL04_19_2013\KE_EDITS\KE_EDITING\_Parcel_addAttributes_DB\BoxSprings_Parcel.shp" MNG_AG_ID DOUBLE # # # # NULLABLE NON_REQUIRED #</Process><Process ToolSource="c:\program files (x86)\arcgis\desktop10.1\ArcToolbox\Toolboxes\Data Management Tools.tbx\AddField" Date="20130603" Time="140826">AddField "C:\Users\Easterday\Dropbox\UC Reserves\Kevin Data\NRS_FINAL04_19_2013\KE_EDITS\KE_EDITING\_Parcel_addAttributes_DB\BoxSprings_Parcel.shp" AL_AV_PARC DOUBLE # # # # NULLABLE NON_REQUIRED #</Process><Process ToolSource="c:\program files (x86)\arcgis\desktop10.1\ArcToolbox\Toolboxes\Data Management Tools.tbx\AddField" Date="20130603" Time="140826">AddField "C:\Users\Easterday\Dropbox\UC Reserves\Kevin Data\NRS_FINAL04_19_2013\KE_EDITS\KE_EDITING\_Parcel_addAttributes_DB\BoxSprings_Parcel.shp" SRC_ALIGN TEXT # # # # NULLABLE NON_REQUIRED #</Process><Process ToolSource="c:\program files (x86)\arcgis\desktop10.1\ArcToolbox\Toolboxes\Data Management Tools.tbx\AddField" Date="20130603" Time="140826">AddField "C:\Users\Easterday\Dropbox\UC Reserves\Kevin Data\NRS_FINAL04_19_2013\KE_EDITS\KE_EDITING\_Parcel_addAttributes_DB\BoxSprings_Parcel.shp" SRC_ATTR TEXT # # # # NULLABLE NON_REQUIRED #</Process><Process ToolSource="c:\program files (x86)\arcgis\desktop10.1\ArcToolbox\Toolboxes\Data Management Tools.tbx\AddField" Date="20130603" Time="140827">AddField "C:\Users\Easterday\Dropbox\UC Reserves\Kevin Data\NRS_FINAL04_19_2013\KE_EDITS\KE_EDITING\_Parcel_addAttributes_DB\BoxSprings_Parcel.shp" D-ACQ-YR DOUBLE # # # # NULLABLE NON_REQUIRED #</Process><Process ToolSource="c:\program files (x86)\arcgis\desktop10.1\ArcToolbox\Toolboxes\Data Management Tools.tbx\AddField" Date="20130603" Time="141303">AddField "C:\Users\Easterday\Dropbox\UC Reserves\Kevin Data\NRS_FINAL04_19_2013\KE_EDITS\KE_EDITING\_Parcel_addAttributes_DB\BoxSprings_Parcel.shp" AGNCY_NAME TEXT # # # # NULLABLE NON_REQUIRED #</Process><Process ToolSource="c:\program files (x86)\arcgis\desktop10.1\ArcToolbox\Toolboxes\Data Management Tools.tbx\AddField" Date="20130603" Time="141303">AddField "C:\Users\Easterday\Dropbox\UC Reserves\Kevin Data\NRS_FINAL04_19_2013\KE_EDITS\KE_EDITING\_Parcel_addAttributes_DB\BoxSprings_Parcel.shp" UNIT_NAME TEXT # # # # NULLABLE NON_REQUIRED #</Process><Process ToolSource="c:\program files (x86)\arcgis\desktop10.1\ArcToolbox\Toolboxes\Data Management Tools.tbx\AddField" Date="20130603" Time="141303">AddField "C:\Users\Easterday\Dropbox\UC Reserves\Kevin Data\NRS_FINAL04_19_2013\KE_EDITS\KE_EDITING\_Parcel_addAttributes_DB\BoxSprings_Parcel.shp" ACCESS_TYP TEXT # # # # NULLABLE NON_REQUIRED #</Process><Process ToolSource="c:\program files (x86)\arcgis\desktop10.1\ArcToolbox\Toolboxes\Data Management Tools.tbx\AddField" Date="20130603" Time="141303">AddField "C:\Users\Easterday\Dropbox\UC Reserves\Kevin Data\NRS_FINAL04_19_2013\KE_EDITS\KE_EDITING\_Parcel_addAttributes_DB\BoxSprings_Parcel.shp" GIS_ACRES TEXT # # # # NULLABLE NON_REQUIRED #</Process><Process ToolSource="c:\program files (x86)\arcgis\desktop10.1\ArcToolbox\Toolboxes\Data Management Tools.tbx\AddField" Date="20130603" Time="141303">AddField "C:\Users\Easterday\Dropbox\UC Reserves\Kevin Data\NRS_FINAL04_19_2013\KE_EDITS\KE_EDITING\_Parcel_addAttributes_DB\BoxSprings_Parcel.shp" COUNTY TEXT # # # # NULLABLE NON_REQUIRED #</Process><Process ToolSource="c:\program files (x86)\arcgis\desktop10.1\ArcToolbox\Toolboxes\Data Management Tools.tbx\AddField" Date="20130603" Time="141303">AddField "C:\Users\Easterday\Dropbox\UC Reserves\Kevin Data\NRS_FINAL04_19_2013\KE_EDITS\KE_EDITING\_Parcel_addAttributes_DB\BoxSprings_Parcel.shp" AGNCY_LEV TEXT # # # # NULLABLE NON_REQUIRED #</Process><Process ToolSource="c:\program files (x86)\arcgis\desktop10.1\ArcToolbox\Toolboxes\Data Management Tools.tbx\AddField" Date="20130603" Time="141303">AddField "C:\Users\Easterday\Dropbox\UC Reserves\Kevin Data\NRS_FINAL04_19_2013\KE_EDITS\KE_EDITING\_Parcel_addAttributes_DB\BoxSprings_Parcel.shp" AGNCY_WEB TEXT # # # # NULLABLE NON_REQUIRED #</Process><Process ToolSource="c:\program files (x86)\arcgis\desktop10.1\ArcToolbox\Toolboxes\Data Management Tools.tbx\AddField" Date="20130603" Time="141303">AddField "C:\Users\Easterday\Dropbox\UC Reserves\Kevin Data\NRS_FINAL04_19_2013\KE_EDITS\KE_EDITING\_Parcel_addAttributes_DB\BoxSprings_Parcel.shp" SITE_WEB TEXT # # # # NULLABLE NON_REQUIRED #</Process><Process ToolSource="c:\program files (x86)\arcgis\desktop10.1\ArcToolbox\Toolboxes\Data Management Tools.tbx\AddField" Date="20130603" Time="141303">AddField "C:\Users\Easterday\Dropbox\UC Reserves\Kevin Data\NRS_FINAL04_19_2013\KE_EDITS\KE_EDITING\_Parcel_addAttributes_DB\BoxSprings_Parcel.shp" LAYER TEXT # # # # NULLABLE NON_REQUIRED #</Process><Process ToolSource="c:\program files (x86)\arcgis\desktop10.1\ArcToolbox\Toolboxes\Data Management Tools.tbx\AddField" Date="20130603" Time="141303">AddField "C:\Users\Easterday\Dropbox\UC Reserves\Kevin Data\NRS_FINAL04_19_2013\KE_EDITS\KE_EDITING\_Parcel_addAttributes_DB\BoxSprings_Parcel.shp" MNG_AGNCY TEXT # # # # NULLABLE NON_REQUIRED #</Process><Process ToolSource="c:\program files (x86)\arcgis\desktop10.1\ArcToolbox\Toolboxes\Data Management Tools.tbx\AddField" Date="20130603" Time="141303">AddField "C:\Users\Easterday\Dropbox\UC Reserves\Kevin Data\NRS_FINAL04_19_2013\KE_EDITS\KE_EDITING\_Parcel_addAttributes_DB\BoxSprings_Parcel.shp" LABEL_NAME TEXT # # # # NULLABLE NON_REQUIRED #</Process><Process ToolSource="c:\program files (x86)\arcgis\desktop10.1\ArcToolbox\Toolboxes\Data Management Tools.tbx\AddField" Date="20130603" Time="141303">AddField "C:\Users\Easterday\Dropbox\UC Reserves\Kevin Data\NRS_FINAL04_19_2013\KE_EDITS\KE_EDITING\_Parcel_addAttributes_DB\BoxSprings_Parcel.shp" OWN_TYPE TEXT # # # # NULLABLE NON_REQUIRED #</Process><Process ToolSource="c:\program files (x86)\arcgis\desktop10.1\ArcToolbox\Toolboxes\Data Management Tools.tbx\AddField" Date="20130603" Time="141304">AddField "C:\Users\Easterday\Dropbox\UC Reserves\Kevin Data\NRS_FINAL04_19_2013\KE_EDITS\KE_EDITING\_Parcel_addAttributes_DB\BoxSprings_Parcel.shp" SITE_NAME TEXT # # # # NULLABLE NON_REQUIRED #</Process><Process ToolSource="c:\program files (x86)\arcgis\desktop10.1\ArcToolbox\Toolboxes\Data Management Tools.tbx\AddField" Date="20130603" Time="141304">AddField "C:\Users\Easterday\Dropbox\UC Reserves\Kevin Data\NRS_FINAL04_19_2013\KE_EDITS\KE_EDITING\_Parcel_addAttributes_DB\BoxSprings_Parcel.shp" ALT_SITE_N TEXT # # # # NULLABLE NON_REQUIRED #</Process><Process ToolSource="c:\program files (x86)\arcgis\desktop10.1\ArcToolbox\Toolboxes\Data Management Tools.tbx\AddField" Date="20130603" Time="141304">AddField "C:\Users\Easterday\Dropbox\UC Reserves\Kevin Data\NRS_FINAL04_19_2013\KE_EDITS\KE_EDITING\_Parcel_addAttributes_DB\BoxSprings_Parcel.shp" LAND_WATER TEXT # # # # NULLABLE NON_REQUIRED #</Process><Process ToolSource="c:\program files (x86)\arcgis\desktop10.1\ArcToolbox\Toolboxes\Data Management Tools.tbx\AddField" Date="20130603" Time="141304">AddField "C:\Users\Easterday\Dropbox\UC Reserves\Kevin Data\NRS_FINAL04_19_2013\KE_EDITS\KE_EDITING\_Parcel_addAttributes_DB\BoxSprings_Parcel.shp" SPEC_USE TEXT # # # # NULLABLE NON_REQUIRED #</Process><Process ToolSource="c:\program files (x86)\arcgis\desktop10.1\ArcToolbox\Toolboxes\Data Management Tools.tbx\AddField" Date="20130603" Time="141304">AddField "C:\Users\Easterday\Dropbox\UC Reserves\Kevin Data\NRS_FINAL04_19_2013\KE_EDITS\KE_EDITING\_Parcel_addAttributes_DB\BoxSprings_Parcel.shp" HOLD_NOTES TEXT # # # # NULLABLE NON_REQUIRED #</Process><Process ToolSource="c:\program files (x86)\arcgis\desktop10.1\ArcToolbox\Toolboxes\Data Management Tools.tbx\AddField" Date="20130603" Time="141304">AddField "C:\Users\Easterday\Dropbox\UC Reserves\Kevin Data\NRS_FINAL04_19_2013\KE_EDITS\KE_EDITING\_Parcel_addAttributes_DB\BoxSprings_Parcel.shp" CITY TEXT # # # # NULLABLE NON_REQUIRED #</Process><Process ToolSource="c:\program files (x86)\arcgis\desktop10.1\ArcToolbox\Toolboxes\Data Management Tools.tbx\AddField" Date="20130603" Time="141304">AddField "C:\Users\Easterday\Dropbox\UC Reserves\Kevin Data\NRS_FINAL04_19_2013\KE_EDITS\KE_EDITING\_Parcel_addAttributes_DB\BoxSprings_Parcel.shp" DESG_AGNCY TEXT # # # # NULLABLE NON_REQUIRED #</Process><Process ToolSource="c:\program files (x86)\arcgis\desktop10.1\ArcToolbox\Toolboxes\Data Management Tools.tbx\AddField" Date="20130603" Time="141304">AddField "C:\Users\Easterday\Dropbox\UC Reserves\Kevin Data\NRS_FINAL04_19_2013\KE_EDITS\KE_EDITING\_Parcel_addAttributes_DB\BoxSprings_Parcel.shp" DESG_NAT TEXT # # # # NULLABLE NON_REQUIRED #</Process><Process ToolSource="c:\program files (x86)\arcgis\desktop10.1\ArcToolbox\Toolboxes\Data Management Tools.tbx\AddField" Date="20130603" Time="141304">AddField "C:\Users\Easterday\Dropbox\UC Reserves\Kevin Data\NRS_FINAL04_19_2013\KE_EDITS\KE_EDITING\_Parcel_addAttributes_DB\BoxSprings_Parcel.shp" PRIM_PURP TEXT # # # # NULLABLE NON_REQUIRED #</Process><Process ToolSource="c:\program files (x86)\arcgis\desktop10.1\ArcToolbox\Toolboxes\Data Management Tools.tbx\AddField" Date="20130603" Time="141304">AddField "C:\Users\Easterday\Dropbox\UC Reserves\Kevin Data\NRS_FINAL04_19_2013\KE_EDITS\KE_EDITING\_Parcel_addAttributes_DB\BoxSprings_Parcel.shp" HOLDING_ID DOUBLE # # # # NULLABLE NON_REQUIRED #</Process><Process ToolSource="c:\program files (x86)\arcgis\desktop10.1\ArcToolbox\Toolboxes\Data Management Tools.tbx\AddField" Date="20130603" Time="141304">AddField "C:\Users\Easterday\Dropbox\UC Reserves\Kevin Data\NRS_FINAL04_19_2013\KE_EDITS\KE_EDITING\_Parcel_addAttributes_DB\BoxSprings_Parcel.shp" UNIT_ID DOUBLE # # # # NULLABLE NON_REQUIRED #</Process><Process ToolSource="c:\program files (x86)\arcgis\desktop10.1\ArcToolbox\Toolboxes\Data Management Tools.tbx\AddField" Date="20130603" Time="141304">AddField "C:\Users\Easterday\Dropbox\UC Reserves\Kevin Data\NRS_FINAL04_19_2013\KE_EDITS\KE_EDITING\_Parcel_addAttributes_DB\BoxSprings_Parcel.shp" SUPERUNIT TEXT # # # # NULLABLE NON_REQUIRED #</Process><Process ToolSource="c:\program files (x86)\arcgis\desktop10.1\ArcToolbox\Toolboxes\Data Management Tools.tbx\AddField" Date="20130603" Time="141304">AddField "C:\Users\Easterday\Dropbox\UC Reserves\Kevin Data\NRS_FINAL04_19_2013\KE_EDITS\KE_EDITING\_Parcel_addAttributes_DB\BoxSprings_Parcel.shp" AGNCY_ID DOUBLE # # # # NULLABLE NON_REQUIRED #</Process><Process ToolSource="c:\program files (x86)\arcgis\desktop10.1\ArcToolbox\Toolboxes\Data Management Tools.tbx\AddField" Date="20130603" Time="141304">AddField "C:\Users\Easterday\Dropbox\UC Reserves\Kevin Data\NRS_FINAL04_19_2013\KE_EDITS\KE_EDITING\_Parcel_addAttributes_DB\BoxSprings_Parcel.shp" MNG_AG_ID DOUBLE # # # # NULLABLE NON_REQUIRED #</Process><Process ToolSource="c:\program files (x86)\arcgis\desktop10.1\ArcToolbox\Toolboxes\Data Management Tools.tbx\AddField" Date="20130603" Time="141304">AddField "C:\Users\Easterday\Dropbox\UC Reserves\Kevin Data\NRS_FINAL04_19_2013\KE_EDITS\KE_EDITING\_Parcel_addAttributes_DB\BoxSprings_Parcel.shp" AL_AV_PARC DOUBLE # # # # NULLABLE NON_REQUIRED #</Process><Process ToolSource="c:\program files (x86)\arcgis\desktop10.1\ArcToolbox\Toolboxes\Data Management Tools.tbx\AddField" Date="20130603" Time="141304">AddField "C:\Users\Easterday\Dropbox\UC Reserves\Kevin Data\NRS_FINAL04_19_2013\KE_EDITS\KE_EDITING\_Parcel_addAttributes_DB\BoxSprings_Parcel.shp" SRC_ALIGN TEXT # # # # NULLABLE NON_REQUIRED #</Process><Process ToolSource="c:\program files (x86)\arcgis\desktop10.1\ArcToolbox\Toolboxes\Data Management Tools.tbx\AddField" Date="20130603" Time="141304">AddField "C:\Users\Easterday\Dropbox\UC Reserves\Kevin Data\NRS_FINAL04_19_2013\KE_EDITS\KE_EDITING\_Parcel_addAttributes_DB\BoxSprings_Parcel.shp" SRC_ATTR TEXT # # # # NULLABLE NON_REQUIRED #</Process><Process ToolSource="c:\program files (x86)\arcgis\desktop10.1\ArcToolbox\Toolboxes\Data Management Tools.tbx\AddField" Date="20130603" Time="141304">AddField "C:\Users\Easterday\Dropbox\UC Reserves\Kevin Data\NRS_FINAL04_19_2013\KE_EDITS\KE_EDITING\_Parcel_addAttributes_DB\BoxSprings_Parcel.shp" D_ACQ_YR DOUBLE # # # # NULLABLE NON_REQUIRED #</Process><Process ToolSource="c:\program files (x86)\arcgis\desktop10.1\ArcToolbox\Toolboxes\Data Management Tools.tbx\AddField" Date="20130603" Time="141448">AddField "C:\Users\Easterday\Dropbox\UC Reserves\Kevin Data\NRS_FINAL04_19_2013\KE_EDITS\KE_EDITING\_Parcel_addAttributes_DB\BoxSprings_Parcel.shp" AGNCY_NAME TEXT # # # # NULLABLE NON_REQUIRED #</Process><Process ToolSource="c:\program files (x86)\arcgis\desktop10.1\ArcToolbox\Toolboxes\Data Management Tools.tbx\AddField" Date="20130603" Time="141448">AddField "C:\Users\Easterday\Dropbox\UC Reserves\Kevin Data\NRS_FINAL04_19_2013\KE_EDITS\KE_EDITING\_Parcel_addAttributes_DB\BoxSprings_Parcel.shp" UNIT_NAME TEXT # # # # NULLABLE NON_REQUIRED #</Process><Process ToolSource="c:\program files (x86)\arcgis\desktop10.1\ArcToolbox\Toolboxes\Data Management Tools.tbx\AddField" Date="20130603" Time="141448">AddField "C:\Users\Easterday\Dropbox\UC Reserves\Kevin Data\NRS_FINAL04_19_2013\KE_EDITS\KE_EDITING\_Parcel_addAttributes_DB\BoxSprings_Parcel.shp" ACCESS_TYP TEXT # # # # NULLABLE NON_REQUIRED #</Process><Process ToolSource="c:\program files (x86)\arcgis\desktop10.1\ArcToolbox\Toolboxes\Data Management Tools.tbx\AddField" Date="20130603" Time="141448">AddField "C:\Users\Easterday\Dropbox\UC Reserves\Kevin Data\NRS_FINAL04_19_2013\KE_EDITS\KE_EDITING\_Parcel_addAttributes_DB\BoxSprings_Parcel.shp" COUNTY TEXT # # # # NULLABLE NON_REQUIRED #</Process><Process ToolSource="c:\program files (x86)\arcgis\desktop10.1\ArcToolbox\Toolboxes\Data Management Tools.tbx\AddField" Date="20130603" Time="141448">AddField "C:\Users\Easterday\Dropbox\UC Reserves\Kevin Data\NRS_FINAL04_19_2013\KE_EDITS\KE_EDITING\_Parcel_addAttributes_DB\BoxSprings_Parcel.shp" AGNCY_LEV TEXT # # # # NULLABLE NON_REQUIRED #</Process><Process ToolSource="c:\program files (x86)\arcgis\desktop10.1\ArcToolbox\Toolboxes\Data Management Tools.tbx\AddField" Date="20130603" Time="141448">AddField "C:\Users\Easterday\Dropbox\UC Reserves\Kevin Data\NRS_FINAL04_19_2013\KE_EDITS\KE_EDITING\_Parcel_addAttributes_DB\BoxSprings_Parcel.shp" AGNCY_WEB TEXT # # # # NULLABLE NON_REQUIRED #</Process><Process ToolSource="c:\program files (x86)\arcgis\desktop10.1\ArcToolbox\Toolboxes\Data Management Tools.tbx\AddField" Date="20130603" Time="141448">AddField "C:\Users\Easterday\Dropbox\UC Reserves\Kevin Data\NRS_FINAL04_19_2013\KE_EDITS\KE_EDITING\_Parcel_addAttributes_DB\BoxSprings_Parcel.shp" SITE_WEB TEXT # # # # NULLABLE NON_REQUIRED #</Process><Process ToolSource="c:\program files (x86)\arcgis\desktop10.1\ArcToolbox\Toolboxes\Data Management Tools.tbx\AddField" Date="20130603" Time="141448">AddField "C:\Users\Easterday\Dropbox\UC Reserves\Kevin Data\NRS_FINAL04_19_2013\KE_EDITS\KE_EDITING\_Parcel_addAttributes_DB\BoxSprings_Parcel.shp" LAYER TEXT # # # # NULLABLE NON_REQUIRED #</Process><Process ToolSource="c:\program files (x86)\arcgis\desktop10.1\ArcToolbox\Toolboxes\Data Management Tools.tbx\AddField" Date="20130603" Time="141448">AddField "C:\Users\Easterday\Dropbox\UC Reserves\Kevin Data\NRS_FINAL04_19_2013\KE_EDITS\KE_EDITING\_Parcel_addAttributes_DB\BoxSprings_Parcel.shp" MNG_AGNCY TEXT # # # # NULLABLE NON_REQUIRED #</Process><Process ToolSource="c:\program files (x86)\arcgis\desktop10.1\ArcToolbox\Toolboxes\Data Management Tools.tbx\AddField" Date="20130603" Time="141448">AddField "C:\Users\Easterday\Dropbox\UC Reserves\Kevin Data\NRS_FINAL04_19_2013\KE_EDITS\KE_EDITING\_Parcel_addAttributes_DB\BoxSprings_Parcel.shp" LABEL_NAME TEXT # # # # NULLABLE NON_REQUIRED #</Process><Process ToolSource="c:\program files (x86)\arcgis\desktop10.1\ArcToolbox\Toolboxes\Data Management Tools.tbx\AddField" Date="20130603" Time="141448">AddField "C:\Users\Easterday\Dropbox\UC Reserves\Kevin Data\NRS_FINAL04_19_2013\KE_EDITS\KE_EDITING\_Parcel_addAttributes_DB\BoxSprings_Parcel.shp" OWN_TYPE TEXT # # # # NULLABLE NON_REQUIRED #</Process><Process ToolSource="c:\program files (x86)\arcgis\desktop10.1\ArcToolbox\Toolboxes\Data Management Tools.tbx\AddField" Date="20130603" Time="141448">AddField "C:\Users\Easterday\Dropbox\UC Reserves\Kevin Data\NRS_FINAL04_19_2013\KE_EDITS\KE_EDITING\_Parcel_addAttributes_DB\BoxSprings_Parcel.shp" SITE_NAME TEXT # # # # NULLABLE NON_REQUIRED #</Process><Process ToolSource="c:\program files (x86)\arcgis\desktop10.1\ArcToolbox\Toolboxes\Data Management Tools.tbx\AddField" Date="20130603" Time="141448">AddField "C:\Users\Easterday\Dropbox\UC Reserves\Kevin Data\NRS_FINAL04_19_2013\KE_EDITS\KE_EDITING\_Parcel_addAttributes_DB\BoxSprings_Parcel.shp" ALT_SITE_N TEXT # # # # NULLABLE NON_REQUIRED #</Process><Process ToolSource="c:\program files (x86)\arcgis\desktop10.1\ArcToolbox\Toolboxes\Data Management Tools.tbx\AddField" Date="20130603" Time="141448">AddField "C:\Users\Easterday\Dropbox\UC Reserves\Kevin Data\NRS_FINAL04_19_2013\KE_EDITS\KE_EDITING\_Parcel_addAttributes_DB\BoxSprings_Parcel.shp" LAND_WATER TEXT # # # # NULLABLE NON_REQUIRED #</Process><Process ToolSource="c:\program files (x86)\arcgis\desktop10.1\ArcToolbox\Toolboxes\Data Management Tools.tbx\AddField" Date="20130603" Time="141448">AddField "C:\Users\Easterday\Dropbox\UC Reserves\Kevin Data\NRS_FINAL04_19_2013\KE_EDITS\KE_EDITING\_Parcel_addAttributes_DB\BoxSprings_Parcel.shp" SPEC_USE TEXT # # # # NULLABLE NON_REQUIRED #</Process><Process ToolSource="c:\program files (x86)\arcgis\desktop10.1\ArcToolbox\Toolboxes\Data Management Tools.tbx\AddField" Date="20130603" Time="141448">AddField "C:\Users\Easterday\Dropbox\UC Reserves\Kevin Data\NRS_FINAL04_19_2013\KE_EDITS\KE_EDITING\_Parcel_addAttributes_DB\BoxSprings_Parcel.shp" HOLD_NOTES TEXT # # # # NULLABLE NON_REQUIRED #</Process><Process ToolSource="c:\program files (x86)\arcgis\desktop10.1\ArcToolbox\Toolboxes\Data Management Tools.tbx\AddField" Date="20130603" Time="141449">AddField "C:\Users\Easterday\Dropbox\UC Reserves\Kevin Data\NRS_FINAL04_19_2013\KE_EDITS\KE_EDITING\_Parcel_addAttributes_DB\BoxSprings_Parcel.shp" CITY TEXT # # # # NULLABLE NON_REQUIRED #</Process><Process ToolSource="c:\program files (x86)\arcgis\desktop10.1\ArcToolbox\Toolboxes\Data Management Tools.tbx\AddField" Date="20130603" Time="141449">AddField "C:\Users\Easterday\Dropbox\UC Reserves\Kevin Data\NRS_FINAL04_19_2013\KE_EDITS\KE_EDITING\_Parcel_addAttributes_DB\BoxSprings_Parcel.shp" DESG_AGNCY TEXT # # # # NULLABLE NON_REQUIRED #</Process><Process ToolSource="c:\program files (x86)\arcgis\desktop10.1\ArcToolbox\Toolboxes\Data Management Tools.tbx\AddField" Date="20130603" Time="141449">AddField "C:\Users\Easterday\Dropbox\UC Reserves\Kevin Data\NRS_FINAL04_19_2013\KE_EDITS\KE_EDITING\_Parcel_addAttributes_DB\BoxSprings_Parcel.shp" DESG_NAT TEXT # # # # NULLABLE NON_REQUIRED #</Process><Process ToolSource="c:\program files (x86)\arcgis\desktop10.1\ArcToolbox\Toolboxes\Data Management Tools.tbx\AddField" Date="20130603" Time="141449">AddField "C:\Users\Easterday\Dropbox\UC Reserves\Kevin Data\NRS_FINAL04_19_2013\KE_EDITS\KE_EDITING\_Parcel_addAttributes_DB\BoxSprings_Parcel.shp" PRIM_PURP TEXT # # # # NULLABLE NON_REQUIRED #</Process><Process ToolSource="c:\program files (x86)\arcgis\desktop10.1\ArcToolbox\Toolboxes\Data Management Tools.tbx\AddField" Date="20130603" Time="141449">AddField "C:\Users\Easterday\Dropbox\UC Reserves\Kevin Data\NRS_FINAL04_19_2013\KE_EDITS\KE_EDITING\_Parcel_addAttributes_DB\BoxSprings_Parcel.shp" HOLDING_ID DOUBLE # # # # NULLABLE NON_REQUIRED #</Process><Process ToolSource="c:\program files (x86)\arcgis\desktop10.1\ArcToolbox\Toolboxes\Data Management Tools.tbx\AddField" Date="20130603" Time="141449">AddField "C:\Users\Easterday\Dropbox\UC Reserves\Kevin Data\NRS_FINAL04_19_2013\KE_EDITS\KE_EDITING\_Parcel_addAttributes_DB\BoxSprings_Parcel.shp" UNIT_ID DOUBLE # # # # NULLABLE NON_REQUIRED #</Process><Process ToolSource="c:\program files (x86)\arcgis\desktop10.1\ArcToolbox\Toolboxes\Data Management Tools.tbx\AddField" Date="20130603" Time="141449">AddField "C:\Users\Easterday\Dropbox\UC Reserves\Kevin Data\NRS_FINAL04_19_2013\KE_EDITS\KE_EDITING\_Parcel_addAttributes_DB\BoxSprings_Parcel.shp" SUPERUNIT TEXT # # # # NULLABLE NON_REQUIRED #</Process><Process ToolSource="c:\program files (x86)\arcgis\desktop10.1\ArcToolbox\Toolboxes\Data Management Tools.tbx\AddField" Date="20130603" Time="141449">AddField "C:\Users\Easterday\Dropbox\UC Reserves\Kevin Data\NRS_FINAL04_19_2013\KE_EDITS\KE_EDITING\_Parcel_addAttributes_DB\BoxSprings_Parcel.shp" AGNCY_ID DOUBLE # # # # NULLABLE NON_REQUIRED #</Process><Process ToolSource="c:\program files (x86)\arcgis\desktop10.1\ArcToolbox\Toolboxes\Data Management Tools.tbx\AddField" Date="20130603" Time="141449">AddField "C:\Users\Easterday\Dropbox\UC Reserves\Kevin Data\NRS_FINAL04_19_2013\KE_EDITS\KE_EDITING\_Parcel_addAttributes_DB\BoxSprings_Parcel.shp" MNG_AG_ID DOUBLE # # # # NULLABLE NON_REQUIRED #</Process><Process ToolSource="c:\program files (x86)\arcgis\desktop10.1\ArcToolbox\Toolboxes\Data Management Tools.tbx\AddField" Date="20130603" Time="141449">AddField "C:\Users\Easterday\Dropbox\UC Reserves\Kevin Data\NRS_FINAL04_19_2013\KE_EDITS\KE_EDITING\_Parcel_addAttributes_DB\BoxSprings_Parcel.shp" AL_AV_PARC DOUBLE # # # # NULLABLE NON_REQUIRED #</Process><Process ToolSource="c:\program files (x86)\arcgis\desktop10.1\ArcToolbox\Toolboxes\Data Management Tools.tbx\AddField" Date="20130603" Time="141449">AddField "C:\Users\Easterday\Dropbox\UC Reserves\Kevin Data\NRS_FINAL04_19_2013\KE_EDITS\KE_EDITING\_Parcel_addAttributes_DB\BoxSprings_Parcel.shp" SRC_ALIGN TEXT # # # # NULLABLE NON_REQUIRED #</Process><Process ToolSource="c:\program files (x86)\arcgis\desktop10.1\ArcToolbox\Toolboxes\Data Management Tools.tbx\AddField" Date="20130603" Time="141449">AddField "C:\Users\Easterday\Dropbox\UC Reserves\Kevin Data\NRS_FINAL04_19_2013\KE_EDITS\KE_EDITING\_Parcel_addAttributes_DB\BoxSprings_Parcel.shp" SRC_ATTR TEXT # # # # NULLABLE NON_REQUIRED #</Process><Process ToolSource="c:\program files (x86)\arcgis\desktop10.1\ArcToolbox\Toolboxes\Data Management Tools.tbx\AddField" Date="20130603" Time="141449">AddField "C:\Users\Easterday\Dropbox\UC Reserves\Kevin Data\NRS_FINAL04_19_2013\KE_EDITS\KE_EDITING\_Parcel_addAttributes_DB\BoxSprings_Parcel.shp" D_ACQ_YR DOUBLE # # # # NULLABLE NON_REQUIRED #</Process><Process ToolSource="c:\program files (x86)\arcgis\desktop10.1\ArcToolbox\Toolboxes\Data Management Tools.tbx\AddField" Date="20130619" Time="114128">AddField "C:\Users\Easterday\Dropbox\UC Reserves\Kevin Data\NRS_FINAL04_19_2013\KE_EDITS\KE_FINAL\BoxSprings\FINAL\BoxSprings_Parcel.shp" Name TEXT # # # # NULLABLE NON_REQUIRED #</Process><Process ToolSource="c:\program files (x86)\arcgis\desktop10.1\ArcToolbox\Toolboxes\Data Management Tools.tbx\AddField" Date="20130619" Time="114129">AddField "C:\Users\Easterday\Dropbox\UC Reserves\Kevin Data\NRS_FINAL04_19_2013\KE_EDITS\KE_FINAL\BoxSprings\FINAL\BoxSprings_Parcel.shp" ReserveId DOUBLE # # # # NULLABLE NON_REQUIRED #</Process><Process ToolSource="c:\program files (x86)\arcgis\desktop10.1\ArcToolbox\Toolboxes\Data Management Tools.tbx\AddField" Date="20130619" Time="114129">AddField "C:\Users\Easterday\Dropbox\UC Reserves\Kevin Data\NRS_FINAL04_19_2013\KE_EDITS\KE_FINAL\BoxSprings\FINAL\BoxSprings_Parcel.shp" Campus TEXT # # # # NULLABLE NON_REQUIRED #</Process><Process ToolSource="c:\program files (x86)\arcgis\desktop10.1\ArcToolbox\Toolboxes\Data Management Tools.tbx\AddField" Date="20130619" Time="114129">AddField "C:\Users\Easterday\Dropbox\UC Reserves\Kevin Data\NRS_FINAL04_19_2013\KE_EDITS\KE_FINAL\BoxSprings\FINAL\BoxSprings_Parcel.shp" CampusId DOUBLE # # # # NULLABLE NON_REQUIRED #</Process><Process ToolSource="c:\program files (x86)\arcgis\desktop10.1\ArcToolbox\Toolboxes\Data Management Tools.tbx\AddField" Date="20130619" Time="114129">AddField "C:\Users\Easterday\Dropbox\UC Reserves\Kevin Data\NRS_FINAL04_19_2013\KE_EDITS\KE_FINAL\BoxSprings\FINAL\BoxSprings_Parcel.shp" County TEXT # # # # NULLABLE NON_REQUIRED #</Process><Process ToolSource="c:\program files (x86)\arcgis\desktop10.1\ArcToolbox\Toolboxes\Data Management Tools.tbx\AddField" Date="20130619" Time="114129">AddField "C:\Users\Easterday\Dropbox\UC Reserves\Kevin Data\NRS_FINAL04_19_2013\KE_EDITS\KE_FINAL\BoxSprings\FINAL\BoxSprings_Parcel.shp" CountyId DOUBLE # # # # NULLABLE NON_REQUIRED #</Process><Process ToolSource="c:\program files (x86)\arcgis\desktop10.1\ArcToolbox\Toolboxes\Data Management Tools.tbx\AddField" Date="20130619" Time="114129">AddField "C:\Users\Easterday\Dropbox\UC Reserves\Kevin Data\NRS_FINAL04_19_2013\KE_EDITS\KE_FINAL\BoxSprings\FINAL\BoxSprings_Parcel.shp" Uc_Owns DOUBLE # # # # NULLABLE NON_REQUIRED #</Process><Process ToolSource="c:\program files (x86)\arcgis\desktop10.1\ArcToolbox\Toolboxes\Data Management Tools.tbx\AddField" Date="20130619" Time="114604">AddField "C:\Users\Easterday\Dropbox\UC Reserves\Kevin Data\NRS_FINAL04_19_2013\KE_EDITS\KE_FINAL\BoxSprings\FINAL\BoxSprings_Parcel.shp" Name TEXT # # # # NULLABLE NON_REQUIRED #</Process><Process ToolSource="c:\program files (x86)\arcgis\desktop10.1\ArcToolbox\Toolboxes\Data Management Tools.tbx\AddField" Date="20130619" Time="114604">AddField "C:\Users\Easterday\Dropbox\UC Reserves\Kevin Data\NRS_FINAL04_19_2013\KE_EDITS\KE_FINAL\BoxSprings\FINAL\BoxSprings_Parcel.shp" ReserveId DOUBLE # # # # NULLABLE NON_REQUIRED #</Process><Process ToolSource="c:\program files (x86)\arcgis\desktop10.1\ArcToolbox\Toolboxes\Data Management Tools.tbx\AddField" Date="20130619" Time="114604">AddField "C:\Users\Easterday\Dropbox\UC Reserves\Kevin Data\NRS_FINAL04_19_2013\KE_EDITS\KE_FINAL\BoxSprings\FINAL\BoxSprings_Parcel.shp" Campus TEXT # # # # NULLABLE NON_REQUIRED #</Process><Process ToolSource="c:\program files (x86)\arcgis\desktop10.1\ArcToolbox\Toolboxes\Data Management Tools.tbx\AddField" Date="20130619" Time="114604">AddField "C:\Users\Easterday\Dropbox\UC Reserves\Kevin Data\NRS_FINAL04_19_2013\KE_EDITS\KE_FINAL\BoxSprings\FINAL\BoxSprings_Parcel.shp" CampusId DOUBLE # # # # NULLABLE NON_REQUIRED #</Process><Process ToolSource="c:\program files (x86)\arcgis\desktop10.1\ArcToolbox\Toolboxes\Data Management Tools.tbx\AddField" Date="20130619" Time="114604">AddField "C:\Users\Easterday\Dropbox\UC Reserves\Kevin Data\NRS_FINAL04_19_2013\KE_EDITS\KE_FINAL\BoxSprings\FINAL\BoxSprings_Parcel.shp" County TEXT # # # # NULLABLE NON_REQUIRED #</Process><Process ToolSource="c:\program files (x86)\arcgis\desktop10.1\ArcToolbox\Toolboxes\Data Management Tools.tbx\AddField" Date="20130619" Time="114604">AddField "C:\Users\Easterday\Dropbox\UC Reserves\Kevin Data\NRS_FINAL04_19_2013\KE_EDITS\KE_FINAL\BoxSprings\FINAL\BoxSprings_Parcel.shp" CountyId DOUBLE # # # # NULLABLE NON_REQUIRED #</Process><Process ToolSource="c:\program files (x86)\arcgis\desktop10.1\ArcToolbox\Toolboxes\Data Management Tools.tbx\AddField" Date="20130619" Time="114604">AddField "C:\Users\Easterday\Dropbox\UC Reserves\Kevin Data\NRS_FINAL04_19_2013\KE_EDITS\KE_FINAL\BoxSprings\FINAL\BoxSprings_Parcel.shp" Uc_Owns DOUBLE # # # # NULLABLE NON_REQUIRED #</Process><Process ToolSource="c:\program files (x86)\arcgis\desktop10.1\ArcToolbox\Toolboxes\Data Management Tools.tbx\AddField" Date="20130619" Time="114604">AddField "C:\Users\Easterday\Dropbox\UC Reserves\Kevin Data\NRS_FINAL04_19_2013\KE_EDITS\KE_FINAL\BoxSprings\FINAL\BoxSprings_Parcel.shp" Gis_Acres FLOAT # # # # NULLABLE NON_REQUIRED #</Process><Process ToolSource="c:\program files (x86)\arcgis\desktop10.1\ArcToolbox\Toolboxes\Data Management Tools.tbx\AddField" Date="20130619" Time="114604">AddField "C:\Users\Easterday\Dropbox\UC Reserves\Kevin Data\NRS_FINAL04_19_2013\KE_EDITS\KE_FINAL\BoxSprings\FINAL\BoxSprings_Parcel.shp" Acres FLOAT # # # # NULLABLE NON_REQUIRED #</Process><Process ToolSource="c:\program files (x86)\arcgis\desktop10.1\ArcToolbox\Toolboxes\Data Management Tools.tbx\Project" Date="20140414" Time="130916">Project C:/Users/Kelly/Desktop/All\BoxSprings_Parcel.shp C:/Users/Kelly/Desktop/All\BoxSprings_Parcel_prj_.shp PROJCS['NAD_1983_California_Teale_Albers',GEOGCS['GCS_North_American_1983',DATUM['D_North_American_1983',SPHEROID['GRS_1980',6378137.0,298.257222101]],PRIMEM['Greenwich',0.0],UNIT['Degree',0.0174532925199433]],PROJECTION['Albers'],PARAMETER['False_Easting',0.0],PARAMETER['False_Northing',-4000000.0],PARAMETER['Central_Meridian',-120.0],PARAMETER['Standard_Parallel_1',34.0],PARAMETER['Standard_Parallel_2',40.5],PARAMETER['Latitude_Of_Origin',0.0],UNIT['Meter',1.0]] # PROJCS['NAD_1983_StatePlane_California_VI_FIPS_0406_Feet',GEOGCS['GCS_North_American_1983',DATUM['D_North_American_1983',SPHEROID['GRS_1980',6378137.0,298.257222101]],PRIMEM['Greenwich',0.0],UNIT['Degree',0.0174532925199433]],PROJECTION['Lambert_Conformal_Conic'],PARAMETER['False_Easting',6561666.666666666],PARAMETER['False_Northing',1640416.666666667],PARAMETER['Central_Meridian',-116.25],PARAMETER['Standard_Parallel_1',32.78333333333333],PARAMETER['Standard_Parallel_2',33.88333333333333],PARAMETER['Latitude_Of_Origin',32.16666666666666],UNIT['Foot_US',0.3048006096012192]]</Process><Process ToolSource="c:\program files (x86)\arcgis\desktop10.1\ArcToolbox\Toolboxes\Data Management Tools.tbx\Project" Date="20140414" Time="130918">Project C:/Users/Kelly/Desktop/All\BoxSprings_Parcel_prj_.shp C:/Users/Kelly/Desktop/All\BoxSprings_Parcel_prj__prj_.shp PROJCS['NAD_1983_California_Teale_Albers',GEOGCS['GCS_North_American_1983',DATUM['D_North_American_1983',SPHEROID['GRS_1980',6378137.0,298.257222101]],PRIMEM['Greenwich',0.0],UNIT['Degree',0.0174532925199433]],PROJECTION['Albers'],PARAMETER['False_Easting',0.0],PARAMETER['False_Northing',-4000000.0],PARAMETER['Central_Meridian',-120.0],PARAMETER['Standard_Parallel_1',34.0],PARAMETER['Standard_Parallel_2',40.5],PARAMETER['Latitude_Of_Origin',0.0],UNIT['Meter',1.0]] # PROJCS['NAD_1983_California_Teale_Albers',GEOGCS['GCS_North_American_1983',DATUM['D_North_American_1983',SPHEROID['GRS_1980',6378137.0,298.257222101]],PRIMEM['Greenwich',0.0],UNIT['Degree',0.0174532925199433]],PROJECTION['Albers'],PARAMETER['False_Easting',0.0],PARAMETER['False_Northing',-4000000.0],PARAMETER['Central_Meridian',-120.0],PARAMETER['Standard_Parallel_1',34.0],PARAMETER['Standard_Parallel_2',40.5],PARAMETER['Latitude_Of_Origin',0.0],UNIT['Meter',1.0]]</Process></lineage><itemProps><itemLocation><linkage Sync="TRUE">file://\\AMY\C$\Users\Easterday\Dropbox\Shapefiles (2)\Box_Springs_KE_Both_Completed\BoxSprings_Parcel</linkage><protocol Sync="TRUE">Local Area Network</protocol></itemLocation></itemProps><copyHistory><copy source="C:\Users\Easterday\Dropbox\UC Reserves\Kevin Data\NRS_FINAL04_19_2013\KE_EDITS\KE_FINAL\BoxSprings\BoxSprings_Parcel" dest="\\AMY\C$\Users\Easterday\Dropbox\Shapefiles (2)\Box_Springs_KE_Both_Completed\BoxSprings_Parcel" date="20130619" time="13264600"></copy></copyHistory></DataProperties><ArcGISFormat>1.0</ArcGISFormat></Esri><idinfo><native Sync="TRUE">Microsoft Windows XP Version 5.1 (Build 2600) Service Pack 3; ESRI ArcCatalog 9.3.1.1850</native><descript><langdata Sync="TRUE">en</langdata><abstract>REQUIRED: A brief narrative summary of the data set.</abstract><purpose>REQUIRED: A summary of the intentions with which the data set was developed.</purpose></descript><citation><citeinfo><origin>REQUIRED: The name of an organization or individual that developed the data set.</origin><pubdate>REQUIRED: The date when the data set is published or otherwise made available for release.</pubdate><title Sync="TRUE">APN_02092011_Nad83</title><ftname Sync="TRUE">APN_02092011_Nad83</ftname><geoform Sync="TRUE">vector digital data</geoform><onlink Sync="TRUE">\\SKAGWAY\C$\MSHCP_WORK\Layers\Access_Ownership\APN\APN_02092011_Nad83.shp</onlink></citeinfo></citation><timeperd><current>REQUIRED: The basis on which the time period of content information is determined.</current><timeinfo><sngdate><caldate>REQUIRED: The year (and optionally month, or month and day) for which the data set corresponds to the ground.</caldate></sngdate></timeinfo></timeperd><status><progress>REQUIRED: The state of the data set.</progress><update>REQUIRED: The frequency with which changes and additions are made to the data set after the initial data set is completed.</update></status><spdom><bounding><westbc Sync="TRUE">-117.677678</westbc><eastbc Sync="TRUE">-116.544325</eastbc><northbc Sync="TRUE">34.034998</northbc><southbc Sync="TRUE">33.424849</southbc></bounding><lboundng><leftbc Sync="TRUE">437441.666560</leftbc><rightbc Sync="TRUE">542063.949427</rightbc><bottombc Sync="TRUE">3698589.768994</bottombc><topbc Sync="TRUE">3766036.525430</topbc></lboundng></spdom><keywords><theme><themekt>REQUIRED: Reference to a formally registered thesaurus or a similar authoritative source of theme keywords.</themekt><themekey>REQUIRED: Common-use word or phrase used to describe the subject of the data set.</themekey></theme></keywords><accconst>REQUIRED: Restrictions and legal prerequisites for accessing the data set.</accconst><useconst>REQUIRED: Restrictions and legal prerequisites for using the data set after access is granted.</useconst><natvform Sync="TRUE">Shapefile</natvform></idinfo><dataIdInfo><envirDesc Sync="TRUE">Microsoft Windows XP Version 5.1 (Build 2600) Service Pack 3; ESRI ArcCatalog 9.3.1.1850</envirDesc><dataLang><languageCode Sync="TRUE" value="en"></languageCode></dataLang><idCitation><resTitle Sync="TRUE">APN_02092011_Nad83</resTitle><presForm><PresFormCd Sync="TRUE" value="005"></PresFormCd></presForm></idCitation><spatRpType><SpatRepTypCd Sync="TRUE" value="001"></SpatRepTypCd></spatRpType><dataExt><geoEle><GeoBndBox esriExtentType="native"><westBL Sync="TRUE">437441.66656</westBL><eastBL Sync="TRUE">542063.949427</eastBL><northBL Sync="TRUE">3766036.52543</northBL><southBL Sync="TRUE">3698589.768994</southBL><exTypeCode Sync="TRUE">1</exTypeCode></GeoBndBox></geoEle></dataExt><geoBox esriExtentType="decdegrees"><westBL Sync="TRUE">-117.677678</westBL><eastBL Sync="TRUE">-116.544325</eastBL><northBL Sync="TRUE">34.034998</northBL><southBL Sync="TRUE">33.424849</southBL><exTypeCode Sync="TRUE">1</exTypeCode></geoBox></dataIdInfo><metainfo><langmeta Sync="TRUE">en</langmeta><metstdn Sync="TRUE">FGDC Content Standards for Digital Geospatial Metadata</metstdn><metstdv Sync="TRUE">FGDC-STD-001-1998</metstdv><mettc Sync="TRUE">local time</mettc><metc><cntinfo><cntorgp><cntper>REQUIRED: The person responsible for the metadata information.</cntper><cntorg>REQUIRED: The organization responsible for the metadata information.</cntorg></cntorgp><cntaddr><addrtype>REQUIRED: The mailing and/or physical address for the organization or individual.</addrtype><city>REQUIRED: The city of the address.</city><state>REQUIRED: The state or province of the address.</state><postal>REQUIRED: The ZIP or other postal code of the address.</postal></cntaddr><cntvoice>REQUIRED: The telephone number by which individuals can speak to the organization or individual.</cntvoice></cntinfo></metc><metd Sync="TRUE">20110228</metd><metextns><onlink Sync="TRUE">http://www.esri.com/metadata/esriprof80.html</onlink><metprof Sync="TRUE">ESRI Metadata Profile</metprof></metextns></metainfo><mdLang><languageCode Sync="TRUE" value="en"></languageCode></mdLang><mdStanName Sync="TRUE">ISO 19115 Geographic Information - Metadata</mdStanName><mdStanVer Sync="TRUE">DIS_ESRI1.0</mdStanVer><mdChar><CharSetCd Sync="TRUE" value="004"></CharSetCd></mdChar><mdHrLv><ScopeCd Sync="TRUE" value="005"></ScopeCd></mdHrLv><mdHrLvName Sync="TRUE">dataset</mdHrLvName><distinfo><resdesc Sync="TRUE">Downloadable Data</resdesc><stdorder><digform><digtinfo><transize Sync="TRUE">208.241</transize><dssize Sync="TRUE">208.241</dssize></digtinfo></digform></stdorder></distinfo><distInfo><distributor><distorTran><onLineSrc><orDesc Sync="TRUE">002</orDesc><linkage Sync="TRUE">file://\\SKAGWAY\C$\MSHCP_WORK\Layers\Access_Ownership\APN\APN_02092011_Nad83.shp</linkage><protocol Sync="TRUE">Local Area Network</protocol></onLineSrc><transSize Sync="TRUE">208.241</transSize></distorTran><distorFormat><formatName Sync="TRUE">Shapefile</formatName></distorFormat></distributor></distInfo><spdoinfo><direct Sync="TRUE">Vector</direct><ptvctinf><esriterm Name="APN_02092011_Nad83"><efeatyp Sync="TRUE">Simple</efeatyp><efeageom Sync="TRUE">Polygon</efeageom><esritopo Sync="TRUE">FALSE</esritopo><efeacnt Sync="TRUE">563790</efeacnt><spindex Sync="TRUE">TRUE</spindex><linrefer Sync="TRUE">FALSE</linrefer></esriterm><sdtsterm Name="APN_02092011_Nad83"><sdtstype Sync="TRUE">G-polygon</sdtstype><ptvctcnt Sync="TRUE">563790</ptvctcnt></sdtsterm></ptvctinf></spdoinfo><spref><horizsys><cordsysn><geogcsn Sync="TRUE">GCS_North_American_1983</geogcsn><projcsn Sync="TRUE">NAD_1983_UTM_Zone_11N</projcsn></cordsysn><planar><planci><plance Sync="TRUE">coordinate pair</plance><plandu Sync="TRUE">meters</plandu><coordrep><absres Sync="TRUE">0.000000</absres><ordres Sync="TRUE">0.000000</ordres></coordrep></planci><gridsys><gridsysn Sync="TRUE">Universal Transverse Mercator</gridsysn><utm><utmzone Sync="TRUE">11</utmzone><transmer><sfctrmer Sync="TRUE">0.999600</sfctrmer><longcm Sync="TRUE">-117.000000</longcm><latprjo Sync="TRUE">0.000000</latprjo><feast Sync="TRUE">500000.000000</feast><fnorth Sync="TRUE">0.000000</fnorth></transmer></utm></gridsys></planar><geodetic><horizdn Sync="TRUE">North American Datum of 1983</horizdn><ellips Sync="TRUE">Geodetic Reference System 80</ellips><semiaxis Sync="TRUE">6378137.000000</semiaxis><denflat Sync="TRUE">298.257222</denflat></geodetic></horizsys></spref><refSysInfo><RefSystem><refSysID><identCode Sync="TRUE">NAD_1983_UTM_Zone_11N</identCode></refSysID></RefSystem></refSysInfo><spatRepInfo><VectSpatRep><topLvl><TopoLevCd Sync="TRUE" value="001"></TopoLevCd></topLvl><geometObjs Name="APN_02092011_Nad83"><geoObjTyp><GeoObjTypCd Sync="TRUE" value="001"></GeoObjTypCd></geoObjTyp><geoObjCnt Sync="TRUE">563790</geoObjCnt></geometObjs></VectSpatRep></spatRepInfo><eainfo><detailed Name="APN_02092011_Nad83"><enttyp><enttypl Sync="TRUE">APN_02092011_Nad83</enttypl><enttypt Sync="TRUE">Feature Class</enttypt><enttypc Sync="TRUE">563790</enttypc></enttyp><attr><attrlabl Sync="TRUE">FID</attrlabl><attalias Sync="TRUE">FID</attalias><attrtype Sync="TRUE">OID</attrtype><attwidth Sync="TRUE">4</attwidth><atprecis Sync="TRUE">0</atprecis><attscale Sync="TRUE">0</attscale><attrdef Sync="TRUE">Internal feature number.</attrdef><attrdefs Sync="TRUE">ESRI</attrdefs><attrdomv><udom Sync="TRUE">Sequential unique whole numbers that are automatically generated.</udom></attrdomv></attr><attr><attrlabl Sync="TRUE">Shape</attrlabl><attalias Sync="TRUE">Shape</attalias><attrtype Sync="TRUE">Geometry</attrtype><attwidth Sync="TRUE">0</attwidth><atprecis Sync="TRUE">0</atprecis><attscale Sync="TRUE">0</attscale><attrdef Sync="TRUE">Feature geometry.</attrdef><attrdefs Sync="TRUE">ESRI</attrdefs><attrdomv><udom Sync="TRUE">Coordinates defining the features.</udom></attrdomv></attr><attr><attrlabl Sync="TRUE">APN</attrlabl><attalias Sync="TRUE">APN</attalias><attrtype Sync="TRUE">String</attrtype><attwidth Sync="TRUE">9</attwidth></attr><attr><attrlabl Sync="TRUE">FLAG</attrlabl><attalias Sync="TRUE">FLAG</attalias><attrtype Sync="TRUE">String</attrtype><attwidth Sync="TRUE">2</attwidth></attr><attr><attrlabl Sync="TRUE">OBJECTID</attrlabl><attalias Sync="TRUE">OBJECTID</attalias><attrtype Sync="TRUE">Number</attrtype><attwidth Sync="TRUE">10</attwidth></attr><attr><attrlabl Sync="TRUE">PARCELKEY</attrlabl><attalias Sync="TRUE">PARCELKEY</attalias><attrtype Sync="TRUE">Number</attrtype><attwidth Sync="TRUE">9</attwidth></attr><attr><attrlabl Sync="TRUE">SHAPE_AREA</attrlabl><attalias Sync="TRUE">SHAPE_AREA</attalias><attrtype Sync="TRUE">Float</attrtype><attwidth Sync="TRUE">19</attwidth><attrdef Sync="TRUE">Area of feature in internal units squared.</attrdef><attrdefs Sync="TRUE">ESRI</attrdefs><attrdomv><udom Sync="TRUE">Positive real numbers that are automatically generated.</udom></attrdomv><atnumdec Sync="TRUE">11</atnumdec></attr><attr><attrlabl Sync="TRUE">SHAPE_LEN</attrlabl><attalias Sync="TRUE">SHAPE_LEN</attalias><attrtype Sync="TRUE">Float</attrtype><attwidth Sync="TRUE">19</attwidth><atnumdec Sync="TRUE">11</atnumdec></attr><attr><attrlabl Sync="TRUE">ASMT</attrlabl><attalias Sync="TRUE">ASMT</attalias><attrtype Sync="TRUE">String</attrtype><attwidth Sync="TRUE">9</attwidth></attr><attr><attrlabl Sync="TRUE">TAXYEAR</attrlabl><attalias Sync="TRUE">TAXYEAR</attalias><attrtype Sync="TRUE">Number</attrtype><attwidth Sync="TRUE">10</attwidth></attr><attr><attrlabl Sync="TRUE">ASSEE_CNT</attrlabl><attalias Sync="TRUE">ASSEE_CNT</attalias><attrtype Sync="TRUE">Number</attrtype><attwidth Sync="TRUE">10</attwidth></attr><attr><attrlabl Sync="TRUE">ASSESSEE_L</attrlabl><attalias Sync="TRUE">ASSESSEE_L</attalias><attrtype Sync="TRUE">String</attrtype><attwidth Sync="TRUE">43</attwidth></attr><attr><attrlabl Sync="TRUE">ASSESSEE_F</attrlabl><attalias Sync="TRUE">ASSESSEE_F</attalias><attrtype Sync="TRUE">String</attrtype><attwidth Sync="TRUE">12</attwidth></attr><attr><attrlabl Sync="TRUE">ASSESSEE_M</attrlabl><attalias Sync="TRUE">ASSESSEE_M</attalias><attrtype Sync="TRUE">String</attrtype><attwidth Sync="TRUE">12</attwidth></attr><attr><attrlabl Sync="TRUE">ET_AL</attrlabl><attalias Sync="TRUE">ET_AL</attalias><attrtype Sync="TRUE">String</attrtype><attwidth Sync="TRUE">1</attwidth></attr><attr><attrlabl Sync="TRUE">OBJECTID_1</attrlabl><attalias Sync="TRUE">OBJECTID_1</attalias><attrtype Sync="TRUE">Number</attrtype><attwidth Sync="TRUE">9</attwidth></attr></detailed></eainfo><mdDateSt Sync="TRUE">20110228</mdDateSt><dataqual><lineage><procstep><procdesc Sync="TRUE">Dataset copied.</procdesc><srcused Sync="TRUE"></srcused><procdate Sync="TRUE">20110228</procdate><proctime Sync="TRUE">14435600</proctime></procstep></lineage></dataqual></metadata>
