<?xml version="1.0" encoding="UTF-8"?>
<metadata xml:lang="en"><Esri><CreaDate>20140414</CreaDate><CreaTime>13122000</CreaTime><SyncOnce>FALSE</SyncOnce><SyncDate>20100728</SyncDate><SyncTime>07490000</SyncTime><ModDate>20100728</ModDate><ModTime>07490000</ModTime><DataProperties><lineage><Process ToolSource="C:\Program Files\ArcGIS\Desktop10.0\ArcToolbox\Toolboxes\Data Management Tools.tbx\CalculateField" Date="20101029" Time="161604">CalculateField assrData.MSSDE.parcels UNIT [UNIT_NO] VB #</Process><Process ToolSource="C:\Program Files\ArcGIS\Desktop10.0\ArcToolbox\Toolboxes\Data Management Tools.tbx\CalculateField" Date="20101109" Time="140600">CalculateField assrData.MSSDE.parcels UNIT_NO [UNIT] VB #</Process><Process ToolSource="C:\Program Files\ArcGIS\Desktop10.0\ArcToolbox\Toolboxes\Data Management Tools.tbx\CalculateField" Date="20101109" Time="140902">CalculateField assrData.MSSDE.parcels PARCEL_TYPE "Non-Condo" VB #</Process><Process ToolSource="c:\program files (x86)\arcgis\desktop10.1\ArcToolbox\Toolboxes\Data Management Tools.tbx\AddField" Date="20130611" Time="104238">AddField "C:\Users\Kelly\Dropbox\Shapefiles (2)\Stunt_Ranch_KE_Parcel_Review\StuntRanch_KEedit.shp" AGNCY_NAME TEXT # # # # NULLABLE NON_REQUIRED #</Process><Process ToolSource="c:\program files (x86)\arcgis\desktop10.1\ArcToolbox\Toolboxes\Data Management Tools.tbx\AddField" Date="20130611" Time="104238">AddField "C:\Users\Kelly\Dropbox\Shapefiles (2)\Stunt_Ranch_KE_Parcel_Review\StuntRanch_KEedit.shp" UNIT_NAME TEXT # # # # NULLABLE NON_REQUIRED #</Process><Process ToolSource="c:\program files (x86)\arcgis\desktop10.1\ArcToolbox\Toolboxes\Data Management Tools.tbx\AddField" Date="20130611" Time="104238">AddField "C:\Users\Kelly\Dropbox\Shapefiles (2)\Stunt_Ranch_KE_Parcel_Review\StuntRanch_KEedit.shp" ACCESS_TYP TEXT # # # # NULLABLE NON_REQUIRED #</Process><Process ToolSource="c:\program files (x86)\arcgis\desktop10.1\ArcToolbox\Toolboxes\Data Management Tools.tbx\AddField" Date="20130611" Time="104238">AddField "C:\Users\Kelly\Dropbox\Shapefiles (2)\Stunt_Ranch_KE_Parcel_Review\StuntRanch_KEedit.shp" GIS_ACRES DOUBLE # # # # NULLABLE NON_REQUIRED #</Process><Process ToolSource="c:\program files (x86)\arcgis\desktop10.1\ArcToolbox\Toolboxes\Data Management Tools.tbx\AddField" Date="20130611" Time="104238">AddField "C:\Users\Kelly\Dropbox\Shapefiles (2)\Stunt_Ranch_KE_Parcel_Review\StuntRanch_KEedit.shp" COUNTY TEXT # # # # NULLABLE NON_REQUIRED #</Process><Process ToolSource="c:\program files (x86)\arcgis\desktop10.1\ArcToolbox\Toolboxes\Data Management Tools.tbx\AddField" Date="20130611" Time="104238">AddField "C:\Users\Kelly\Dropbox\Shapefiles (2)\Stunt_Ranch_KE_Parcel_Review\StuntRanch_KEedit.shp" AGNCY_LEV TEXT # # # # NULLABLE NON_REQUIRED #</Process><Process ToolSource="c:\program files (x86)\arcgis\desktop10.1\ArcToolbox\Toolboxes\Data Management Tools.tbx\AddField" Date="20130611" Time="104238">AddField "C:\Users\Kelly\Dropbox\Shapefiles (2)\Stunt_Ranch_KE_Parcel_Review\StuntRanch_KEedit.shp" AGNCY_WEB TEXT # # # # NULLABLE NON_REQUIRED #</Process><Process ToolSource="c:\program files (x86)\arcgis\desktop10.1\ArcToolbox\Toolboxes\Data Management Tools.tbx\AddField" Date="20130611" Time="104238">AddField "C:\Users\Kelly\Dropbox\Shapefiles (2)\Stunt_Ranch_KE_Parcel_Review\StuntRanch_KEedit.shp" SITE_WEB TEXT # # # # NULLABLE NON_REQUIRED #</Process><Process ToolSource="c:\program files (x86)\arcgis\desktop10.1\ArcToolbox\Toolboxes\Data Management Tools.tbx\AddField" Date="20130611" Time="104238">AddField "C:\Users\Kelly\Dropbox\Shapefiles (2)\Stunt_Ranch_KE_Parcel_Review\StuntRanch_KEedit.shp" LAYER TEXT # # # # NULLABLE NON_REQUIRED #</Process><Process ToolSource="c:\program files (x86)\arcgis\desktop10.1\ArcToolbox\Toolboxes\Data Management Tools.tbx\AddField" Date="20130611" Time="104238">AddField "C:\Users\Kelly\Dropbox\Shapefiles (2)\Stunt_Ranch_KE_Parcel_Review\StuntRanch_KEedit.shp" MNG_AGNCY TEXT # # # # NULLABLE NON_REQUIRED #</Process><Process ToolSource="c:\program files (x86)\arcgis\desktop10.1\ArcToolbox\Toolboxes\Data Management Tools.tbx\AddField" Date="20130611" Time="104238">AddField "C:\Users\Kelly\Dropbox\Shapefiles (2)\Stunt_Ranch_KE_Parcel_Review\StuntRanch_KEedit.shp" LABEL_NAME TEXT # # # # NULLABLE NON_REQUIRED #</Process><Process ToolSource="c:\program files (x86)\arcgis\desktop10.1\ArcToolbox\Toolboxes\Data Management Tools.tbx\AddField" Date="20130611" Time="104239">AddField "C:\Users\Kelly\Dropbox\Shapefiles (2)\Stunt_Ranch_KE_Parcel_Review\StuntRanch_KEedit.shp" OWN_TYPE TEXT # # # # NULLABLE NON_REQUIRED #</Process><Process ToolSource="c:\program files (x86)\arcgis\desktop10.1\ArcToolbox\Toolboxes\Data Management Tools.tbx\AddField" Date="20130611" Time="104239">AddField "C:\Users\Kelly\Dropbox\Shapefiles (2)\Stunt_Ranch_KE_Parcel_Review\StuntRanch_KEedit.shp" SITE_NAME TEXT # # # # NULLABLE NON_REQUIRED #</Process><Process ToolSource="c:\program files (x86)\arcgis\desktop10.1\ArcToolbox\Toolboxes\Data Management Tools.tbx\AddField" Date="20130611" Time="104239">AddField "C:\Users\Kelly\Dropbox\Shapefiles (2)\Stunt_Ranch_KE_Parcel_Review\StuntRanch_KEedit.shp" ALT_SITE_N TEXT # # # # NULLABLE NON_REQUIRED #</Process><Process ToolSource="c:\program files (x86)\arcgis\desktop10.1\ArcToolbox\Toolboxes\Data Management Tools.tbx\AddField" Date="20130611" Time="104239">AddField "C:\Users\Kelly\Dropbox\Shapefiles (2)\Stunt_Ranch_KE_Parcel_Review\StuntRanch_KEedit.shp" LAND_WATER TEXT # # # # NULLABLE NON_REQUIRED #</Process><Process ToolSource="c:\program files (x86)\arcgis\desktop10.1\ArcToolbox\Toolboxes\Data Management Tools.tbx\AddField" Date="20130611" Time="104239">AddField "C:\Users\Kelly\Dropbox\Shapefiles (2)\Stunt_Ranch_KE_Parcel_Review\StuntRanch_KEedit.shp" SPEC_USE TEXT # # # # NULLABLE NON_REQUIRED #</Process><Process ToolSource="c:\program files (x86)\arcgis\desktop10.1\ArcToolbox\Toolboxes\Data Management Tools.tbx\AddField" Date="20130611" Time="104239">AddField "C:\Users\Kelly\Dropbox\Shapefiles (2)\Stunt_Ranch_KE_Parcel_Review\StuntRanch_KEedit.shp" HOLD_NOTES TEXT # # # # NULLABLE NON_REQUIRED #</Process><Process ToolSource="c:\program files (x86)\arcgis\desktop10.1\ArcToolbox\Toolboxes\Data Management Tools.tbx\AddField" Date="20130611" Time="104239">AddField "C:\Users\Kelly\Dropbox\Shapefiles (2)\Stunt_Ranch_KE_Parcel_Review\StuntRanch_KEedit.shp" CITY TEXT # # # # NULLABLE NON_REQUIRED #</Process><Process ToolSource="c:\program files (x86)\arcgis\desktop10.1\ArcToolbox\Toolboxes\Data Management Tools.tbx\AddField" Date="20130611" Time="104239">AddField "C:\Users\Kelly\Dropbox\Shapefiles (2)\Stunt_Ranch_KE_Parcel_Review\StuntRanch_KEedit.shp" DESG_AGNCY TEXT # # # # NULLABLE NON_REQUIRED #</Process><Process ToolSource="c:\program files (x86)\arcgis\desktop10.1\ArcToolbox\Toolboxes\Data Management Tools.tbx\AddField" Date="20130611" Time="104239">AddField "C:\Users\Kelly\Dropbox\Shapefiles (2)\Stunt_Ranch_KE_Parcel_Review\StuntRanch_KEedit.shp" DESG_NAT TEXT # # # # NULLABLE NON_REQUIRED #</Process><Process ToolSource="c:\program files (x86)\arcgis\desktop10.1\ArcToolbox\Toolboxes\Data Management Tools.tbx\AddField" Date="20130611" Time="104239">AddField "C:\Users\Kelly\Dropbox\Shapefiles (2)\Stunt_Ranch_KE_Parcel_Review\StuntRanch_KEedit.shp" PRIM_PURP TEXT # # # # NULLABLE NON_REQUIRED #</Process><Process ToolSource="c:\program files (x86)\arcgis\desktop10.1\ArcToolbox\Toolboxes\Data Management Tools.tbx\AddField" Date="20130611" Time="104239">AddField "C:\Users\Kelly\Dropbox\Shapefiles (2)\Stunt_Ranch_KE_Parcel_Review\StuntRanch_KEedit.shp" HOLDING_ID TEXT # # # # NULLABLE NON_REQUIRED #</Process><Process ToolSource="c:\program files (x86)\arcgis\desktop10.1\ArcToolbox\Toolboxes\Data Management Tools.tbx\AddField" Date="20130611" Time="104239">AddField "C:\Users\Kelly\Dropbox\Shapefiles (2)\Stunt_Ranch_KE_Parcel_Review\StuntRanch_KEedit.shp" UNIT_ID TEXT # # # # NULLABLE NON_REQUIRED #</Process><Process ToolSource="c:\program files (x86)\arcgis\desktop10.1\ArcToolbox\Toolboxes\Data Management Tools.tbx\AddField" Date="20130611" Time="104239">AddField "C:\Users\Kelly\Dropbox\Shapefiles (2)\Stunt_Ranch_KE_Parcel_Review\StuntRanch_KEedit.shp" SUPERUNIT TEXT # # # # NULLABLE NON_REQUIRED #</Process><Process ToolSource="c:\program files (x86)\arcgis\desktop10.1\ArcToolbox\Toolboxes\Data Management Tools.tbx\AddField" Date="20130611" Time="104239">AddField "C:\Users\Kelly\Dropbox\Shapefiles (2)\Stunt_Ranch_KE_Parcel_Review\StuntRanch_KEedit.shp" AGNCY_ID DOUBLE # # # # NULLABLE NON_REQUIRED #</Process><Process ToolSource="c:\program files (x86)\arcgis\desktop10.1\ArcToolbox\Toolboxes\Data Management Tools.tbx\AddField" Date="20130611" Time="104239">AddField "C:\Users\Kelly\Dropbox\Shapefiles (2)\Stunt_Ranch_KE_Parcel_Review\StuntRanch_KEedit.shp" MNG_AG_ID DOUBLE # # # # NULLABLE NON_REQUIRED #</Process><Process ToolSource="c:\program files (x86)\arcgis\desktop10.1\ArcToolbox\Toolboxes\Data Management Tools.tbx\AddField" Date="20130611" Time="104239">AddField "C:\Users\Kelly\Dropbox\Shapefiles (2)\Stunt_Ranch_KE_Parcel_Review\StuntRanch_KEedit.shp" AL_AV_PARC DOUBLE # # # # NULLABLE NON_REQUIRED #</Process><Process ToolSource="c:\program files (x86)\arcgis\desktop10.1\ArcToolbox\Toolboxes\Data Management Tools.tbx\AddField" Date="20130611" Time="104239">AddField "C:\Users\Kelly\Dropbox\Shapefiles (2)\Stunt_Ranch_KE_Parcel_Review\StuntRanch_KEedit.shp" SRC_ALIGN TEXT # # # # NULLABLE NON_REQUIRED #</Process><Process ToolSource="c:\program files (x86)\arcgis\desktop10.1\ArcToolbox\Toolboxes\Data Management Tools.tbx\AddField" Date="20130611" Time="104239">AddField "C:\Users\Kelly\Dropbox\Shapefiles (2)\Stunt_Ranch_KE_Parcel_Review\StuntRanch_KEedit.shp" SRC_ATTR TEXT # # # # NULLABLE NON_REQUIRED #</Process><Process ToolSource="c:\program files (x86)\arcgis\desktop10.1\ArcToolbox\Toolboxes\Data Management Tools.tbx\AddField" Date="20130611" Time="104239">AddField "C:\Users\Kelly\Dropbox\Shapefiles (2)\Stunt_Ranch_KE_Parcel_Review\StuntRanch_KEedit.shp" D_ACQ_YR DOUBLE # # # # NULLABLE NON_REQUIRED #</Process><Process ToolSource="c:\program files (x86)\arcgis\desktop10.1\ArcToolbox\Toolboxes\Data Management Tools.tbx\DeleteField" Date="20130611" Time="104501">DeleteField StuntRanch_KEedit OBJECTID;ASSRDATA_M;PERIMETER;PHASE;LOT;UNIT;MOVED;TRA;PCLTYPE;SUBDTYPE;TRACT;USECODE;BLOCK;UDATE;EDITORNAME;PARCEL_TYP;UNIT_NO;PM_REF;TOT_UNITS;SHAPE_area;SHAPE_len</Process><Process ToolSource="c:\program files (x86)\arcgis\desktop10.1\ArcToolbox\Toolboxes\Data Management Tools.tbx\Project" Date="20140414" Time="131220">Project C:/Users/Kelly/Desktop/All\StuntRanch_Parcel.shp C:/Users/Kelly/Desktop/All\StuntRanch_Parcel_prj_.shp PROJCS['NAD_1983_California_Teale_Albers',GEOGCS['GCS_North_American_1983',DATUM['D_North_American_1983',SPHEROID['GRS_1980',6378137.0,298.257222101]],PRIMEM['Greenwich',0.0],UNIT['Degree',0.0174532925199433]],PROJECTION['Albers'],PARAMETER['False_Easting',0.0],PARAMETER['False_Northing',-4000000.0],PARAMETER['Central_Meridian',-120.0],PARAMETER['Standard_Parallel_1',34.0],PARAMETER['Standard_Parallel_2',40.5],PARAMETER['Latitude_Of_Origin',0.0],UNIT['Meter',1.0]] # PROJCS['NAD_1983_StatePlane_California_V_FIPS_0405_Feet',GEOGCS['GCS_North_American_1983',DATUM['D_North_American_1983',SPHEROID['GRS_1980',6378137.0,298.257222101]],PRIMEM['Greenwich',0.0],UNIT['Degree',0.0174532925199433]],PROJECTION['Lambert_Conformal_Conic'],PARAMETER['False_Easting',6561666.666666666],PARAMETER['False_Northing',1640416.666666667],PARAMETER['Central_Meridian',-118.0],PARAMETER['Standard_Parallel_1',34.03333333333333],PARAMETER['Standard_Parallel_2',35.46666666666667],PARAMETER['Latitude_Of_Origin',33.5],UNIT['Foot_US',0.3048006096012192]]</Process></lineage><itemProps><itemLocation><linkage Sync="TRUE">file://\\KELLY-PC\Users\Kelly\Dropbox\Shapefiles (2)\Stunt_Ranch_KE_Parcel_Review\StuntRanch_KEedit</linkage><protocol Sync="TRUE">Local Area Network</protocol></itemLocation></itemProps><copyHistory><copy source="C:\Users\Kelly\Dropbox\UC Reserves\Kevin Data\NRS_FINAL04_19_2013\KE_EDITS\KE_EDITING\StuntRanch_Editing\StuntRanch_KEedit" dest="\\KELLY-PC\Users\Kelly\Dropbox\Shapefiles (2)\Stunt_Ranch_KE_Parcel_Review\StuntRanch_KEedit" date="20130610" time="10002200"></copy></copyHistory></DataProperties><ArcGISFormat>1.0</ArcGISFormat></Esri><idinfo><native Sync="TRUE">Microsoft Windows XP Version 5.1 (Build 2600) Service Pack 2; ESRI ArcCatalog 9.3.1.3000</native><descript><langdata>English</langdata><abstract>Los Angeles County, CA geodatabase containing polygon feature class depicting parcels.</abstract><purpose>Parcels contained within the county for assessment purposes.</purpose></descript><citation><citeinfo><origin>Mapping &amp; GIS Services, Office of the Assessor</origin><pubdate>April 15</pubdate><title Sync="TRUE">assrdata.MSSDE.parcels</title><ftname Sync="TRUE">assrdata.MSSDE.parcels</ftname><geoform Sync="TRUE">vector digital data</geoform><onlink Sync="TRUE">Server=assr_gis; Service=5151; Database=assrdata; User=mses; Version=sde.DEFAULT</onlink><pubinfo><pubplace>Office of the Assessor</pubplace><publish>Mapping &amp; GIS Services</publish></pubinfo></citeinfo></citation><timeperd><current>Yearly</current><timeinfo><sngdate><caldate>April 15</caldate></sngdate></timeinfo></timeperd><status><progress>Completed </progress><update>Daily</update></status><spdom><bounding><westbc Sync="TRUE">-128.712898</westbc><eastbc Sync="TRUE">-117.644096</eastbc><northbc Sync="TRUE">34.823532</northbc><southbc Sync="TRUE">32.334311</southbc></bounding><lboundng><leftbc Sync="TRUE">3334285.848125</leftbc><rightbc Sync="TRUE">6668480.770000</rightbc><bottombc Sync="TRUE">1384146.140000</bottombc><topbc Sync="TRUE">2122084.600000</topbc></lboundng></spdom><keywords><theme><themekt>REQUIRED: Reference to a formally registered thesaurus or a similar authoritative source of theme keywords.</themekt><themekey>AIN</themekey></theme></keywords><accconst>Direct access restricted to users of Mapping &amp; GIS Services via MAPPING domain.</accconst><useconst>Other users MUST sign an MOU if they are County departments or purchase right to use the data through the signature of a License Agreement and upon the payment of the required fees.</useconst><natvform Sync="TRUE">SDE Feature Class</natvform><ptcontac><cntinfo><cntperp><cntper>Emilio J. Solano</cntper><cntorg>Mapping &amp; GIS Services of the Office of the Assessor</cntorg></cntperp><cntpos>Chief Cadastral Engineer</cntpos><cntvoice>(213) 974-7351</cntvoice><cntfax>(213) 621- 2083</cntfax><cntemail>esolano@co.la.ca.us</cntemail><hours>7:00 am to 4:30 pm</hours><cntaddr><addrtype>mailing and physical address</addrtype><address>500 West Temple Street, Room 325</address><city>Los Angeles</city><state>California</state><postal>90012</postal><country>USA</country></cntaddr></cntinfo></ptcontac><datacred>Created, compiled, and maintained by Mapping &amp; GIS Services.</datacred></idinfo><dataIdInfo><envirDesc Sync="TRUE">Microsoft Windows XP Version 5.1 (Build 2600) Service Pack 2; ESRI ArcCatalog 9.3.1.3000</envirDesc><dataLang><languageCode Sync="TRUE" value="en"/></dataLang><idCitation><resTitle Sync="TRUE">assrdata.MSSDE.parcels</resTitle><presForm><PresFormCd Sync="TRUE" value="005"/></presForm></idCitation><spatRpType><SpatRepTypCd Sync="TRUE" value="001"/></spatRpType><dataExt><geoEle><GeoBndBox esriExtentType="native"><westBL Sync="TRUE">3334285.848125</westBL><eastBL Sync="TRUE">6668480.77</eastBL><northBL Sync="TRUE">2122084.6</northBL><southBL Sync="TRUE">1384146.14</southBL><exTypeCode Sync="TRUE">1</exTypeCode></GeoBndBox></geoEle></dataExt><geoBox esriExtentType="decdegrees"><westBL Sync="TRUE">-128.712898</westBL><eastBL Sync="TRUE">-117.644096</eastBL><northBL Sync="TRUE">34.823532</northBL><southBL Sync="TRUE">32.334311</southBL><exTypeCode Sync="TRUE">1</exTypeCode></geoBox></dataIdInfo><metainfo><langmeta Sync="TRUE">en</langmeta><metstdn Sync="TRUE">FGDC Content Standards for Digital Geospatial Metadata</metstdn><metstdv Sync="TRUE">FGDC-STD-001-1998</metstdv><mettc Sync="TRUE">local time</mettc><metc><cntinfo><cntorgp><cntper>Emilio J. Solano</cntper><cntorg>Mapping &amp; GIS Services, Office of the Assessor</cntorg></cntorgp><cntaddr><addrtype>mailing and physical address</addrtype><city>Los Angeles</city><state>California</state><postal>90012</postal><address>500 West Temple Street, Room 325</address><country>USA</country></cntaddr><cntvoice>(213) 974-7351</cntvoice><cntpos>Chief Cadastral Engineer</cntpos><cntfax>(213) 621-2083</cntfax><cntemail>esolano@co.la.ca.us</cntemail><hours>7:00 to 4:30 pm</hours></cntinfo></metc><metd Sync="TRUE">20100728</metd><metrd>January 11, 2005</metrd><metextns><onlink Sync="TRUE">http://www.esri.com/metadata/esriprof80.html</onlink><metprof Sync="TRUE">ESRI Metadata Profile</metprof></metextns></metainfo><mdLang><languageCode Sync="TRUE" value="en"/></mdLang><mdStanName Sync="TRUE">ISO 19115 Geographic Information - Metadata</mdStanName><mdStanVer Sync="TRUE">DIS_ESRI1.0</mdStanVer><mdChar><CharSetCd Sync="TRUE" value="004"/></mdChar><mdHrLv><ScopeCd Sync="TRUE" value="005"/></mdHrLv><mdHrLvName Sync="TRUE">dataset</mdHrLvName><distinfo><resdesc Sync="TRUE">Downloadable Data</resdesc><distliab>Data is for assessment purposes only</distliab><custom>Contact ITD Outside Sales Unit</custom><distrib><cntinfo><cntperp><cntper>Emilio J. Solano</cntper><cntorg>Mapping &amp; GIS Services, Office of the Assessor</cntorg></cntperp><cntpos>Chief Cadastral Engineer</cntpos><cntaddr><addrtype>mailing and physical address</addrtype><address>500 West Temple Street, Room 327</address><city>Los Angeles</city><state>California</state><postal>90012</postal><country>USA</country></cntaddr><cntvoice>(213) 974-7351</cntvoice><cntfax>(213) 621-2083</cntfax><cntemail>esolano@co.la.ca.us</cntemail><hours>7:00 am to 4:30 pm</hours></cntinfo></distrib><stdorder><fees>$ 2.00 per parcel</fees><ordering>Must sign License Agreement or MOU</ordering><turnarnd>1 day</turnarnd></stdorder><availabl><timeinfo><sngdate><caldate>April 15</caldate></sngdate></timeinfo></availabl></distinfo><distInfo><distributor><distorTran><onLineSrc><orDesc Sync="TRUE">002</orDesc><linkage Sync="TRUE">Server=assr_gis; Service=5151; Database=assrdata; User=mses; Version=sde.DEFAULT</linkage><protocol Sync="TRUE">ArcSDE Connection</protocol></onLineSrc></distorTran><distorFormat><formatName Sync="TRUE">SDE Feature Class</formatName></distorFormat></distributor></distInfo><spdoinfo><direct Sync="TRUE">Vector</direct><ptvctinf><esriterm Name="assrdata.MSSDE.parcels"><efeatyp Sync="TRUE">Simple</efeatyp><efeageom Sync="TRUE">Polygon</efeageom><esritopo Sync="TRUE">TRUE</esritopo><efeacnt Sync="TRUE">2382408</efeacnt><spindex Sync="TRUE">TRUE</spindex><linrefer Sync="TRUE">FALSE</linrefer><XYRank Sync="TRUE">2</XYRank><ZRank Sync="TRUE">1</ZRank><topoWeight Sync="TRUE">5.000000</topoWeight><validateEvents Sync="TRUE">FALSE</validateEvents><partTopoRules><topoRuleID Sync="TRUE">17</topoRuleID></partTopoRules><partTopoRules><topoRuleID Sync="TRUE">18</topoRuleID></partTopoRules></esriterm><sdtsterm Name="assrdata.MSSDE.parcels"><sdtstype Sync="TRUE">G-polygon</sdtstype><ptvctcnt Sync="TRUE">2382408</ptvctcnt></sdtsterm></ptvctinf></spdoinfo><spref><horizsys><cordsysn><geogcsn Sync="TRUE">GCS_North_American_1983</geogcsn><projcsn Sync="TRUE">NAD_1983_StatePlane_California_V_FIPS_0405_Feet</projcsn></cordsysn><planar><planci><plance Sync="TRUE">coordinate pair</plance><plandu Sync="TRUE">survey feet</plandu><coordrep><absres Sync="TRUE">0.000625</absres><ordres Sync="TRUE">0.000625</ordres></coordrep></planci><mapproj><mapprojn Sync="TRUE">Lambert Conformal Conic</mapprojn><lambertc><stdparll Sync="TRUE">34.033333</stdparll><stdparll Sync="TRUE">35.466667</stdparll><longcm Sync="TRUE">-118.000000</longcm><latprjo Sync="TRUE">33.500000</latprjo><feast Sync="TRUE">6561666.666667</feast><fnorth Sync="TRUE">1640416.666667</fnorth></lambertc></mapproj></planar><geodetic><horizdn Sync="TRUE">North American Datum of 1983</horizdn><ellips Sync="TRUE">Geodetic Reference System 80</ellips><semiaxis Sync="TRUE">6378137.000000</semiaxis><denflat Sync="TRUE">298.257222</denflat></geodetic></horizsys><vertdef><altsys><altenc Sync="TRUE">Explicit elevation coordinate included with horizontal coordinates</altenc><altres Sync="TRUE">1.000000</altres></altsys></vertdef></spref><refSysInfo><RefSystem><refSysID><identCode Sync="TRUE">NAD_1983_StatePlane_California_V_FIPS_0405_Feet</identCode></refSysID></RefSystem></refSysInfo><spatRepInfo><VectSpatRep><topLvl><TopoLevCd Sync="TRUE" value="001"/></topLvl><geometObjs Name="assrdata.MSSDE.parcels"><geoObjTyp><GeoObjTypCd Sync="TRUE" value="001"/></geoObjTyp><geoObjCnt Sync="TRUE">2382408</geoObjCnt></geometObjs></VectSpatRep></spatRepInfo><eainfo><detailed Name="assrdata.MSSDE.parcels"><enttyp><enttypl Sync="TRUE">assrdata.MSSDE.parcels</enttypl><enttypt Sync="TRUE">Feature Class</enttypt><enttypc Sync="TRUE">2382408</enttypc></enttyp><attr><attrlabl Sync="TRUE">OBJECTID</attrlabl><attalias Sync="TRUE">OBJECTID</attalias><attrtype Sync="TRUE">OID</attrtype><attwidth Sync="TRUE">4</attwidth><atprecis Sync="TRUE">10</atprecis><attscale Sync="TRUE">0</attscale><attrdef Sync="TRUE">Internal feature number.</attrdef><attrdefs Sync="TRUE">ESRI</attrdefs><attrdomv><udom Sync="TRUE">Sequential unique whole numbers that are automatically generated.</udom></attrdomv></attr><attr><attrlabl Sync="TRUE">ASSRDATA_MSSDE_PCL_REGIONS_AREA</attrlabl><attalias Sync="TRUE">region_area</attalias><attrtype Sync="TRUE">Double</attrtype><attwidth Sync="TRUE">8</attwidth><atprecis Sync="TRUE">38</atprecis><attscale Sync="TRUE">8</attscale></attr><attr><attrlabl Sync="TRUE">PERIMETER</attrlabl><attalias Sync="TRUE">PERIMETER</attalias><attrtype Sync="TRUE">Double</attrtype><attwidth Sync="TRUE">8</attwidth><atprecis Sync="TRUE">38</atprecis><attscale Sync="TRUE">8</attscale></attr><attr><attrlabl Sync="TRUE">AIN</attrlabl><attalias Sync="TRUE">AIN</attalias><attrtype Sync="TRUE">String</attrtype><attwidth Sync="TRUE">10</attwidth><atprecis Sync="TRUE">0</atprecis><attscale Sync="TRUE">0</attscale></attr><attr><attrlabl Sync="TRUE">PHASE</attrlabl><attalias Sync="TRUE">PHASE</attalias><attrtype Sync="TRUE">String</attrtype><attwidth Sync="TRUE">2</attwidth><atprecis Sync="TRUE">0</atprecis><attscale Sync="TRUE">0</attscale></attr><attr><attrlabl Sync="TRUE">LOT</attrlabl><attalias Sync="TRUE">LOT</attalias><attrtype Sync="TRUE">String</attrtype><attwidth Sync="TRUE">4</attwidth><atprecis Sync="TRUE">0</atprecis><attscale Sync="TRUE">0</attscale></attr><attr><attrlabl Sync="TRUE">UNIT</attrlabl><attalias Sync="TRUE">UNIT</attalias><attrtype Sync="TRUE">String</attrtype><attwidth Sync="TRUE">4</attwidth><atprecis Sync="TRUE">0</atprecis><attscale Sync="TRUE">0</attscale></attr><attr><attrlabl Sync="TRUE">MOVED</attrlabl><attalias Sync="TRUE">MOVED</attalias><attrtype Sync="TRUE">String</attrtype><attwidth Sync="TRUE">1</attwidth><atprecis Sync="TRUE">0</atprecis><attscale Sync="TRUE">0</attscale></attr><attr><attrlabl Sync="TRUE">TRA</attrlabl><attalias Sync="TRUE">TRA</attalias><attrtype Sync="TRUE">String</attrtype><attwidth Sync="TRUE">6</attwidth><atprecis Sync="TRUE">0</atprecis><attscale Sync="TRUE">0</attscale></attr><attr><attrlabl Sync="TRUE">PCLTYPE</attrlabl><attalias Sync="TRUE">PCLTYPE</attalias><attrtype Sync="TRUE">String</attrtype><attwidth Sync="TRUE">2</attwidth><atprecis Sync="TRUE">0</atprecis><attscale Sync="TRUE">0</attscale></attr><attr><attrlabl Sync="TRUE">SUBDTYPE</attrlabl><attalias Sync="TRUE">SUBDTYPE</attalias><attrtype Sync="TRUE">String</attrtype><attwidth Sync="TRUE">2</attwidth><atprecis Sync="TRUE">0</atprecis><attscale Sync="TRUE">0</attscale></attr><attr><attrlabl Sync="TRUE">TRACT</attrlabl><attalias Sync="TRUE">TRACT</attalias><attrtype Sync="TRUE">String</attrtype><attwidth Sync="TRUE">20</attwidth><atprecis Sync="TRUE">0</atprecis><attscale Sync="TRUE">0</attscale></attr><attr><attrlabl Sync="TRUE">USECODE</attrlabl><attalias Sync="TRUE">USECODE</attalias><attrtype Sync="TRUE">String</attrtype><attwidth Sync="TRUE">4</attwidth><atprecis Sync="TRUE">0</atprecis><attscale Sync="TRUE">0</attscale></attr><attr><attrlabl Sync="TRUE">BLOCK</attrlabl><attalias Sync="TRUE">BLOCK</attalias><attrtype Sync="TRUE">String</attrtype><attwidth Sync="TRUE">5</attwidth><atprecis Sync="TRUE">0</atprecis><attscale Sync="TRUE">0</attscale></attr><attr><attrlabl Sync="TRUE">UDATE</attrlabl><attalias Sync="TRUE">LastUpdate</attalias><attrtype Sync="TRUE">Date</attrtype><attwidth Sync="TRUE">36</attwidth><atprecis Sync="TRUE">0</atprecis><attscale Sync="TRUE">0</attscale></attr><attr><attrlabl Sync="TRUE">EDITORNAME</attrlabl><attalias Sync="TRUE">EDITORNAME</attalias><attrtype Sync="TRUE">String</attrtype><attwidth Sync="TRUE">35</attwidth><atprecis Sync="TRUE">0</atprecis><attscale Sync="TRUE">0</attscale></attr><attr><attrlabl Sync="TRUE">SHAPE</attrlabl><attalias Sync="TRUE">SHAPE</attalias><attrtype Sync="TRUE">Geometry</attrtype><attwidth Sync="TRUE">4</attwidth><atprecis Sync="TRUE">0</atprecis><attscale Sync="TRUE">0</attscale><attrdef Sync="TRUE">Feature geometry.</attrdef><attrdefs Sync="TRUE">ESRI</attrdefs><attrdomv><udom Sync="TRUE">Coordinates defining the features.</udom></attrdomv></attr><attr><attrlabl Sync="TRUE">PARCEL_TYPE</attrlabl><attalias Sync="TRUE">PARCEL_TYPE</attalias><attrtype Sync="TRUE">Integer</attrtype><attwidth Sync="TRUE">4</attwidth><atprecis Sync="TRUE">10</atprecis><attscale Sync="TRUE">0</attscale></attr><attr><attrlabl Sync="TRUE">SHAPE.area</attrlabl><attalias Sync="TRUE">SHAPE.area</attalias><attrtype Sync="TRUE">Double</attrtype><attwidth Sync="TRUE">0</attwidth><atprecis Sync="TRUE">0</atprecis><attscale Sync="TRUE">0</attscale></attr><attr><attrlabl Sync="TRUE">SHAPE.len</attrlabl><attalias Sync="TRUE">SHAPE.len</attalias><attrtype Sync="TRUE">Double</attrtype><attwidth Sync="TRUE">0</attwidth><atprecis Sync="TRUE">0</atprecis><attscale Sync="TRUE">0</attscale></attr><attr><attrlabl Sync="TRUE">UNIT_NO</attrlabl><attalias Sync="TRUE">UNIT_NO</attalias><attrtype Sync="TRUE">String</attrtype><attwidth Sync="TRUE">25</attwidth><atprecis Sync="TRUE">0</atprecis><attscale Sync="TRUE">0</attscale></attr><attr><attrlabl Sync="TRUE">PM_REF</attrlabl><attalias Sync="TRUE">PM_REF</attalias><attrtype Sync="TRUE">String</attrtype><attwidth Sync="TRUE">15</attwidth><atprecis Sync="TRUE">0</atprecis><attscale Sync="TRUE">0</attscale></attr><attr><attrlabl Sync="TRUE">TOT_UNITS</attrlabl><attalias Sync="TRUE">TOT_UNITS</attalias><attrtype Sync="TRUE">SmallInteger</attrtype><attwidth Sync="TRUE">2</attwidth><atprecis Sync="TRUE">5</atprecis><attscale Sync="TRUE">0</attscale></attr><attr><attrlabl Sync="TRUE">GlobalID</attrlabl><attalias Sync="TRUE">GlobalID</attalias><attrtype Sync="TRUE">GlobalID</attrtype><attwidth Sync="TRUE">38</attwidth><atprecis Sync="TRUE">0</atprecis><attscale Sync="TRUE">0</attscale></attr><subtype><stname Sync="TRUE">Non-Condo</stname><stcode Sync="TRUE">0</stcode><stfield><stfldnm Sync="TRUE">PARCEL_TYPE</stfldnm><stflddv Sync="TRUE">0</stflddv></stfield></subtype><subtype><stname Sync="TRUE">Condominium</stname><stcode Sync="TRUE">1</stcode></subtype></detailed></eainfo><mdDateSt Sync="TRUE">20100728</mdDateSt><dataqual><lineage><procstep><procdesc Sync="TRUE">Dataset copied.</procdesc><srcused Sync="TRUE">Server=assr_gis; Service=5151; Database=assrdata; User=sde; Version=sde.DEFAULT</srcused><date Sync="TRUE">20070808</date><time Sync="TRUE">14435500</time></procstep><procstep><procdesc Sync="TRUE">Dataset copied.</procdesc><srcused Sync="TRUE">\\AS013439\C$\AssrData.gdb</srcused><date Sync="TRUE">20070809</date><time Sync="TRUE">07482800</time></procstep></lineage></dataqual></metadata>
