,mntd10,mntd15,mntd20,mntd25,mntd30,mntd35,mntd40,mntd45,mntd50,mntd55,mntd60,mntd65,mntd70,mntd75,mntd80,mntd85,mntd90,mntd95,mntd100,mntd105,mntd110,mntd115,mntd120,mntd125,mntd130,mntd135,mntd140,mntd145,mntd150,mntd155,mntd160,mntd165,mntd170,mntd175,mntd180,mntd185,mntd190,mntd195,mntd200,mntd205,mntd210,mntd215,mntd220,mntd225,mntd230,mntd235,mntd240,mntd245,mntd250,mntd255,mntd260,mntd265,mntd270,mntd275,mntd280,mntd285,mntd290,mntd295,mntd300,mntd305,mntd310,mntd315,mntd320,mntd325,mntd330,mntd335,mntd340,mntd345,mntd350,mntd355,mntd360,mntd365,mntd370,mntd395,mntd400,mntd405,mntd410,mntd415,mntd420,mntd425,mntd430,mntd435,mntd440,mntd445,mntd450,mntd455,mntd460,mntd465,mntd470,mntd475,mntd480,mntd485,mntd490,mntd495,mntd500,mntd505,mntd510,mntd515,mntd520,mntd525,mntd530,mntd535,mntd540,mntd545,mntd550,mntd555,mntd560,mntd565,mntd570,mntd575,mntd580,mntd585,mntd590,mntd595,mntd600,mntd605,mntd610,mntd615,mntd620,mntd625,mntd630,mntd635,mntd640,mntd645,mntd650,mntd655,mntd660,mntd665,mntd670,mntd675,mntd680,mntd685,mntd690,mntd695,mntd700,mntd705,mntd710,mntd715,mntd720,mntd725,mntd730,mntd735,mntd740,mntd745,mntd750,mntd755,mntd760,mntd765,mntd770,mntd775,mntd780,mntd785,mntd790,mntd795,mntd800,mntd805,mntd810,mntd815,mntd820,mntd825,mntd830,mntd835,mntd840,mntd845,mntd850,mntd855,mntd860,mntd865,mntd870,mntd875,mntd880,mntd885,mntd890,mntd895,mntd900,mntd905,mntd910,mntd915,mntd920,mntd925,mntd930,mntd935,mntd940,mntd945,mntd950,mntd955,mntd960,mntd965,mntd970,mntd975,mntd980,mntd985,mntd990,mntd995,mntd1000,mntd1005,mntd1010,mntd1015,mntd1020,mntd1025,mntd1030,mntd1035,mntd1040,mntd1045,mntd1050,mntd1055,mntd1060,mntd1065,mntd1070,mntd1075,mntd1080,mntd1085,mntd1090,mntd1095,mntd1100,mntd1105,mntd1110,mntd1115,mntd1120,mntd1125,mntd1130,mntd1135,mntd1140,mntd1145,mntd1150,mntd1155,mntd1160,mntd1165,mntd1170,mntd1175
0.5,90.0168013655,85.66287390333339,87.36604734825,77.71330769118,82.93989976712861,77.75119058771423,73.2520698795975,71.35345742488892,68.21095761950001,70.86039466281872,66.59706414758337,65.13092166974528,62.01841505363714,57.46393785460783,57.55538283259162,56.96292707836414,56.93499660217555,54.675731332622576,53.086533594718006,53.920852165078614,53.21903274409796,51.262246866607875,50.33766775184685,50.08563277765702,48.273532901913775,49.12550971581899,46.897508113889955,47.34854358633421,46.15584185495177,46.060833704513115,45.08781073274663,44.310325164520755,43.603127706969374,42.8409832023994,43.02671323797805,42.46739979124968,41.781482035886675,41.56622773731121,40.62040418031665,40.88972904066371,40.56113288768538,39.49389836835139,38.79967182051136,38.76409952479977,37.9552306838503,37.840890037163746,38.406037894921425,37.51124427961778,37.34045552669331,37.46117353954791,36.39022288439987,36.167034995799824,34.63541908121488,35.54578918747969,36.02293505531918,34.36101356983434,34.4050683610308,34.80918058266438,34.75883086825103,34.80080039038771,34.13284105568158,34.12740562512863,33.07591939196756,33.17840430609613,32.664629483557036,33.583225229162174,32.55131919032279,33.01863311034134,33.110872938433886,32.73268454848645,31.675780855842522,31.821357642282617,31.39011541472725,30.706055057447426,31.056477773974365,30.592971566732125,30.057033861140077,30.212099876498975,29.599048552085147,29.41317231974775,29.808592855135867,30.08030016712413,29.898078360803446,29.7068424530619,29.25004674071216,29.595730806760386,29.143926595114046,28.59294290765694,28.705604220893296,28.483290569004875,28.3523290796194,28.29945614253659,28.206395451595967,28.417320831365082,27.914582961112437,27.845019377319566,27.681378856809374,27.639457101026117,27.43814793478936,27.410382508039888,27.210420160346295,27.172787760258487,26.63112421385091,27.020437192989494,26.580914788818664,27.128397901478152,26.598517757039694,26.351704849927906,26.32601881492227,26.632472278177588,26.16581062282087,26.144422644976025,25.98579871897425,25.723454841316066,26.03405149316548,26.08221845401607,25.38597183980614,25.41365234319573,25.285467392556416,25.13976622242059,25.320682131334927,25.404218327357636,25.05572042055835,25.292627919534194,24.888403225039276,24.882262288579497,25.069780352873565,24.835233350405126,24.610291477966804,24.448212286719162,24.572850563893198,24.406934819727198,24.280302234480985,24.24232395351058,24.13501577234801,24.22816529335208,24.268135983297896,23.774135495443986,23.970227241220034,23.79354688930285,23.74939535361038,23.68554480180588,23.549266716871305,23.387758413860062,23.650593445321213,23.562517893288703,23.50415974497479,23.38154331921071,23.41135922382102,23.208696827357993,23.082895867644993,23.091027179959568,22.666575760654013,22.955379923690735,22.69864910571028,22.916805488297882,22.61366251412071,22.690981750995622,22.651707587177793,22.74858550811945,22.572862588450427,22.584710669180595,22.515771512941104,22.477773448704944,22.44442354279443,22.428312020439357,22.202341453671654,22.334170102613488,22.253370276731644,22.10580730673694,22.222304368688025,22.05930073019841,21.78123201287892,21.920979031982327,22.010148968559403,22.020886305231237,21.797502611929975,21.84557908908753,21.80538018742458,21.917829627630255,21.55430353145222,21.47707730298428,21.57960324388826,21.560862135123553,21.50029047907424,21.363887549749688,21.477618080100548,21.431408615162184,21.42281437759825,21.386887360080905,21.1650142717144,21.21625298325414,21.248159702934235,21.24187676094494,21.222247814929933,21.018483378249428,21.054909721367306,21.041912733851273,21.08845011739649,20.950208819707534,20.944243923495417,20.889886224730624,20.804596236276836,20.987592030289402,20.86532685207696,20.801268586190155,20.717575463681705,20.762656028102544,20.81794686316892,20.64972816417516,20.628985112894604,20.614487244803133,20.52852796992131,20.575425459341027,20.599436513716267,20.614792955615698,20.541209778722045,20.318891800308528,20.37232789700141,20.53205108528906,20.416099143561105,20.417632281362923,20.431413227481947,20.466863392527802,20.4984890555119,20.440927831207578,20.42294616920224,20.41072591667272,20.46780549233637,20.433874537403145
1,95.181030782736,92.75325701933333,92.12146122949099,81.1498912764,86.61730300800004,79.9628081377143,76.669161367,74.6091740708889,71.11485296446571,72.14639110814454,67.75870359109453,66.81633351778159,64.23751995082777,60.92347116824358,59.56717577700363,57.77512218243842,57.887078371974425,56.00143384593475,54.43814379638378,55.09547638408115,54.09200511000319,52.287710228122116,52.012081512065954,50.75580490922504,48.84769258597182,50.31607090202267,47.923609817970714,47.97677989078412,47.14673971518227,46.994546904729,45.87013079732484,44.769496769153676,44.17088593726425,44.26538298636928,43.47619326398129,43.50204437201272,42.632950601963586,42.09850825876196,41.19348238508713,42.23704916139647,40.798370310744296,40.604979800579876,40.01503995250759,39.3066493404778,38.28039081589237,38.49191117017785,38.5959735392228,38.14175799119716,38.016896175428265,37.739677099340426,37.51784805514124,36.94572444020485,35.28243283940923,36.25432324081073,36.604896183047245,35.983383125264,35.00843445295651,35.50290826052525,35.24505414208697,35.02579310478128,34.52754208655116,34.86288405361538,33.960272782543896,33.98704988957278,33.78905371054665,34.00852951935776,33.56397999145314,33.37644622612989,33.47233915634606,32.99519290990405,32.1073019663324,32.23035946711549,32.0181264652575,31.18733531350211,31.229516629609382,31.037178433772663,30.752313823907787,30.645743217600934,30.600056511866356,29.925940675075545,30.0292807890174,30.270683368665317,30.176539810907496,29.908031481785898,29.41077701557614,29.823522407100203,29.691529346028677,28.85505233517028,29.01483648440855,28.686076384464727,28.916961006809657,28.632949505362298,28.588479114876254,28.6414611567449,28.455721877063212,28.143200399301104,27.981676039360103,27.992799507130506,27.874807004500802,27.781333812460687,27.55054003221052,27.423603686870234,26.965377335861977,27.390752564508865,26.90393120209987,27.344640700303206,26.828492373189142,26.813046038229746,26.7742463979934,26.94963140226245,26.345441272339272,26.337373074201235,26.229983777202936,25.93838247903954,26.323574096742753,26.36368786861109,25.92853966481475,25.739369365942224,25.534984842713683,25.476979811190294,25.541800037338884,25.744875337195772,25.391431636895597,25.407263564954256,25.129961863352367,25.015517216121008,25.24391010660936,24.91948068790451,24.77608517828958,24.6286842029532,24.69283438077846,24.717061128854326,24.4060346425528,24.488698456703748,24.357366231236934,24.42480076676158,24.49580414073549,24.295781048200432,24.160697277398846,24.143602578028393,24.08738440151564,23.74645308138042,23.7266192365084,23.824146397967294,23.815588044041792,23.73469162156186,23.619644979269335,23.630106141333542,23.561752819571073,23.409841814910642,23.268103648985644,23.267687857950737,22.92073823852279,23.195356225021154,23.194214777019408,23.042951540113943,22.922995499398816,23.0732586686276,22.786626391672577,22.904447723444903,22.809751250701666,22.816282558070668,22.725147331570287,22.722244588638887,22.679319221885663,22.534457085392624,22.35480095764423,22.478493049699708,22.39556512671283,22.296949054010987,22.31805158289491,22.18366581440968,21.9678272038136,22.232301458792833,22.163193143801696,22.176674046747408,22.05329229256391,21.934695908707504,21.98264723757307,22.008410547633716,21.677902407831837,21.781218644458864,21.657414760357558,21.708339449422894,21.667648421021823,21.54340225256184,21.601555320362625,21.55132399976502,21.50805927659363,21.506978600047642,21.36964633442522,21.399787149605313,21.44662815872861,21.304082289560093,21.297966059700983,21.131438742566626,21.15498828371373,21.15301874970947,21.142247645602787,21.175331199843534,21.02509413915653,20.991017478417934,20.967207581463033,21.064152906143356,20.911965439985128,20.93966781039965,20.861766198144448,20.80824898265026,20.84156010943582,20.799296982377257,20.73594868958396,20.679375722553004,20.60622065773559,20.66746947168684,20.66446838919772,20.64968248273059,20.644240243311053,20.51435813408709,20.54236488165585,20.682569749218075,20.528052960177714,20.58308487559363,20.496266552998375,20.52866845536673,20.526209852474206,20.48793076940938,20.489085997832586,20.43932054761648,20.48635067214464,20.49511892979726
1.5,100.806840783,95.4299817421753,94.85675892076199,86.0781188154396,87.95217791884251,84.00574938553427,81.82936612678111,76.41968719333333,73.3400647171035,72.90013859336685,68.7781876313317,68.38686291560802,65.86766773205872,62.88778276830752,60.236116545024,58.43105663088393,58.88168952680263,56.74023198566759,56.5147291216441,56.18143951830133,54.963077898440076,54.06790202464085,52.93804274739365,52.39695627800543,50.285960656486914,51.36168890691689,48.64672418086762,48.586422263417674,47.6935413614135,47.779457029684814,46.370294612305294,45.04025856584113,44.708932094751,44.80258482386784,43.980708848395146,43.87590673399714,43.037565594594454,42.8477439628516,41.82730527667391,42.64072672704849,41.354267219560334,40.936258505288684,40.32098384986558,39.61741934731871,38.92654801526027,39.041171788507036,39.197366349076006,38.88216945756381,38.24249237189333,38.29546941553174,37.915899202323,37.30713808517328,36.44986063285428,36.82059949849837,36.9698303431013,36.44811050058023,35.41428427470666,35.837837449810266,35.39471245635433,35.479906284950516,35.05797485550455,35.31972160023036,34.12263057585504,34.259486437560184,33.96959661646561,34.18307432280476,33.720929954742594,33.554254875590104,33.683925624591446,33.4843081508341,32.517325718535645,32.60972087245198,32.31762311614494,31.390274356994144,31.711045710949087,31.43435596171394,31.27913145141583,30.99710674389141,30.888787276874123,30.21469115310417,30.266090825001257,30.51153209350117,30.45521401385248,30.19364031116182,29.912066928673173,30.178386356501992,29.943942698461605,29.266181898818,29.272479381866574,28.938624883540687,29.182935813809706,29.176968933618,28.767381024949152,28.856941285233454,28.634172728939742,28.280553516475727,28.382349752779028,28.26609544121847,28.2086457074276,27.945218141610084,27.708644172410946,27.71050287468359,27.230214312101783,27.65026277529482,27.417544728702865,27.539259551117997,26.9688267134302,26.940199967452322,26.91620951668131,27.084404260213024,26.5783710738633,26.716185221453614,26.493069377873514,26.249032293012636,26.45141470861555,26.435873362579837,26.099927634495486,25.950490919823697,25.769686399781428,25.640474036974084,25.862311356839975,25.932787897698862,25.549741070083815,25.521211965526394,25.33662955423331,25.24222344759295,25.2955043001106,25.131715263713087,24.91978137337675,24.76523453953644,24.887290505067075,25.003990289572492,24.654139341737057,24.80674739631271,24.560510683385242,24.516425845572133,24.58625510632167,24.387758625018133,24.265807956162128,24.283228273067053,24.325254749989664,24.003825849191802,23.95234162276762,23.92651072317803,23.92129122997486,23.832512118413632,23.769436709965333,23.71942182620006,23.77968828236432,23.546750396946663,23.45955235705244,23.349747940869488,23.039372100557483,23.26855980607011,23.296621029462628,23.10778118014585,23.01606231021438,23.166024175667776,22.870824336844088,22.964630540330138,22.9381342026207,22.892724497353562,22.858832575294777,22.8242307852087,22.80856572242608,22.660688256652634,22.5028018270223,22.555458551144763,22.493803406765508,22.436133136074773,22.38108953106212,22.309119798441376,22.20775014106754,22.31682135591629,22.35929800071211,22.249801829816448,22.19335961630849,22.07291026261829,22.08172162412342,22.114017707033696,21.857761320277532,21.847541387285435,21.774007612876762,21.812196987855362,21.738120184851454,21.57509644748727,21.69536056343533,21.603812426405156,21.58082896783402,21.552116935586177,21.4326635092757,21.55310145116201,21.491272542147023,21.386095807087845,21.366351051633377,21.242506122595866,21.224552970224355,21.212849732336636,21.246065225422775,21.243210234149956,21.090884962655515,21.12711409690967,21.016446356146947,21.134061954120366,20.963312346887538,20.98720994678606,20.97062612628191,20.85266029902947,20.87820086100552,20.87852437880498,20.79815011960485,20.762779508675358,20.681297667246355,20.75391425665886,20.692103636661745,20.684488284433034,20.662990013921668,20.61560791568238,20.584966680896777,20.707744545377473,20.5578087153587,20.628735841072107,20.535398658442215,20.573310923090045,20.56364507204648,20.522744380592048,20.528975713628355,20.495356536542598,20.524439219058788,20.508241494915104
2,103.3553506454448,100.12424124991034,96.548756106,90.9052760304,90.2426786459111,85.3877217777143,82.678197556,78.04126889293222,74.466868428004,73.3357352631163,69.6945493883759,69.30766224796427,66.4051952876084,64.94060046646723,60.852754722637904,59.41866894661874,59.60249978900708,58.74364091147029,57.4911142045528,57.17598760233719,55.867985952385446,55.02852940076925,53.5717165430275,52.62753330470997,51.359538628103564,51.69064442537122,49.33312184193388,49.092512848275824,48.16826463029063,48.00169502308188,46.866038035498555,45.775056742665946,45.038791984636774,45.30240861191158,44.37002363612925,44.221873236396746,43.6386345670855,43.253751564770894,42.21471182724013,42.80987578366291,41.85181752675594,41.54404386096094,40.612965243148636,40.457111295454574,39.45774913258145,39.73073483956922,39.51592361055771,39.321870654602485,38.36237166136528,38.98381863096247,38.123039310384854,37.685027378322644,36.85344971085734,37.10325421387204,37.16778866539227,36.84902624246854,36.075861833553745,36.135378998761894,35.636968166384904,35.69706309887861,35.23623290943849,35.543512478570804,34.43336718452914,34.44886881600124,34.16152276852714,34.36075037989767,33.86590333532271,33.92801555594525,33.81934881050625,33.60634972061162,32.787339017385754,32.73110779134967,32.616104344278504,31.765988126837957,31.84216960327067,31.62713848672454,31.499848486915266,31.1015657418279,31.07203358128873,30.594966824705164,30.63669225092465,30.661663674652722,30.744994669206253,30.331623094286247,30.11324408438334,30.346978586205907,30.10215102644613,29.55075858396132,29.584562178282468,29.067031880041764,29.28690609206489,29.342803191974703,28.83003461032492,28.994120885852144,28.724112476466715,28.44518145756018,28.49680122375028,28.471871805428865,28.38095384562021,28.165394968300664,27.898859526370785,27.88191480501788,27.464334927482778,27.744685279729577,27.561516131534155,27.622059948336652,27.041658243107076,27.094851650582644,26.991917200038696,27.177225818213493,26.675109930698042,26.88914796156878,26.590235385352283,26.462361078480946,26.55758264245056,26.53161248496692,26.25482061974527,26.190535941179416,25.92906264018553,25.866924641448044,26.030856054122804,25.99977884706058,25.70481057912207,25.690843303440232,25.49441919661159,25.41094853148336,25.481016935362337,25.2631017633631,25.00561597002087,24.933889902456905,24.978064944808455,25.104043972064698,24.78584272518196,24.915218834506163,24.61928665584995,24.591287973498012,24.688997664428147,24.518703488873445,24.412386239881418,24.350920790196312,24.4666139349397,24.173184774984882,24.09239903122629,24.042297896556903,24.059388726606787,23.943832344181914,23.869633341944148,23.78235048232012,23.82340081541571,23.668454291432596,23.558812063037916,23.43816685744301,23.255431608474815,23.356276549464308,23.39590146264764,23.266011103400075,23.09590966542222,23.20425399575127,23.012657381161066,22.996208065413388,23.024940257381896,23.027153891293402,22.942908459435035,22.926576833078805,22.862705795238977,22.721177523692727,22.619544032624773,22.651286797287714,22.618603878993113,22.5222141858202,22.44289314517455,22.38222192612619,22.286674557202037,22.430343232282258,22.385305132890096,22.366010741966704,22.259705434015252,22.18167771316277,22.11677620882708,22.16037348698677,21.875255377969104,21.912500252079838,21.859275793508388,21.86485704232798,21.804151550897004,21.682711018295834,21.788003044166995,21.661294997722447,21.653716010356185,21.61724360897216,21.632382101449277,21.60618705753832,21.529495022787405,21.46170187664659,21.434141600268916,21.294359359296717,21.280735735702763,21.30076576178611,21.27390499957958,21.301067077387753,21.154030113595013,21.194332109066337,21.060181060661364,21.179316350589044,21.057858009552138,21.0404406810521,21.00269793898195,20.909744604216744,20.913793584869406,20.92177313543274,20.86522864518553,20.826238602760053,20.763227197274162,20.79957279988978,20.722009705594783,20.72397822415362,20.737433390293518,20.654277667546648,20.65656872448154,20.71737840825901,20.61114745899926,20.66177709987121,20.58276071283651,20.61332806551309,20.58093456414139,20.5753335965612,20.55379090325924,20.510844891277642,20.537897729351915,20.52241248617935
2.5,105.04424753250001,102.57687155999967,98.27719637125,93.230599574686,91.10025822794167,86.85035365357149,83.034840410605,79.65911435420001,75.4923572384225,74.029706295,71.15486144549914,69.76568048230772,68.05291182715575,65.1711510480237,62.2125371418875,60.42075499799621,60.2573418272642,58.9883546584784,58.07594465819732,57.865800899116685,56.32288243028245,55.518697880029634,53.880284831960346,53.22580090632232,51.868389422253856,51.85169967331402,49.59065907916526,49.427736389828176,48.5990989169476,48.31956327995223,47.308073136850005,46.38978461721852,45.81164665539633,45.72428292571608,44.82199335756308,44.65172409498665,44.01774074686355,43.723089546455796,42.474195509387165,43.02343559019802,42.29254792218012,42.05863765452058,40.89495096597219,40.55798001995753,39.75303985820439,40.2534255003487,39.70541122292531,39.63209364988244,38.53165692573436,39.16112297043066,38.462149926530664,38.177368793689205,37.38900671282756,37.32444509515377,37.40853099856769,37.00413115528191,36.36526524939677,36.337375723521866,35.981937556175595,35.9202195316111,35.4646634073722,35.69375364214175,34.715093021348,35.06531325124915,34.55670126999013,34.56307229696467,34.190394589628156,34.14292953765829,33.997475602341844,33.85119991995713,32.997039341984475,32.9754387607208,32.79448435699201,31.87490257732349,31.90298220421625,31.750280338839588,31.634099762609825,31.193633259089896,31.22322941709775,30.914700959908377,30.812148147075042,30.77454725004105,30.896838089610974,30.407462313198213,30.3087950988765,30.44628363370974,30.21572871088494,29.809051301920523,29.772916899792435,29.390325628667764,29.370757933558973,29.5416721538781,28.97474320976497,29.14629029157507,28.767069665577917,28.573039779893715,28.791050821117317,28.624582420914695,28.559350259877668,28.31274331195055,28.208008552733737,27.95970269930209,27.692176169611532,27.85294787799129,27.62359026895489,27.709437881827245,27.149484001273763,27.19004684287839,27.11729894181557,27.230108825879807,26.92399910160637,26.968039440283647,26.73735396122181,26.622618806708942,26.688176045654764,26.619674045067434,26.370405596113905,26.24904099264687,26.14647462349491,25.97840750055351,26.115409716157902,26.094293317976,25.896984482524836,25.7188654854885,25.628756718200943,25.5246735316127,25.577877693232605,25.350571894354104,25.121942401907525,25.145641100400848,25.121122570139974,25.21931397346751,24.87562866475133,24.962341488363904,24.75898380821262,24.70902388717392,24.755630581855232,24.56339654863751,24.46562004449851,24.41412146071874,24.506993194459778,24.30493688083601,24.140326647080016,24.177395599201695,24.199162016722692,24.098237382485753,23.949190351165544,23.915239110688688,23.874096205656297,23.72678151887374,23.689269549588293,23.550144955132932,23.374663723757923,23.430833623782604,23.443588848209796,23.354400349639782,23.232253776708536,23.27997506626774,23.1408315295583,23.117865868147792,23.08232074868846,23.083391076784853,23.01192021967888,22.984578664766428,22.957287220126233,22.79614965191128,22.6779145716886,22.69194298840984,22.693135756758803,22.5880459005098,22.482269910325318,22.416860121179624,22.355160111380624,22.462540897301334,22.436173330928764,22.40553471065882,22.295403445798907,22.224487616191254,22.166598701304736,22.192332501096807,21.970162790766114,21.948078050746382,21.94402926528049,21.94128221948167,21.832086276426985,21.775796604414477,21.840713372896378,21.722052978613185,21.690038683462767,21.679448234414938,21.689460628863138,21.634936159282386,21.56396146559717,21.542200548960412,21.51896034965009,21.374882894636333,21.33640756008773,21.366402387281667,21.31902859406521,21.367840141299478,21.219600957742127,21.220679321938636,21.120459008570563,21.21697740534521,21.12656190053994,21.07390126146034,21.030834902811623,20.964903039108847,20.992684311985307,20.9819129602449,20.923095955123937,20.880767874490314,20.815102696837304,20.8247924979215,20.74783814694162,20.7821557546824,20.79265112667325,20.706632778211386,20.689633292854822,20.732488948943857,20.630310640826043,20.669996230695503,20.61090968285736,20.62851231366548,20.611966273353012,20.585798854001034,20.564512140606656,20.529348060201407,20.570934533951114,20.531552208105083
5,114.91835668499999,113.1530905100003,108.8554240899475,100.558729984,96.14305506666336,91.40237833910003,88.85423448068575,84.17755513756664,79.7113293286894,78.4119928974991,75.39760724047666,73.33569059172311,71.35722118883646,67.71971251056637,65.416263144455,63.75366480021881,62.86676157140083,61.503790810967416,60.5240740721693,59.856506903952436,58.33417938234786,57.3806902283404,55.82522659469795,55.06957608848096,54.123072177436164,53.13135857714236,51.368709409331665,50.73399952595298,49.81438234697147,49.84442814853616,49.13059876449031,47.90337672277197,47.31334729703438,46.720860907670016,45.865027896903925,46.12135052038091,45.41106087242284,44.95222773320368,43.7237490591939,44.135568570328694,43.10282245840663,42.87049318070028,41.794155426095486,41.69309324517224,41.33857151303894,41.312086248230706,40.38035034182642,40.39950259435369,39.50746066091026,40.039493719221085,39.58771000671275,39.093481672157715,38.55032627094902,38.38967993440958,38.47225443956408,37.90766323394037,37.33963410593559,37.42213768341208,36.80054529317216,36.76077374288965,36.104572417976556,36.50710161847822,35.64225208744909,35.53983682270912,35.346237287807384,35.323063501617824,34.8631761217338,34.53055225605646,34.755411746940354,34.5865829509007,33.83885467644519,33.710628092606456,33.65750730459254,32.488988503019776,32.32539418368175,32.35083713489077,32.29732703627125,31.907435085301284,31.717561442443145,31.77802978495012,31.35062374871822,31.39475529114408,31.227209498725383,31.03531755302208,30.7144974692506,30.82150686590222,30.681770631218654,30.3595438353799,30.322429647302016,29.899562198531086,29.988049497635803,29.985397199457417,29.48467560440778,29.4465251004391,29.26704373090771,29.089702589471422,29.18397292158805,29.14160983810165,28.964218730122756,28.669069175607063,28.598401967998363,28.220244064584556,28.15533812047569,28.362512020215657,28.166223317029228,27.983763711509763,27.855760438220244,27.603393906711343,27.585000859398374,27.55843993047489,27.304702824262456,27.40392734892503,27.116973898687164,27.04734573475212,27.0738364388422,27.016942000784127,26.752103985227645,26.554449919117197,26.685317738357078,26.44623784858472,26.426493029540502,26.38427581805254,26.3256368428429,26.098077541582548,26.137902199029615,25.895028475406285,25.905444725315963,25.756794148769544,25.554088573457285,25.519506804975542,25.57376932669705,25.525632395281946,25.138958601797835,25.268909747552925,25.177632648103025,25.12021481267295,25.050719559188884,24.89826933656842,24.83226707945625,24.707722064984885,24.71578175142982,24.708605219583625,24.503887292196044,24.490969304534026,24.423671955429363,24.412609792882986,24.241628960077968,24.194089049663,24.071433836427243,24.02899383682713,24.0119134029536,23.96429111886353,23.80468770076165,23.692821330108508,23.69680660474165,23.69695189716587,23.548706681215513,23.561893209029556,23.40153362177935,23.356875484569716,23.35323999215247,23.334621972507627,23.255524809139786,23.265100185039483,23.16544616094839,23.092314002931897,23.00334616416989,22.932228772926244,22.900442266027458,22.84237753271233,22.738104640823497,22.739299830967227,22.693775799750856,22.670699600086408,22.63249672616518,22.63254215742562,22.472060588819552,22.45599118247517,22.31610719590013,22.40007603338848,22.211224141771844,22.186278142676212,22.163454452121005,22.09112037205745,22.022621520064945,21.99958503065928,22.02165745811216,21.969361903324124,21.861273179191592,21.845382228902736,21.858320979339176,21.820138237782096,21.70213495502306,21.717692300101458,21.675219265868673,21.552725130114805,21.571062658015155,21.515318386475276,21.48696875794624,21.528236330582367,21.362826711452367,21.40221941913744,21.32378327938694,21.334078446747085,21.2898438253052,21.22590199729013,21.19262817130561,21.106913191233144,21.138542742386832,21.14037920761938,21.064875639052445,21.02029675374172,21.001287587162725,20.97516336276572,20.91461517089007,20.94062930583937,20.890966317201848,20.831730161519616,20.82745921601447,20.82634092798364,20.75752002907547,20.76811924249309,20.735650653642637,20.719399689481858,20.69083738833783,20.68611236611788,20.62629670314741,20.61567128506676,20.639174048802126,20.624640137998743
10,128.852693903285,121.10552499333329,114.783362325,108.43064363524401,101.6062140228064,96.7380862768286,94.340067176695,89.67025537556377,84.98357087772001,81.82899676169092,79.789033607571,77.17532650978461,74.64071582619769,71.41655885204533,68.62885857755325,67.50777561315057,66.03760712458825,64.70663307859506,62.6539543733384,61.87127769737947,60.401199253121455,59.48295455266638,58.096775109210505,57.0262948888016,56.203961766613055,54.98122679555133,53.94490523604861,52.60245175094343,51.8128931762013,51.54765949124582,50.67277204440688,49.77158128635273,48.89029285225338,48.05219589288326,47.65970612908302,47.8922802604681,47.122270459545256,46.19675398409294,45.442615547821006,45.31468058085202,44.12051875777423,44.25009722625723,43.329102086248945,43.103910381675476,42.70353991386732,42.34325255454992,41.78649240972522,41.38209871891616,40.82051341342608,40.86479084193707,40.55117305261937,40.24480363648068,39.54877338298048,39.64974451618442,39.45732773178062,38.6795421791399,38.38979795542161,38.277720061709175,37.69631285077287,37.78136900581534,37.04177333931323,37.16084853654064,36.83430558226815,36.493185826693356,36.234048179076176,35.91072591503751,35.72567889190196,35.6307379138398,35.482499080609614,35.33258041375942,34.79036828493415,34.66805034510457,34.348045900184665,33.290311999177476,33.11990079082515,33.15822673088576,32.91805056244698,32.661990361106525,32.53768738999213,32.35163826841618,31.97753718426123,32.02571852131888,31.86037508955203,31.7395706903263,31.25368564278332,31.32409313013566,31.32460381100726,31.04214593540226,30.92760689690386,30.602597377667532,30.52735182415763,30.55759180881579,30.18531247673094,30.1831409623246,29.853977572433323,29.67092967506339,29.802738438812952,29.85786960723228,29.43505110446323,29.171022983969742,29.26118082710846,28.7720374984616,28.89262067343172,28.85486710062479,28.65167525507903,28.433435425594162,28.3533293221254,28.174294983574818,28.1130163413843,28.03263101413755,27.83590541749228,27.86136919964855,27.628251908801552,27.486144329869898,27.47331046379357,27.461559647237078,27.31418340367251,27.059442141327683,27.074563895168662,26.9232096417854,26.840127881158132,26.842176078880797,26.68525391776235,26.53248014378669,26.45349169973495,26.304667738312208,26.39652437537341,26.1644724702853,26.07674302364946,25.905206565276668,25.92564339694136,25.84949052445225,25.73497419341574,25.633776485848422,25.56270134044545,25.4592509486205,25.4592927938437,25.309050538720868,25.16267520987093,25.05980529042229,25.09066121432084,25.05001470414647,24.85992641513418,24.87519674188753,24.77784156326693,24.78917250155069,24.51945770049343,24.47429061648035,24.43787592392012,24.35654207639077,24.32510089992107,24.23772034206818,24.12010621335646,24.01549058883219,24.00262477244509,23.97110612318756,23.82713871359247,23.84897019032817,23.753029293130822,23.71277348878886,23.67716759894018,23.614017630653603,23.54193941246358,23.5622452892235,23.43816603940238,23.30955265557595,23.27818937060575,23.262396464249377,23.135730052031022,23.1282042502585,22.983726660949248,23.03072385389058,22.94042148027086,22.895601621775498,22.86519500945684,22.83926627594014,22.75173926842708,22.66035480055908,22.58428877771412,22.603064962906192,22.43501108736593,22.44799483276489,22.435943839186688,22.3341945474902,22.27278523605889,22.2469336288497,22.27217971645912,22.17408043735188,22.10197225559913,22.076718145289412,22.054800593427352,21.99843825633085,21.92160883932913,21.929678130103852,21.81113871283,21.77739943734183,21.74837170941644,21.715848219091022,21.69519892929361,21.695717305183862,21.575128980981052,21.56913933937469,21.52146533990036,21.534124102639478,21.4689147810385,21.38134967790516,21.36132546437436,21.293848428425083,21.296363073792868,21.28768964857759,21.21319623568787,21.19337106855441,21.16136755211771,21.118136280180313,21.053660443895303,21.04843718024963,21.02383305089928,20.96846003371695,20.97280411444018,20.943209892580732,20.86971234554022,20.87549839219577,20.84112208236203,20.83120928856772,20.79028947337216,20.78705493634981,20.745485655706922,20.68209083175082,20.7128816087705,20.70149599672215
25,154.98430666315,141.487699266667,128.6591045579275,122.251852959364,113.29677532890025,108.154380942857,103.41849413683751,97.69455397788055,92.8889921542,89.73265188340912,85.86554612372504,83.41445248075,80.0663282300714,77.74768774473337,74.62795196332749,72.6814014267603,70.77809184683335,69.20325828973421,67.29542143682,65.85821804867021,64.67202521239092,63.26584228314842,61.51424727312003,60.509028522864604,59.4498032569171,58.038223555672204,57.40351716018572,55.85102667417138,54.961662602123354,54.461587626413404,53.697043623824996,52.758700059034375,52.0737047269985,50.8130060535686,50.259770769343206,50.03311289582922,49.3419397740987,48.820289582902,47.988088142281256,47.43975970939625,46.80076405103452,46.30599628500415,45.63901063517842,45.12524557724167,44.7104866924175,44.2135913838082,43.723376374625204,43.15290538151898,42.9108874522198,42.70293699297515,42.292646793082774,41.938016486597405,41.4967630474812,41.162363219091446,41.03047213575125,40.57681717995675,40.229957000589124,39.87248123878597,39.541703996180445,39.19516511987602,38.82548802098185,38.760577231509224,38.32147715553202,38.011078994074175,37.545244183334624,37.405248019489854,37.25207663474115,36.85058957403717,36.72724361904405,36.55962297197858,36.2567475545913,35.91262728686563,35.66127212677558,34.496145798769845,34.32197986220445,34.378539383036,34.039811393064674,33.87660770870645,33.52383059783817,33.521875296366176,33.29312704476233,33.0971364445721,32.97171341346525,32.81146502424558,32.41353803641218,32.33944817066953,32.35198550243795,32.1320525106245,32.029701785787275,31.558751621728725,31.57963172968985,31.583100292179424,31.1132235455769,31.051360172947327,30.8474396273819,30.611429453569976,30.616209549100624,30.59690104779675,30.2980089228474,30.2009008155378,30.084111306521773,29.875163430276725,29.6315851108827,29.640085734535724,29.49041282075165,29.292237427277126,29.2400845224922,29.005546968988227,28.983257492116373,28.926108608191875,28.671247619513174,28.591633636367074,28.5474622258176,28.343390836368748,28.2753255650216,28.206882063143603,28.007745946511125,27.854860402663377,27.816062748309548,27.729250493106,27.51179410585965,27.543427415760625,27.403047575635526,27.264754282420625,27.114434436988823,27.0798886301186,27.025035932419424,26.926387505383524,26.76980893794625,26.6820292754553,26.643865860525402,26.45635620237105,26.3402320313253,26.27318560723435,26.1300649247448,26.051419358412,26.017937158357825,25.941727247829473,25.8072272857735,25.650584480920173,25.69653925873085,25.603697695002225,25.56606809452085,25.4329303603913,25.402934044860825,25.3432953175288,25.154364118913925,25.007928634113174,24.983662864523602,24.9301038343354,24.84981424206275,24.820153161171973,24.690659779562274,24.61712189234625,24.588011906542548,24.5181887082237,24.33958740959685,24.367541185703473,24.274965764645675,24.2157762025434,24.123898517830902,24.10157170868955,24.014148769955227,24.039310178096276,23.85594063615715,23.792054639596774,23.7456173570023,23.65680073232175,23.59219670775195,23.58402258056375,23.532085202310775,23.40800887647335,23.375173599631598,23.311077075540975,23.278091289647875,23.269897401215726,23.151554572332525,23.071844786564903,22.989156821592225,22.97855123922255,22.899167923695778,22.847483125973525,22.76583875220005,22.7006360831595,22.659703465430653,22.631770322455775,22.6031666805654,22.48717896741515,22.479633333086124,22.407910030934076,22.394514911246226,22.332777009615697,22.276639538295647,22.235797723159873,22.16108421024375,22.086057419065824,22.054787048271226,22.03945337340625,22.014681865512877,21.97546803480635,21.880350282799,21.863584004171024,21.830259570540175,21.829915903970324,21.754356805778524,21.654253242459,21.60468223435495,21.5476526278997,21.546338837398,21.515508060885725,21.472098315694126,21.436210181665373,21.3811263756199,21.358830669747373,21.30655515688275,21.259568775924425,21.20541330623235,21.173614408530398,21.153036965920776,21.137514886887423,21.0570290528532,21.0556640828828,21.020433641010875,20.97940699358555,20.940857443206525,20.915284905416474,20.863019845431676,20.837700352037675,20.824948838873752,20.80133967053245
75,207.397538,185.8296044052335,165.6493273375,152.0324403376,140.38037899516675,132.1927800142855,124.7338706785875,117.06026857111125,111.1802316874,105.3824607392435,101.12334625119149,98.2132509666827,92.7776754423104,90.01973429817969,87.02663881339063,84.61726308314705,81.80487904114779,79.53478517400525,77.4758192560255,75.17619880270098,73.71861189947384,71.82692134312606,69.73401220865375,68.90837017140399,67.13497775892117,65.60932525156203,64.60497899239107,63.0743372670972,62.34157338507833,60.884431338870925,60.32287093410312,59.266075169325774,58.25274301125457,57.088604599724725,56.11406680743488,55.57948671854462,54.8650846047745,53.91018580968717,53.228376546178495,52.6029805282298,52.02138619866857,51.318274953393,50.774184564477174,50.15039026847248,49.444027852431375,49.00916119451008,48.696394680699974,47.92701871660455,47.317639735338,46.90738979855288,46.7961495566561,46.00219119495188,45.72171699271335,45.340990954211804,44.94520519553657,44.670843873460974,44.185824918037646,43.71898780095,43.22696631610218,42.75048899277203,42.36221001866515,42.154272181854054,41.62868622069375,41.495614742586994,41.1799387528477,40.73987265259883,40.3806515342769,40.207286947770996,39.74223633608925,39.563999758250745,39.31414145333895,39.031841488447725,38.78362991761992,37.41429674860748,37.086211238857196,37.062471990084425,36.734043643129056,36.6453078376735,36.166617365578496,36.117091910541646,35.823709908017825,35.575500211234754,35.387472089452054,35.330373241835446,34.98570829046325,34.95970007804745,34.57725445234812,34.49355607382245,34.260910114102344,33.98485473736017,33.83054091860785,33.713125016098225,33.36652873742345,33.27925742142795,33.162950751476046,32.897992224330075,32.658442262106455,32.585953991779846,32.42042978416543,32.191537929867195,32.0700424246362,31.846081135362926,31.643951699858025,31.72213123716055,31.440173555448126,31.33399133893305,31.162916667517848,30.903098736687852,30.822465549269,30.737943302389276,30.51777179622715,30.419010512531678,30.157773285148476,29.992274081985,29.931254035408575,29.911694139165725,29.650888414767678,29.536420937309526,29.501529096477125,29.3163248980908,29.292041584272773,29.1925264644832,29.046134495186575,28.914027534673323,28.730879566377677,28.677163273920023,28.50593920676485,28.377721502478376,28.17215413898215,28.301922892697174,28.062486441381527,27.914479194778878,27.88986829388065,27.671842617624325,27.608070102552727,27.474432414194148,27.468159099835876,27.2968040004358,27.168582567862025,27.0785203000841,27.113168922776076,27.0145307155682,26.845997995257676,26.8215780678749,26.6679284106864,26.58873211568675,26.4271111331448,26.319486639837073,26.222581161010623,26.142188809100524,26.0418742186442,26.01784758106865,25.869504075620725,25.8281505635149,25.773041791760026,25.587281306256273,25.577001041977525,25.508834617057826,25.375330202140525,25.286387651869248,25.224616847982176,25.214566110648875,25.1581725573838,25.092066016179075,24.925497491268075,24.845959855117226,24.741488947307275,24.705805973433975,24.560385028244347,24.525554520108624,24.52125863777525,24.441446357702624,24.343012204196075,24.245228648557198,24.179829355813602,24.1708835015066,24.019910781015852,23.98535430691758,23.89209281721715,23.836033958295772,23.777098962091525,23.754419461515376,23.6384840843982,23.59585160099575,23.50334728554985,23.441638717659025,23.347158897680124,23.313209137567323,23.245129908491073,23.2050346382588,23.1242871623867,23.041255754760375,22.99943198245935,22.95526249496525,22.895551858501076,22.820738359536076,22.743393349646198,22.668526863143477,22.693985609505276,22.663584051793425,22.536972132675253,22.507693349610026,22.442428802819098,22.371269818949024,22.352431636246152,22.2255741421303,22.168667529806697,22.108678364362902,22.107942926387928,22.0389162589377,21.990564241605075,21.942784590335673,21.871143488061,21.829604630516897,21.78152182162,21.72115047349415,21.644182140877803,21.6326497954684,21.554392815566874,21.506729534750598,21.4398904017733,21.4161198067112,21.353017729820174,21.287420551957176,21.26436448223965,21.197319558409774,21.132537940558123,21.08081465555205,21.0356700374324,20.972891156807275
90,232.11846876,203.8317453666664,182.34416291690002,165.133144936,153.6105702699997,142.1478290470534,134.626314649385,126.3791757944887,118.3950825873,113.4831456277994,107.941094751242,104.6858765419073,98.23219937995518,95.84096197988264,92.55718881260017,89.71221360131928,87.05094498489665,84.51293434109307,82.662233906116,79.52537075730858,78.28109446645271,75.91807747711948,74.04332431721653,72.77930730353071,70.5752865167886,69.30762144904152,68.41930309843274,66.43908041600548,65.48556221996124,63.91230857042902,63.13567693259062,62.077808803297096,61.43434853461205,59.84096817865244,59.14128329090171,58.17243817753214,57.39714819495722,56.69124209150422,55.3961839242148,54.726713692966605,54.16236892380732,53.783267682447956,52.90014406004118,52.57367120901297,51.80777968887717,51.24013019269362,50.63549684562625,49.99311234146102,49.285734152076245,49.062461315651404,48.77640319708697,47.97356094761656,47.45864103030417,47.09142836810964,46.64583250449911,46.4766333378599,45.812133777416044,45.43351964000314,44.9687058531578,44.34245395820433,44.112253570004164,43.96774696538569,43.00088723133482,42.95401871944857,42.702816528596315,42.29728568166567,41.76083959180462,41.65284498752096,41.1922987645462,40.95178473640696,40.71060099220795,40.51462644032692,40.22639622185298,38.61131190389416,38.38520293296942,38.30227843510618,37.920730890614124,37.93615674227894,37.49603704270907,37.19858710738822,37.095598771708225,36.71853407670304,36.49030390765285,36.373008826477275,36.23209869171785,35.982135654885525,35.848459097703525,35.48033357658416,35.42244694942387,34.869988378006816,35.06358588414581,34.70549046977267,34.288657365265614,34.31510536898127,34.07466481646574,33.93013789880263,33.60373186162627,33.53730591711642,33.28716852140526,33.20157263182694,33.055196022913336,32.835105092757686,32.556986072974965,32.57247709716711,32.358279340401204,32.20218283422403,31.95138791244135,31.89965562470083,31.55962483367455,31.55254409742508,31.24936052466133,31.175412225626022,30.94602684260274,30.81666255076285,30.64615438950611,30.73259936922418,30.42383203853402,30.34226753204383,30.34329534797285,29.98251020773165,29.972272944486182,29.882754409369262,29.70279907500677,29.6157916301386,29.56374344195201,29.40517430207429,29.232625791683898,29.11744464540425,28.85931373232743,28.92023913741933,28.74248106367167,28.594674888397048,28.44011394651297,28.40229029152529,28.237033636600373,28.06956574110016,28.07198123449488,27.93886547213367,27.81638809986278,27.71281795938456,27.69394939998415,27.58987587538404,27.45966441165753,27.327370465595582,27.28840874922717,27.19732350976,27.025194258423433,26.82605065581093,26.73277532011285,26.66946270062728,26.61271737037998,26.608472908444572,26.38315380012456,26.30573209455199,26.30221685231328,26.12090023081825,26.03343962572483,25.99345655038834,25.87513884270171,25.77711220244585,25.69605275706024,25.71949655465686,25.63044438525143,25.51769856089997,25.335679227694328,25.28568613486968,25.17857083572467,25.119988929711,24.982277404998133,24.94526637041017,24.968246236132472,24.85820000891748,24.78198441172404,24.63171706180369,24.60592812489951,24.562800347793623,24.39464871572169,24.36214808531573,24.33110501684634,24.226520806036678,24.161833679176702,24.093345936663418,24.009643248336268,23.95152818138474,23.87503343869043,23.78635829221906,23.68817153996416,23.648649383364543,23.58501782672756,23.57531685299528,23.45260962069073,23.37594582772815,23.30421159617938,23.28128578879058,23.23882144765793,23.09604156068799,23.11440222471227,22.97809316581114,22.97255409181567,22.93049752954072,22.81726065732109,22.77635635068687,22.71345637001086,22.632941854763683,22.57659073341074,22.48567585219718,22.44546581013454,22.359732728781818,22.3562905827991,22.26459554935212,22.22091492194797,22.15730435619553,22.07562145194059,22.032380881461812,21.982723871169988,21.90118372546373,21.85347689517881,21.78748940332754,21.72241854459945,21.66534903882644,21.58706362078545,21.556208535692917,21.485842848242942,21.42151209510919,21.38157878040449,21.316864766362382,21.23717196417976,21.18268745480562,21.1206526778652,21.03368295229396
97.5,263.3285658225,222.81063311833327,196.28061365762497,179.67609303358,166.99653300213365,155.1810721523067,143.96761808006087,134.1483776413015,127.87294851005569,121.82709911551306,116.17948431663983,111.86101109509622,106.70122486212473,102.82998293296502,99.00296252711983,94.57166408828841,92.5828983712289,89.34978124128557,88.738020817088,84.29389675533687,82.34993921916612,80.3314002789016,78.45601088614372,76.13485456157213,74.82471345792591,73.30007082940732,71.67433053333517,69.68365496830756,69.29588961128496,68.04729487101173,66.51918370290662,65.31168720808115,64.64083537182594,63.042460745585416,62.54863929940975,61.024532258606136,61.05405146903378,58.7835942431569,58.825372676159574,57.692671007230686,56.85731550438379,56.17832472267321,55.05526789398366,54.888045663112486,54.066020632689096,53.39631893511216,52.825803329918074,52.60960245850072,51.618339746845244,51.52311330673631,50.499941094232305,50.02216468194619,49.33799313802364,49.12877606054409,48.47041580838794,48.242007983686115,47.870081730032226,47.28147097915291,47.12473950851675,46.28468877004191,46.21653287028277,45.98712997757772,44.79362223668556,44.691050875058494,44.38988979360272,43.85515960437567,43.67999040094404,43.47196750308075,42.83096464752376,42.64937824817156,42.222535530488045,42.3482712035587,41.56774560404892,40.22164737737482,39.9665244911455,39.53814783292435,39.50066500362129,39.4387215110532,38.84473196340692,38.61490198012957,38.51263518615604,37.983646917267194,37.89268204714744,37.49793130429629,37.31719890233437,37.003383384815486,37.03770415060059,36.75151962223522,36.375703129257786,36.17370830997632,36.08101132726535,35.902327005317815,35.36741924323163,35.2491799104871,35.01826917509693,35.03817300284476,34.73870034289261,34.66058278812796,34.3261046110904,34.24603104845884,34.235939409631094,33.785422708792176,33.594320864335906,33.43598305243278,33.36613416436242,33.01117210718944,32.96600480290106,32.97527720458827,32.71898044813277,32.56215752837671,32.06762495563304,32.1640526188373,31.938052995946546,31.71688523464375,31.621742677612616,31.605848011964383,31.305537491907376,31.292786354709957,31.239424133789107,30.822961837693878,30.788351993570537,30.5981249932255,30.545220518161813,30.51358106346841,30.3882968440808,30.248311758529905,30.027834282481585,29.783508099561566,29.601337589140826,29.642644767295494,29.550232121562537,29.308997112011227,29.309456037428877,29.19535909968902,28.999076018809845,28.836410296714853,28.961447969965253,28.566863728265517,28.465689902056102,28.34717431139417,28.375005937674413,28.251578190150617,28.07303370540334,27.977280313335594,28.005292632458417,27.782180376444963,27.803040418220924,27.52517667614457,27.34746096293282,27.259654183771232,27.213678392821816,27.187543843361638,27.067458992006912,26.847125707813717,26.80375013029693,26.715325692746685,26.638058709050473,26.523948170016684,26.416612529600656,26.326012719476886,26.20929576651341,26.226807497057575,26.099753237965867,26.10713685505236,25.88624045111243,25.79883497024393,25.627220777335946,25.61156738944331,25.535521687849197,25.54512901206122,25.4347686445458,25.268108711332683,25.266682097761677,25.135502190114646,25.03848204297343,24.982413074991193,24.868516545936767,24.79645793223014,24.774881021511288,24.65306876563021,24.598975741617767,24.459199870051755,24.39594314496885,24.381727996068687,24.25648879178337,24.15063146469344,24.015187837466595,24.04237340188456,23.932803259907594,23.899105159199067,23.85165380551647,23.76408465826635,23.632219170460306,23.591751825652274,23.578739563799406,23.40444762666703,23.41362169871016,23.337088052259972,23.283141620272378,23.225263836287382,23.167522205240328,23.077284500978017,23.033274839437702,22.928711700765454,22.820276826830327,22.75012342150072,22.673973732082512,22.580424006725146,22.577478096091674,22.50004873536949,22.413888143171285,22.376996874406995,22.34080285167969,22.253474704542434,22.213644359696854,22.140637626729447,22.060473938867307,21.945992785832193,21.89929393854158,21.81359364812861,21.74611991864178,21.694900901230376,21.64024361709015,21.58598943434364,21.508882634364316,21.428184524058064,21.351101900280707,21.260096474529824,21.210053635490194,21.12264859970085
98,266.810381846,225.51433453240574,197.74034637400501,182.14747127848,168.25641169548604,157.23257741637158,145.003956132535,135.18879524915343,128.98995209917717,122.92866988645576,117.30282973910631,112.72101900505116,107.20500605199186,103.99918091805604,99.53553104482228,95.2782443154774,93.15085711960349,89.85847828832904,89.30111106980999,84.55501875814446,83.19309867149089,80.7955820982491,79.10438391939019,76.68449091831936,75.36974360840601,73.83637633693093,72.0490336111724,69.96670985059274,70.22701721564626,68.25886377737243,67.04231971476442,65.52716286793442,65.20081417177273,63.493916018367806,62.919334217389434,61.167469914714445,61.497508933839875,59.735179684259926,59.4028535989593,57.97873126955532,57.10824627268195,56.60689542547431,55.54707966359296,55.223952244615724,54.18317050964343,53.68657393770923,53.22949399797771,52.961071944776386,51.90726974718753,51.908412163349915,50.76320499096629,50.2711679485202,49.478737016333554,49.3951696458567,48.98420739728216,48.56438138743791,48.132131320494956,47.32905757214402,47.32178399449821,46.45845814885732,46.62173722495336,46.270414577162086,45.10927016985218,45.08385500186548,44.675341344464755,44.193027363514204,43.82700453398176,43.610252230778144,42.88982304998074,42.807059989979095,42.38968995642393,42.52218426243879,41.793250584987334,40.32931898051796,40.124600012264395,39.76400215911834,39.86433278276002,39.59562420853231,39.00278993270839,38.843764487490226,38.56711610952834,38.199675078136565,38.21443387658436,37.57607324085522,37.44788429719786,37.22244333592124,37.16731318702399,36.890949811386065,36.459089470987344,36.329526203009536,36.16202818475919,36.20709992906632,35.502672943166075,35.41983726093444,35.169655160628174,35.10377682666692,34.924095529267376,34.93559138955912,34.543744446123,34.38905763024064,34.441028379947056,33.82539456984336,33.72950846385194,33.79210870663521,33.62055762262763,33.09914188946657,33.035299453744386,33.09360250134053,32.94846053331921,32.62251423543416,32.194855952522026,32.35258463751401,32.13881181025295,31.886492723934452,31.823030258756823,31.732142136289756,31.402548505987205,31.435111038284873,31.33574301636597,30.868182311304185,30.85628900396645,30.70923074856678,30.63464980239037,30.601540680982005,30.480424452239028,30.281416628541415,30.103268254729237,29.82697152874269,29.69938812381092,29.750505820138464,29.671449221131592,29.452098443482473,29.404876982901804,29.27263318095109,29.111186567506167,28.943387280275015,29.034354476924705,28.756086711510903,28.551916430798844,28.424208193816558,28.51010025305968,28.379538976119978,28.170642591234714,28.065535001307815,28.08847087997754,27.869510702568856,27.84724432875937,27.710420171299795,27.495627769549134,27.30856238075182,27.306443481382345,27.260449118895632,27.17307861096182,26.9496985462054,26.86308703772212,26.815713301664882,26.723769558525085,26.588354356770417,26.493199956541957,26.364150814081537,26.282227408276245,26.290759547633492,26.164867787069774,26.156743263973546,25.937618512368914,25.833707417584485,25.732739396834962,25.658636388808674,25.576259979082618,25.58094703880369,25.491531845860163,25.391942711486987,25.31594885291708,25.19819043357607,25.079439547152585,25.069654729971628,24.90531684052053,24.81658102669691,24.813186755477993,24.677852638981964,24.634338019999262,24.534158947997483,24.452463024225747,24.439146603042996,24.330104571188087,24.217694154429406,24.089549070660905,24.096312624867362,24.014659794739437,23.99322027795405,23.928014121565912,23.774679099686384,23.659367309499643,23.608994165220874,23.611950145770713,23.44137442569138,23.44203356388137,23.375470815285468,23.337427643561753,23.243978568416495,23.184868826372732,23.120612543089777,23.05544221912125,22.95799278646879,22.872634874916965,22.804242194602516,22.717813737122665,22.604106601017087,22.60857009590052,22.56671195946545,22.44629193459068,22.401987783242014,22.39367824671977,22.27806105399649,22.254328987463126,22.17509410983715,22.081560879424764,21.981375599528,21.931007902962424,21.839605670004687,21.777829726496424,21.701568856642727,21.65149621691286,21.60497596224338,21.52392366111578,21.441626940004866,21.364043982800453,21.27064009648894,21.220284402343655,21.138215482177664
98.5,268.86983501199995,227.48057306596758,200.38427514325,186.206274076862,170.47534568512228,158.34840871692398,147.02296702600236,136.387717354716,129.98647582483,124.29559364454529,119.18155156731123,113.67518013594247,107.80946764273517,104.98540070076919,100.14163303679875,96.02666765862506,95.27337241766419,91.44421479571109,90.3241992655911,85.12436183321384,84.60163343692427,81.30578647294082,79.95985799787773,76.98206727555511,76.18409472422441,74.37176239642314,72.37644360477083,70.4328449581296,70.86180314708729,68.79983709311576,68.23584328415326,65.95569725126533,65.6589511251966,64.30609757758008,63.24768102547488,61.720943156117585,61.68304403535682,60.015204030505934,59.71340975873222,58.32531623555767,57.73617052908099,57.183421330819215,55.87901010995953,55.601828299855676,54.80704283695211,53.93916931284103,53.38014037153618,53.62407097705232,52.302301914187154,52.28733252113515,51.41336380732855,50.49654658711709,49.88048498863328,49.74107287533564,49.121071482095026,48.85993949633702,48.41347025658598,47.490105608820066,47.573735066585165,46.858065644917126,46.91152773834137,46.554384368228774,45.38798861001117,45.32936038181755,44.970939670723375,44.71598991230505,44.1662133024396,43.88031334917572,43.21644048646869,43.10394957480473,42.57281698893496,42.73462571133742,41.96915499679392,40.57057506257075,40.40935511012181,39.8909238173542,40.266657290009704,39.91284947420605,39.29913172291359,39.07454557895995,38.86889423941612,38.30452400272193,38.5889298540268,37.684988143536415,37.70240077634891,37.37600711550086,37.400794055381475,36.951646210453575,36.53414469688167,36.44315224364622,36.362175664745116,36.26795186207879,35.66517563708392,35.737750657589025,35.48525038821804,35.22455456986835,35.07967933014999,35.1059891764057,34.795586955376024,34.50557356164549,34.55526314272708,33.95409147347476,33.84258866216852,33.90285954253821,33.77838288728657,33.24980386505434,33.127699760897976,33.214890959473436,33.08790634360346,32.71676532749428,32.406578679098544,32.50201592657641,32.31495471610873,32.00905079128641,31.945027778535675,31.840281920416768,31.572508706403397,31.534188277873206,31.520428127788126,31.006837486330184,30.95119051406152,30.871361765479918,30.741965921473707,30.748425230363107,30.618226795734103,30.48392074165843,30.250470599756625,29.974644207022322,29.89938498759858,29.862108932507894,29.769454874726655,29.51666725203573,29.493854401323812,29.399145219550054,29.232649097676983,29.15851868927774,29.061023910261056,28.91062912439935,28.672831562135983,28.499464042918238,28.798237100695996,28.454501994617555,28.357676371793964,28.20471683957857,28.159972278818216,27.947728590877173,27.93448699833441,27.799488047172602,27.55210429656236,27.39408499210762,27.447503911097712,27.347836514860063,27.26109695172204,27.069735172823385,26.988913278403068,26.888208088302914,26.82042244892823,26.619919390811248,26.554616996844825,26.46393422302285,26.425278053544382,26.366867899412217,26.230145069166344,26.183014799130348,26.03941219170786,25.89208595091067,25.903453077392147,25.70039807211663,25.74887272800627,25.726986168326743,25.55062596572867,25.448340650573773,25.349607807720382,25.21938271694417,25.116589869857982,25.13408583587181,25.009842333464263,24.87123128707999,24.897312833434807,24.764010242435404,24.701461380469503,24.60807185339959,24.522330061083046,24.496621154184954,24.40180378509506,24.272450849902302,24.181864579600518,24.191616289289243,24.04067942716304,24.057137922310012,24.032914609786424,23.83180371871702,23.70552338782398,23.67290682178458,23.64452135084883,23.48338212836269,23.515588586422023,23.450393988059744,23.417034466896315,23.279278695810344,23.229411543263094,23.15083400784413,23.09526697060502,23.042786768327986,22.930870863877466,22.848986999472608,22.737192820432224,22.61860927123683,22.639386550680758,22.603715038171103,22.489338911430266,22.464847488847738,22.446523797678363,22.31394179924596,22.279462203391905,22.210717729478016,22.114386713933854,22.02194595499936,21.94779466243958,21.852081565554816,21.790881768800528,21.73950716493656,21.68129802514905,21.611584826765764,21.555614253234456,21.447422067718332,21.3744949074081,21.27901245349733,21.233836891023383,21.148801760288105
99,271.47584085869,231.676394187885,204.71866021933144,188.154793076,171.985032674511,159.11748921243114,149.00856235729924,137.503768347401,131.23374434032186,124.90798983257437,120.96934275048794,114.7894173473813,108.62161195210528,106.26800596320581,101.285512996314,96.59718321086964,96.40266016336741,91.90738808801855,90.77567237486579,86.25114569930052,85.48947829396946,81.89595870994243,80.8010654299331,78.19706382739581,76.91192814632197,74.85234509286164,72.95600429773037,71.18317394253354,71.88835498411686,69.25917869752668,68.78482355992249,66.94440516864091,66.66258128399586,65.08691364210911,64.34995581590566,62.1984455663143,62.351148381430576,60.60516165655816,60.49575871897196,59.08671034917997,58.1823812391042,57.83837347344183,56.552470018619495,56.20186335342785,55.084594957750106,54.56213319270483,53.7754927378127,54.02673654745831,52.68074726052875,53.10491014082038,51.90969966221604,50.68141783580456,50.31295787555555,50.13311415284254,49.609295100019274,49.2902304168955,49.07217481550908,47.8225565060807,48.00574157391381,47.67108545743889,47.085635918665396,46.70790321592898,45.81599313649268,45.74834663160626,45.41480379976508,44.86520736472079,44.74741707581013,44.13857109983766,43.85005086496355,43.495108782179514,42.99404439198863,42.9733475128509,43.22033590864721,41.09008421198333,40.65564622419005,40.278881629416105,40.47243531709883,40.122551775629674,39.817399475656075,39.15699970832123,39.2117472249477,38.49202650383831,38.79866465345307,37.89912730837721,38.160475260448436,37.70565464497366,37.6723612136506,37.10630622900194,37.07335686432765,36.69597033155177,36.63303993691163,36.70145287077005,36.03276425967849,36.06257786808007,35.65334054034298,35.41789297613002,35.53592288202856,35.269426054092044,34.96828945155296,34.62695712346301,34.93613185253333,34.18785994528767,33.971641324492566,34.19057213687527,33.93495335690798,33.50924232731251,33.35582957287149,33.459033210543026,33.12068658152305,33.175592467807014,32.60619196346292,32.840237287458066,32.50065917817801,32.09207786017892,32.02945952477979,31.998370516883064,31.657089711991077,31.77737906399545,31.55205017008073,31.21787571820903,31.293375725386014,31.04546875981977,30.858217087895728,30.839665081576424,30.991229235094348,30.546106332597663,30.350052963791523,30.222007867081526,30.009286738994497,30.082850654554242,29.886569340488876,29.636857644265817,29.53054058083537,29.55931442495833,29.558451416040775,29.39632272124729,29.31818882965614,29.13215754352911,28.806178440279986,28.553329804014457,28.833909587242402,28.686790139916592,28.498636341004392,28.373233455126392,28.24040867526187,28.02354463833036,28.100422723898966,27.876351608437517,27.646899962165254,27.50006383525055,27.592324850227232,27.49522929868721,27.354094939791832,27.13589090048824,27.250117992559268,26.976573671215718,26.978139633261225,26.727136794993637,26.61991493742203,26.528091462035107,26.512228478290925,26.492304859689426,26.47589581123499,26.302586253762982,26.139595099997994,26.03190241287973,25.99561149383865,25.77463399156719,25.84439236203583,25.83964821617708,25.625836161683353,25.509407058396466,25.408956127473576,25.274775677315507,25.167164938296096,25.27338429078921,25.088178883801728,24.995410711524414,24.943361747988703,24.835924999938747,24.731578048836013,24.79690189319074,24.588262480533444,24.57534014148461,24.59472511730156,24.297058717190357,24.243890072971723,24.2838685797366,24.093576579297068,24.089223739845878,24.077922549842672,23.888783640277858,23.79747918193456,23.744402039328282,23.670249155982816,23.549342143285347,23.555446723438724,23.474213818667785,23.440721680119363,23.364042862620927,23.287878058135185,23.203134932896344,23.182308538835827,23.12960552243666,22.968812328647484,22.898152214922533,22.810452249505264,22.669278886880242,22.684461885084776,22.725988656703805,22.528978570573734,22.49157494488807,22.46508648699009,22.359515762913354,22.33649733415868,22.258499377650992,22.15575564724776,22.035194843604298,21.98928840512975,21.870948882929557,21.826048608042463,21.763810525987502,21.74911905971795,21.67045747989206,21.56670902780818,21.467442953846525,21.392178568677146,21.304141036665513,21.252981782930366,21.166529686194433
99.5,275.789493215917,240.68461974264594,208.68626341425,189.6027810357992,174.815914353212,161.8291295384087,153.42948434235376,140.1435124954365,134.73992336519999,125.9131290616675,122.357882338568,119.03160673120199,109.08320472128219,107.87085579137896,103.82952624334565,98.41403365940651,98.18673214907224,92.93026094378789,93.32768166041869,87.50622492256637,86.49403933674617,82.9121807555083,81.82194378615594,79.46466771120431,78.06342418572511,76.2115867478998,73.97442887548216,72.39037294467477,72.7599529058603,70.60018236645743,70.02086176975133,68.32149428186733,67.48763455310646,66.39462906135189,66.28280395529065,63.534387496708554,63.714470386846266,61.87014571877812,61.83183386266112,60.35493296934191,59.21909241111669,59.2987555373996,58.15398495491211,58.015834650463326,55.38281088984078,55.388231973599446,54.520664080147064,54.94883446657456,53.40138029839762,53.47135688986879,52.699378890157035,51.290354013772784,51.101195721356426,50.895483875390056,50.31749522298912,50.50169728508048,49.52611414075663,48.93072293074299,48.503488596794604,48.20825775326646,47.62233953018561,47.217317809365646,46.584214039653766,45.93645434846088,45.686043158052335,45.07627349663276,45.221857364771566,44.53487231308367,44.24985246614632,44.00336769868507,43.265872499132314,43.653707974454214,43.5772652537721,41.631073488316694,41.097595295360065,40.9128312650326,40.771175538433226,40.67300219417952,40.357117357875794,39.737884954461116,39.80036655078604,39.09043046614634,39.604886105696764,38.33164518921085,38.39865527166014,38.01841558890651,38.1940723589843,37.44076763392406,37.38285615269446,36.92868281763144,36.87067317865461,37.057884420840544,36.15989959294178,36.582376661989464,36.132743467400125,36.01689226398741,35.79745930663758,35.70131771068713,35.39902474235025,35.25800851319379,35.08285669789499,34.54503994616208,34.58111064819037,34.40071395294816,34.32230892863961,33.784647181449664,33.63881919273098,33.914381513297045,33.35414617586115,33.60679152322595,32.78641776999914,33.13200433552292,32.62168456758492,32.43192558779813,32.24175468065547,32.25081089722198,32.14057972895191,32.04879827332453,31.687578246227005,31.42773849228789,31.55917599573861,31.17090061686587,31.179462109377386,31.038684907689493,31.45157079968548,30.655661648305788,30.686052971615457,30.492119910406345,30.329071329234825,30.247775633641524,29.98140455720759,29.736657353984842,29.771602079133892,29.812276360436325,29.78289833340075,29.60565981872382,29.507811662777858,29.363633530349517,29.106969306312227,28.70760046732412,29.097506843217836,28.908740580554564,28.74797015745377,28.539180877023384,28.50549131194443,28.14421766019665,28.35272858948422,28.056776372254173,28.06893294097678,27.87833356955821,27.718932866957363,27.709066486668778,27.614957744773832,27.335722163278525,27.644550403368335,27.17345605600235,27.333220116713363,27.03503872523863,26.91086756177089,26.698324799016707,26.743216474202562,26.61675571729599,26.61026693636701,26.45801879198583,26.314363349543314,26.198223069318864,26.098434643273457,25.851997834597412,25.918950120817854,26.038421500053026,25.748867576647207,25.637250052387426,25.56614593813392,25.499300907863947,25.28678804998322,25.33624171650652,25.322021444061544,25.088874175436146,25.212437845413948,24.882555987058602,24.79813248695737,24.91736737307016,24.74651302509436,24.69115228274017,24.762905027692746,24.488695240874577,24.31463878105431,24.38432897082289,24.23759556618408,24.250523463856716,24.11429064756379,24.101848561921745,23.9356838200973,23.806219649166714,23.7497570596332,23.62705554553583,23.675218802889596,23.56739850530476,23.52073689555394,23.513595364493955,23.344982474536103,23.354640653520455,23.27569734612735,23.26139098629497,23.038512768852616,22.95128766591902,22.874473428618007,22.722445292140073,22.82232634073285,22.8047718072554,22.5890788755061,22.56084541653087,22.52228885313023,22.42789920309415,22.44561627894189,22.285724106384546,22.228986512518432,22.08717844874567,22.027706364269932,21.987637099369543,21.911106472345818,21.797681749883466,21.76356366944878,21.683522576178504,21.608278524525492,21.504696920335622,21.44302727337367,21.349150609949152,21.307026227187116,21.19478928906101
Median,181.10934035,163.261836966667,146.116175563715,136.75310134657002,127.3645809083335,119.69605318871399,113.69148672849249,107.4338932454445,102.023039487158,97.48175430885725,93.21048263706915,90.5590515569231,86.4630257013857,83.81895534760335,80.66146527275001,78.9028443753706,76.1629706685478,74.3483647189079,72.416192177358,70.3370946752,69.17043138299775,67.55379521058265,65.87680678402084,64.5790726273228,62.822397656792305,61.902013537696305,60.7994664312107,59.77446588958275,58.84937279970835,57.61130016549515,56.969430562425,55.840559348599996,54.99913153848645,53.89474650310745,53.00031798844056,52.76485664218595,52.34619298577235,51.3777694644246,50.4643947186175,49.841698137280204,49.18662415745955,48.8928039878286,48.1007010399909,47.67677874743685,47.02065715629065,46.71254540415235,46.206884000399356,45.633909739842,45.2286341737898,44.70935475968745,44.536582510508254,44.1632791277449,43.58171772656925,43.17834989312255,42.94793597230175,42.3854865714774,42.34168061283365,41.6978136389305,41.364770296417,41.012433501736055,40.57114964933885,40.5293473962803,39.990610645992504,39.7679173160695,39.4892018466762,39.0464489319742,38.7053679656291,38.44377446564505,38.1432012314057,38.071993103926744,37.8065442682579,37.55543925511245,37.20782620519185,35.958432024987346,35.78333413813385,35.728264291797245,35.390313609752695,35.158190384416145,34.82277351171035,34.7534559165367,34.51276876176965,34.271023213412846,34.25110582106025,33.93073895867305,33.671496407058896,33.68491229973405,33.404272472344346,33.2783286881417,33.1048334518105,32.6415448113533,32.679471197173655,32.64350145027155,32.23229599067206,32.1586251898992,32.0189012331097,31.7867824803715,31.61624937336805,31.6000966505026,31.38471798290695,31.144241766087298,31.09782078163765,30.88003868286995,30.602427887624252,30.65427900435425,30.45488210262555,30.3940492856693,30.116877629438,29.95367289272655,29.83307625554745,29.82691251747825,29.59114888399715,29.4633166804366,29.31126752272765,29.18238845372015,29.0796447175773,29.030890604728448,28.8161096813444,28.745708965256547,28.634642728790098,28.552078994377,28.45191884635595,28.340023232192948,28.2274112907734,28.1728836902035,27.9368470755246,27.81503314248985,27.7044263684784,27.603778809433848,27.48917895633135,27.48482052576755,27.28807234559175,27.1843243444385,27.11933934578135,26.961698952926447,26.87947231703365,26.75565218024775,26.724341949965,26.6066007192244,26.5063242272715,26.3824259823447,26.3625014690287,26.32265358279885,26.2213304538151,26.1479487109871,26.02711499759695,25.911176464425047,25.8268578034103,25.668612425525,25.6328598383246,25.55093359718675,25.4880085463354,25.45998487078775,25.2718627411465,25.1898406942109,25.16654113356005,25.07982992596245,24.9638655180664,24.932454716522848,24.82748013253455,24.7494582912997,24.68915045181795,24.6220873929554,24.5775222875857,24.52652633613915,24.39742774957295,24.294979906656252,24.24951543070435,24.19085188162425,24.0807986135215,24.06183741393115,23.9986608169349,23.891732886376403,23.862919598576553,23.809155349894652,23.71094172851055,23.745001493473353,23.568928342810253,23.54159045194275,23.44597095833815,23.438448451055997,23.33865984225995,23.30828122391015,23.241072426248,23.157294460041,23.10325292330365,23.065191770244198,22.9696715239056,22.89423362140865,22.859570020813898,22.8159355708937,22.757597407938,22.695434198841248,22.66741219847225,22.5883548593999,22.52737372735745,22.45862490794345,22.3851920588399,22.377445317984197,22.3358699968292,22.34148276439645,22.220265700419148,22.169665859114,22.133243204661298,22.085998231014997,22.055193645727798,21.92674945440865,21.89953316775215,21.8316178594843,21.8435724345758,21.774972350933503,21.72489155719095,21.698619771583047,21.6352745057257,21.59755140971515,21.547689622651298,21.501104296565,21.438539125183098,21.4079702937692,21.36151053381105,21.32413133514535,21.26574970448495,21.23974881540135,21.1873561869924,21.140995658509752,21.102513055367602,21.0527108105553,21.006290581494397,20.96451950446655,20.933385697679498,20.893561783615752
Mean,180.7186058835096,163.3541396711949,147.34635674583322,136.70928868706434,127.37500183607968,120.10552165558634,113.93261530635165,107.44501862794988,101.89485827095052,97.53350277490847,93.5123157807911,90.73666052977188,86.44392541895569,83.72256310001859,80.67287136889206,78.59876910130787,76.33623033150292,74.37130178214008,72.55004063507948,70.54723585150187,69.24594364893655,67.58517140357453,65.8710463047671,64.72413886384503,63.21066164284435,62.011139990128136,60.95806700046412,59.566840122077544,58.74358274346396,57.740463435158496,56.9709104136049,55.96280519504584,55.07145121115693,53.97026004805693,53.260186042485294,52.842179701714834,52.22699666140331,51.40873312623358,50.49422568305068,50.01687354042307,49.33097689930786,48.88893157492026,48.13901578786377,47.71837097415571,47.07464137930929,46.70921767736706,46.23020284386586,45.65507993912183,45.139627350530354,44.86033416093855,44.53010816435116,44.06351140252358,43.561805742962314,43.26663286515996,42.98099511934815,42.558211718062786,42.20006695077759,41.808479313618754,41.35348032461222,41.015747245757765,40.58592615698039,40.54220214792623,39.93773471472496,39.751823749117975,39.40082434607843,39.114133773648135,38.77343175727176,38.56118598955772,38.255677198941484,38.09668068874894,37.76359359668124,37.541054402855785,37.24734242202644,35.98937089364363,35.76395152380474,35.71425435890311,35.41911730365766,35.23708055321521,34.90032095937649,34.7735966827657,34.536972357124846,34.32954739668981,34.22121203774361,34.00220471988676,33.70136061001319,33.649158597693244,33.48641315397331,33.27057626397415,33.12284962972508,32.7253836163946,32.7187113628409,32.65592714087654,32.24190924809186,32.17514583034506,31.991286051419184,31.769093972387303,31.642999831568975,31.61590328726936,31.371421823539414,31.179348962826378,31.12020722496132,30.853933077391552,30.627817276504867,30.681217761277583,30.481160387451368,30.320584218793446,30.16108799821057,29.97353767215684,29.870212186568338,29.834843248768262,29.566334197001765,29.508119817270366,29.32728212740507,29.162421046754783,29.093396353508492,29.064531265634308,28.837607483381507,28.720871067336237,28.664258679124043,28.498381901955476,28.415920475387885,28.363523921586065,28.215225345952145,28.099106658653668,27.964137280144204,27.854006290005906,27.77483046494907,27.638850407595207,27.46892667485068,27.46382943241106,27.329353127620493,27.198963638693563,27.09810890218117,26.988886978013255,26.885490318402663,26.769887536794258,26.74276948228469,26.609040724898172,26.489798751451467,26.38251166820435,26.396869139289983,26.31324953859733,26.178387815672387,26.120666785011046,26.037503111829494,25.95403018558038,25.8102159048373,25.66863068413603,25.612202579139556,25.53383487480756,25.470774966685866,25.435324211227222,25.266906683555586,25.193713408840416,25.169902903145235,25.05671709303208,24.95066584246752,24.935494207589073,24.819494223455884,24.743435497591758,24.680529201022722,24.655374470105198,24.57766340703622,24.54470488262878,24.39547466330168,24.30625186500449,24.230426858783627,24.184513802811008,24.072814047389024,24.059552213870546,23.99727381522296,23.910001251095114,23.852713096402162,23.785054704008996,23.721194190140466,23.71557376292561,23.57315273533719,23.530107468347584,23.44911291034583,23.422329118394366,23.319534506257856,23.289705232253365,23.220662065523534,23.149284641091374,23.084385404530067,23.031996301399378,22.97131000636915,22.9015971207348,22.850173979010883,22.810051214897868,22.755278253105192,22.688146520570648,22.640225000433215,22.588593469673924,22.52663612074857,22.440355123750567,22.403721368462946,22.355810853417402,22.34036313059445,22.313777169870512,22.207963103327884,22.17226324005831,22.12033031832233,22.09046181930276,22.036393646202495,21.931078839064046,21.885691046131836,21.823580412580206,21.830599639074403,21.772589300452704,21.717157741195464,21.681765238186447,21.621435745416207,21.5848175084145,21.532025713311814,21.48639304437756,21.43134739115738,21.38811834021222,21.34676014052945,21.313558274608106,21.244573836086214,21.224691964199007,21.177048476349658,21.129989718402843,21.095834329462015,21.04809270033866,20.994948259386284,20.948331604030088,20.92398826657211,20.8784789679854
