,pd10,pd15,pd20,pd25,pd30,pd35,pd40,pd45,pd50,pd55,pd60,pd65,pd70,pd75,pd80,pd85,pd90,pd95,pd100,pd105,pd110,pd115,pd120,pd125,pd130,pd135,pd140,pd145,pd150,pd155,pd160,pd165,pd170,pd175,pd180,pd185,pd190,pd195,pd200,pd205,pd210,pd215,pd220,pd225,pd230,pd235,pd240,pd245,pd250,pd255,pd260,pd265,pd270,pd275,pd280,pd285,pd290,pd295,pd300,pd305,pd310,pd315,pd320,pd325,pd330,pd335,pd340,pd345,pd350,pd355,pd360,pd365,pd370,pd395,pd400,pd405,pd410,pd415,pd420,pd425,pd430,pd435,pd440,pd445,pd450,pd455,pd460,pd465,pd470,pd475,pd480,pd485,pd490,pd495,pd500,pd505,pd510,pd515,pd520,pd525,pd530,pd535,pd540,pd545,pd550,pd555,pd560,pd565,pd570,pd575,pd580,pd585,pd590,pd595,pd600,pd605,pd610,pd615,pd620,pd625,pd630,pd635,pd640,pd645,pd650,pd655,pd660,pd665,pd670,pd675,pd680,pd685,pd690,pd695,pd700,pd705,pd710,pd715,pd720,pd725,pd730,pd735,pd740,pd745,pd750,pd755,pd760,pd765,pd770,pd775,pd780,pd785,pd790,pd795,pd800,pd805,pd810,pd815,pd820,pd825,pd830,pd835,pd840,pd845,pd850,pd855,pd860,pd865,pd870,pd875,pd880,pd885,pd890,pd895,pd900,pd905,pd910,pd915,pd920,pd925,pd930,pd935,pd940,pd945,pd950,pd955,pd960,pd965,pd970,pd975,pd980,pd985,pd990,pd995,pd1000,pd1005,pd1010,pd1015,pd1020,pd1025,pd1030,pd1035,pd1040,pd1045,pd1050,pd1055,pd1060,pd1065,pd1070,pd1075,pd1080,pd1085,pd1090,pd1095,pd1100,pd1105,pd1110,pd1115,pd1120,pd1125,pd1130,pd1135,pd1140,pd1145,pd1150,pd1155,pd1160,pd1165,pd1170,pd1175
0.5,905.12127953,1252.72815268,1607.32872454,1876.0718091929,2149.7141661249652,2410.841715985,2694.324633145,2933.9985560139,3177.811575685,3414.31144751919,3635.09010636215,3838.89346278865,4034.702603135816,4228.97355233485,4424.384319546872,4643.51397130629,4836.7978589187305,4982.440219412166,5156.78931009399,5310.068445829978,5558.845074154096,5678.636690370999,5844.772543091419,5992.81910683796,6135.79193063769,6243.08457565048,6397.826046277105,6603.305560270263,6722.9001142308,6841.682005413006,6891.676295108941,7138.946573122182,7295.187822680265,7488.1599696905105,7642.3201799151975,7767.261582491706,7782.522137262077,7985.0676777577255,8088.276618183344,8226.370272240236,8287.795309281184,8468.248493417172,8512.50612741872,8566.598735386455,8691.11798582153,8774.813117273734,8968.946524104544,9002.910580647169,9281.850476533167,9336.927212910236,9492.079290459249,9577.642380553,9702.641951541595,9830.029703695891,9861.928951974645,9922.392173317685,10038.241860615044,10247.634132734382,10369.214618447415,10245.452900997776,10423.46471163102,10671.872668033335,10720.222097442063,10818.595030328384,10864.862370963134,10988.03042683278,11087.598956984943,11199.16922555513,11408.639732093592,11383.321297164342,11457.61871449963,11472.633046189248,11663.55935948406,12148.32388053462,12150.501800353619,12272.664356501966,12443.355048413117,12538.054116988118,12595.64131124898,12663.914007798965,12718.029723899806,12937.316807300977,12765.52399421382,12898.123914168102,13050.471778006715,13157.55825523888,13233.23578991746,13285.756660436662,13464.792271435468,13530.676342254246,13625.488181399925,13682.788841110703,13709.90789995123,13869.17231740283,13917.2381356495,13875.68849822661,14109.538308726671,14193.59897277635,14181.296066203051,14325.409507022949,14439.540629777204,14515.39882870483,14519.929289361302,14630.141665545152,14694.790310707594,14694.159230066649,14833.960327605426,15012.831969408675,14955.210136850146,15110.077752695708,15212.000086688258,15193.70293222588,15329.645923194823,15215.224358857153,15467.914012546764,15608.437326007077,15569.763386209155,15670.054350311342,15782.349808005214,15805.251660823926,15906.218952830064,16017.846435274132,15992.356612817666,16042.73483698734,16193.742535839017,16310.648131713413,16283.5172523702,16293.050077868917,16475.447635020802,16562.891663450613,16643.807647640475,16693.78998299606,16787.62576602009,16826.783200207035,16902.86906149374,16976.595151647845,17109.033684881622,17123.374494373915,17136.870321046794,17227.68027190358,17289.917288546287,17401.535184490454,17486.76235426528,17507.534693513506,17561.872261237775,17693.876189286995,17674.792356595266,17861.269689497767,17838.62494259565,17973.466192557793,17994.973009412108,18027.20290148212,18146.71814919676,18268.262747380784,18228.58109451023,18411.8434809986,18439.309028954078,18549.995372371723,18486.116161896374,18473.1160787386,18664.031756064152,18741.42604487588,18776.02641240487,18815.828855094172,18963.250340308194,18977.420804065496,19037.89136199953,19114.857863949495,19184.956320036832,19191.019092608658,19315.694003383025,19381.520135718147,19406.36897940103,19493.87525411713,19537.377638668375,19605.085098109063,19665.18775817016,19776.093040115975,19826.631103492986,19886.150863913565,19900.507378823735,20024.477170128022,20089.90913397412,20052.7766675739,20217.12077776013,20310.086614042408,20327.8583421941,20305.673992020776,20466.764287494556,20530.996021341354,20648.419197480685,20674.967298595875,20678.56839616441,20753.93403593279,20810.336098824908,20872.7741627315,20891.22086347111,20991.66247708592,21045.400853448093,21144.292659619787,21269.74387799365,21342.1134477896,21347.683580962697,21382.68196441033,21420.12334224107,21503.464241408394,21523.436708027948,21601.9136665644,21719.04728192703,21763.019110896672,21854.6317851186,21912.098990968898,21944.43226663618,22060.32446606041,22046.96447927265,22135.017135200924,22194.730436612102,22311.94583637635,22361.8081646043,22424.307173635105,22455.519089344798,22563.3287536393,22591.7497906481,22672.092146797502,22798.86047974625,22830.3119555923,22912.58498523889,22953.118775022023,23043.6462900398,23130.2073422903
1,945.3616992000001,1294.1259185000001,1623.28599493,1942.9707511921001,2202.91885377984,2471.4042120923,2733.11954658,2974.7001507297878,3239.39060582776,3478.1276483,3711.51564975333,3893.14582065149,4105.446129180221,4315.179235418688,4481.1758973466,4718.621996132941,4907.279068769788,5057.425331955094,5243.885925012099,5398.694774812488,5656.500087967307,5763.344404983481,5915.77922940229,6051.3134861710905,6229.737146116599,6358.876714260323,6492.851175388893,6630.55375605126,6796.13309630984,6987.965456349751,7036.14723630415,7200.588567845983,7407.480502916367,7534.81960149204,7687.8256469324315,7787.360453502407,7875.6756477889,8116.1538048105795,8165.4538063667205,8269.29491811532,8337.01717869041,8526.008828433047,8569.24675049366,8671.711558962721,8799.82254660611,8980.761120960022,9025.975958028823,9120.399149540894,9391.537887792694,9426.09184220599,9590.018385919893,9657.894545668369,9760.84956008773,9879.88326182924,9972.54444626176,9985.946370920039,10159.30468964819,10324.271944968872,10427.324007774587,10428.831974453618,10552.58643301563,10712.887401628788,10797.215848925753,10884.665997850647,10986.23545025957,11110.92724656597,11200.790738852911,11284.570299550387,11441.573945457818,11473.543130772206,11556.975463116058,11567.563520442087,11803.99878061966,12244.31765724923,12228.227291045807,12328.700266851958,12535.747564054223,12616.104050199368,12707.861606587412,12757.749794578069,12784.682564464367,13023.910186927546,12880.548961671877,13044.52424999593,13185.080182834858,13259.131561257682,13320.6940981084,13435.994058907796,13536.876004361078,13591.289255555841,13667.062738211578,13699.70457601914,13770.487955583807,13926.659787757775,14010.728932047707,13956.612868767925,14173.229804215965,14221.371743756483,14304.164795587594,14401.975537275794,14526.68484448736,14561.467286710638,14661.804285882401,14779.34123307994,14764.956041771036,14864.55761063335,14937.559759675029,15105.740516173973,15089.032104177793,15195.90201610091,15268.853716609416,15255.001884870566,15425.903945275772,15344.45007012727,15560.871827696363,15648.175677727639,15664.994535760887,15785.270868956582,15816.205366299593,15934.768223666619,16014.4063713245,16112.443767061935,16091.173939391525,16135.00061712991,16307.553350563454,16368.758051117356,16351.315478625851,16447.272200490283,16550.110790062692,16632.938592266946,16716.45256025608,16741.3848424102,16847.523943517732,16902.835330781243,17020.25100880061,17068.30131383859,17179.701893621455,17163.984001342906,17276.986595699236,17325.77860432461,17412.899916099803,17456.376423811245,17563.462985958595,17555.40180565481,17644.542422367416,17733.75744794345,17760.292389804967,17899.67554781566,17988.30044878025,18034.73355828562,18066.516800655365,18100.07507157989,18215.173958976444,18305.366991076386,18290.858263253594,18447.16854169883,18538.978455957073,18601.958094700087,18563.75847140766,18590.04735424592,18723.92494426105,18802.37016151577,18837.966302531102,18940.61914712686,18994.300354376417,19046.379708617565,19081.40533778336,19169.52816058961,19299.26607632798,19264.868067261803,19411.541462593083,19430.118312186893,19478.21779760576,19537.133487899442,19599.21004291589,19713.051240160054,19767.425106143255,19822.67994966323,19921.417024055972,19928.799444994354,19949.530295593675,20062.02809115273,20168.60920664034,20166.390573182292,20274.060642675948,20348.18459598494,20377.5166474165,20479.17601012039,20517.71579539356,20605.46854549412,20669.368509292814,20696.32493931802,20732.7612179484,20768.356744103545,20908.07604768868,20951.0441195637,20960.94930418253,21072.002603266897,21115.37504897446,21232.25700169864,21283.742254102002,21385.31424024441,21388.65207656396,21454.18152196658,21488.892284670976,21556.79279748681,21621.192896103497,21673.173797789757,21756.42002972704,21840.12281219241,21886.36006378181,21974.12926574946,22008.7405354387,22088.81915750802,22123.25836169932,22189.2833842522,22227.590724582158,22333.278616007003,22405.944099242337,22470.6265494602,22530.3205165256,22617.015083510483,22635.07694337602,22696.91851266276,22818.4301608761,22863.862563685998,22940.94422844514,22971.4717208452,23067.9880270908,23152.6876075258
1.5,964.795569575,1308.37200678,1641.9522177716099,1970.56334277263,2255.4528449051004,2485.4798575039404,2786.2656383467097,3056.85306607055,3275.6061344856003,3512.1667841544,3767.90436480725,3977.7618964544,4138.89122402035,4361.41788654948,4530.46900895891,4735.841016411875,4946.776323409555,5088.28095804601,5303.326243508314,5479.163158988899,5690.23190979682,5801.327060286368,5940.827936179676,6155.43821143877,6242.871626580618,6419.518567211419,6553.36699673118,6707.798360128597,6858.703497613482,7066.531388412095,7086.719936638858,7253.847164802815,7430.73156871439,7592.41320364474,7734.916352489945,7829.27223522721,7951.492250798566,8158.126374434807,8209.608166816999,8330.362692923625,8417.853750019536,8578.393562802103,8643.46894210315,8757.93040503999,8888.92612564748,9031.117676489019,9137.890354912315,9191.84160653068,9432.119817711828,9497.994715326984,9634.59471080105,9680.30770457662,9804.26754140086,9913.70954286445,10058.995066527219,10082.56810808799,10221.770587847564,10370.700019474487,10459.131039617814,10469.325021051452,10604.650696766348,10775.254039992744,10861.59052324979,10928.367633890059,11030.17658440657,11158.028893969376,11228.819009134893,11344.46824240267,11484.476757214059,11562.798658307554,11592.539364426122,11662.541878281245,11853.376194590994,12305.82817945269,12287.872408387646,12433.91780395731,12558.985724984588,12651.887637729553,12755.821900095027,12821.419757061194,12830.207985280742,13041.421970913208,12969.563521147555,13145.839094208497,13224.649793579605,13355.769512401905,13380.284998399264,13493.943307285253,13600.169176098756,13632.082496966497,13744.03216767476,13831.399314720838,13841.490251923191,13965.034399699365,14078.661240467847,14030.27898463574,14244.111873572698,14291.010893052971,14336.234279748722,14439.90701127612,14563.360806472878,14689.003708221728,14706.36666852835,14817.234367241257,14852.358744585417,14892.71858366929,14997.665043286637,15174.68325100072,15116.240696067014,15231.525615062921,15334.858966255233,15347.205275653998,15444.220221816267,15482.281644116401,15585.407425739053,15657.524100625018,15740.570290206926,15848.751663381101,15876.349901965223,16022.330093881177,16031.062858333307,16156.502768348755,16130.457552541391,16213.842742069186,16392.87708819575,16425.374384330815,16420.851290958657,16558.50863553419,16596.01687583709,16689.09514333288,16751.261174018564,16768.50343140383,16898.48180041264,16951.950451703502,17050.688205836035,17093.618913126822,17223.19667623323,17235.55883199438,17339.01045087137,17440.347095285008,17430.573213770047,17534.110246154334,17612.90869561651,17597.477987490747,17720.35450117528,17804.101039272846,17794.72133291047,17960.186694353943,18030.808596677572,18072.959480398185,18121.464309755633,18120.476819940573,18248.662149453958,18373.30729624402,18325.89912821063,18499.59412708584,18566.322746061323,18609.59386435772,18590.473758236887,18681.53538798037,18802.933457242605,18835.84964718582,18894.449928382208,18973.426175741442,19050.39974843459,19066.444332300813,19119.616337701045,19252.579091579355,19328.6378220794,19343.69682318189,19457.565056293857,19457.95835629909,19520.026215288184,19605.86131189714,19678.236977782723,19746.66964579995,19817.36192542257,19876.645946654065,19970.477915668667,19962.39898473879,20012.945648763267,20149.797016172455,20217.647939396793,20220.084080817574,20305.50335496723,20387.20809072664,20445.869714040204,20528.3404953346,20548.052253326376,20651.95713134745,20698.980327132056,20765.704281967817,20790.83868986896,20843.23544370028,20926.540707179298,21020.76850638252,21036.46837108259,21133.63228169776,21165.21662073355,21264.418621146895,21314.81279183106,21410.92764303695,21445.6810265377,21490.298564674988,21507.36489867332,21612.564530012318,21671.43069309256,21724.1861861918,21782.831026089145,21875.158812971735,21918.800421911434,21990.400936492813,22031.10260643545,22131.04184863829,22161.80267106185,22229.9160843904,22264.4029725745,22358.81330616804,22439.856976305327,22489.9004781746,22552.128158169668,22637.0069725135,22671.0613116339,22715.76392404034,22832.066301139697,22876.92367361626,22965.0078739292,23010.4263713143,23075.668439353303,23166.216991809797
2,968.7282157362,1326.9371023461,1667.0441836546001,1986.44954454,2296.6619749172,2522.3916594457996,2809.95241567048,3074.0235261002003,3296.95262125776,3537.679873988214,3794.10518504,4000.9491597829797,4187.35690986894,4394.50067713724,4574.2129560597195,4791.755519511899,4981.8012093261605,5117.495258309126,5333.92866527324,5513.09860530054,5721.75383522092,5852.537383296624,5969.324693045756,6205.34522258878,6309.837258458019,6468.21874489946,6620.034620108804,6742.894295520629,6901.17453819964,7108.1841052986,7171.080653665043,7288.170129433123,7474.59935796228,7606.86537501734,7745.351562382764,7883.742558485276,7986.5102421274605,8164.46950979086,8292.80686440517,8383.58121455392,8456.9747141323,8605.356512177144,8718.802990264681,8787.322643995378,8928.594904325453,9064.45658731666,9178.389083046559,9256.033592203341,9477.855345204041,9543.462804845807,9676.836032787665,9711.210218100055,9818.4284220701,9975.56016654628,10107.095412396971,10117.053436553806,10239.59618625774,10384.72002300892,10475.99513185808,10570.331008217181,10665.56179744286,10822.59800157396,10908.439172589395,10948.857777233705,11062.770188083161,11225.90551921896,11307.47608908714,11369.591661317741,11543.27740235459,11609.19110807188,11641.384182864216,11725.490298719635,11901.210928068725,12326.076750110926,12349.56929311522,12470.009756112866,12586.768487438756,12666.701565424171,12813.05988633581,12878.6226628818,12887.52518071876,13076.811825231376,13077.61098313252,13199.261803182604,13285.2102716624,13391.38001034209,13409.71237899858,13541.249124657235,13645.249822330954,13671.839536580901,13787.91883210508,13892.56458621871,13894.473374110796,13996.915903174084,14117.977092148018,14112.000406316887,14307.744132420536,14358.149672346099,14370.843005301951,14492.704770862105,14572.963225328684,14712.027989187445,14736.823954523876,14840.723161819495,14898.12310099439,14968.25629143527,15021.544760643124,15200.32958143878,15171.293109514701,15260.065939431512,15367.465377497847,15394.734564532639,15462.15899511647,15534.018999114274,15651.87932860372,15688.951698958619,15768.526446391297,15869.21948666052,15963.898310299284,16032.04564320865,16072.39506596261,16168.04840498232,16163.614335474504,16263.23066210977,16412.18267314731,16485.215921527084,16469.97449099964,16586.20953565737,16640.80519772286,16756.57238662624,16808.610647812682,16836.972381451917,16917.161043538534,17012.70274735514,17078.443662107944,17143.15540985452,17246.300669179767,17266.2153225084,17399.20225835382,17486.711126523514,17471.16066468966,17582.450852916318,17629.3406714091,17661.263543206278,17758.16974364057,17833.54893188324,17901.914835927386,18002.11044760316,18071.934855226336,18112.8342136639,18166.460742137682,18152.74092422276,18296.945479566715,18392.44045310543,18363.38766995244,18532.34119590796,18601.85174810922,18641.01243105644,18635.13719538979,18727.841382420673,18830.635716249242,18899.78697419039,18914.99642633469,18998.83110331838,19067.915121463942,19108.86834570862,19169.887826181926,19278.692557457125,19375.081652355268,19413.567993296456,19481.18267848636,19500.81102367655,19590.47245986148,19627.894496777222,19710.700397014,19779.98590718752,19838.89396596784,19902.34937069539,19992.21084861724,20008.49682673586,20069.80140553668,20164.38622894012,20252.12199591373,20256.46247818986,20331.67026208839,20409.461549983098,20481.705984225402,20544.9470935385,20573.192453515814,20685.41017014442,20717.89031549195,20791.0246038962,20834.20931432992,20864.565935974708,20959.184952592637,21058.00662845343,21065.65958990292,21151.1456785086,21189.86175711084,21294.47022226911,21338.5039202538,21428.2886117972,21487.5055854632,21499.89738454232,21546.2199452352,21652.5436790824,21684.81544662474,21756.132072162778,21803.750630591898,21886.819782849518,21943.543873387,22016.40915620803,22058.86977120812,22147.141787050998,22181.9280804224,22237.1761252798,22284.260477144282,22387.9010194906,22453.897610519598,22510.2265004198,22568.29404177264,22650.7383005584,22694.75261436772,22722.64147527252,22856.3104063466,22898.812882461,22976.3297013958,23040.6542698858,23093.5378140266,23183.6999282138
2.5,979.1451576000001,1334.1623215500001,1683.5693426999999,2022.3758919685001,2316.3870535825,2559.18485800575,2827.9442922975,3093.1453943512,3337.161609972,3565.1665626897247,3811.3909147656923,4030.347313571375,4216.831335192501,4414.913449245375,4612.952060867193,4821.31476062275,5023.338779967417,5165.308934254926,5359.78387148005,5528.130894777142,5737.2315628796,5881.589339001345,6002.002131541601,6236.632529670607,6333.894919780792,6492.646521660275,6652.221119067825,6792.479598713226,6936.713509102326,7127.335143733975,7200.9100691939,7333.3538006117005,7510.4199769014,7618.225955922825,7784.6752626998,7909.14098121605,8018.522619284562,8194.4972811024,8307.1458202539,8410.7041914957,8497.823062184294,8616.920499644426,8722.00904366348,8822.631212647579,8982.80276893978,9112.358742911276,9196.783257975618,9276.862893418318,9502.4573437626,9580.39385001705,9691.524054883133,9743.459351384125,9853.76603232708,10024.901761147126,10137.433613728725,10154.8840069608,10294.231240210282,10424.752395799975,10501.157826457342,10602.20500851618,10718.321171413,10852.832474127024,10936.914918028855,10964.68460122795,11079.636374847243,11250.048218392749,11330.6954056521,11394.33933607557,11564.100926007426,11660.0926460148,11694.415197526076,11788.224680987576,11932.02954556455,12353.196759319826,12387.311925212549,12502.498588477674,12626.82117512107,12693.603844791862,12840.297379161433,12900.967298034175,12921.957154782049,13088.604935027852,13104.086229967344,13231.799583113176,13333.942702381633,13407.729650649375,13481.1565044772,13589.875355979688,13664.489829639611,13731.485353290687,13821.616475048288,13910.690046243612,13922.591654688276,14042.388835008926,14163.196422148012,14173.502505935088,14347.061787983275,14401.461428231096,14441.999120313976,14502.405626528549,14604.350862872,14754.942626457767,14755.80101286377,14887.311487956225,14924.355249127979,14990.7644282165,15068.658590300889,15231.213979951433,15206.010000368124,15284.078812434762,15383.54703571633,15421.1625541625,15494.815569382099,15582.796304690224,15668.30469304545,15708.94249453545,15788.143905688095,15912.68655641592,16002.03930046657,16046.348391950625,16096.71895071058,16197.68215703635,16201.725558286731,16338.795987427013,16435.916091375777,16509.385216420673,16487.107274137976,16629.497532837915,16660.69970663959,16795.4008161766,16841.630441677185,16870.476620091747,16947.36729926099,17057.617933412228,17118.658281872427,17179.706421898823,17270.7567972502,17308.324918701932,17421.52365401461,17507.485581684312,17519.969904982063,17612.2162486397,17663.75866842705,17696.538981619207,17819.164394789754,17879.896311691315,17925.483743425128,18024.48003151685,18089.737081195977,18138.64623834979,18200.570039557595,18183.11607424851,18315.1737905859,18405.6908645342,18397.30192384361,18561.226698350474,18611.484771361756,18697.795574930606,18682.528579586924,18738.77806806902,18852.83449974307,18914.379159228785,18938.5185655528,19054.45581235162,19092.998758954174,19143.35022002175,19177.586686488976,19296.93774421855,19410.481382582402,19431.79689936077,19525.532369505912,19528.94913640855,19606.12576419765,19659.852615544398,19726.403109515853,19821.391615036915,19868.23401383279,19946.415732533147,20025.132347090777,20043.662572662826,20092.163426452455,20175.98198456281,20269.78760526151,20282.4600256688,20355.944255399754,20422.92782036775,20509.398297470903,20563.37211578925,20589.636558776525,20708.769173722747,20765.842785603,20815.064987407823,20856.75429046105,20936.164088705285,20988.900085413614,21063.8204519889,21092.867285058644,21165.4639952035,21211.430626251637,21321.95171102215,21350.600585438875,21439.840087975,21493.794150534188,21519.562591117276,21574.0853457883,21672.0695296658,21707.852415112302,21773.92240940266,21823.2891441672,21913.966790533625,21958.28219421925,22034.5155354468,22087.362854784413,22170.15746580645,22212.4297092999,22254.6435127198,22304.353198340803,22401.6373774788,22486.03922561655,22536.216445043774,22577.713008111303,22662.57210386805,22721.689013436688,22745.31207920405,22863.4543768448,22908.706590383048,22992.097311834303,23050.9697906498,23102.3975157979,23191.882018122298
5,1034.27963609725,1378.770641229,1744.6234149494999,2086.818511,2366.87270112165,2617.5442447074997,2896.6399759353,3158.202380979,3458.5170245662503,3682.8366085664998,3891.4197601115,4115.473027007451,4344.404334837584,4523.0568765612,4694.4553297925,4925.68915719395,5124.236214445965,5279.6706819066,5465.739917606,5648.52916379436,5805.04936309136,5996.3294357358,6157.4233350338,6310.5834309832,6452.4285056665,6637.61346833161,6725.349726760151,6936.972439298975,7045.5967240103,7233.88286034775,7346.8674454499005,7464.89583375545,7617.85947175795,7729.958527380025,7909.35749478605,8030.0358965216,8140.73571087585,8301.83456411251,8400.484469471501,8511.156267943685,8622.2423239321,8771.484280794199,8845.51867841095,8943.73786423124,9115.53079179805,9211.42530249865,9335.9885534096,9420.05855404865,9607.576815325736,9686.749474241951,9765.905713409935,9851.299798126085,9977.198930452701,10158.70623916674,10234.910812938386,10298.485712509584,10424.481814299916,10559.936078411949,10628.53145069506,10751.095371862575,10833.04348686185,10984.510537450114,11039.736208921551,11061.81663605904,11257.925905021235,11359.493018956775,11448.510941650125,11543.898147735325,11649.90042245035,11754.70917264695,11839.68629855604,11882.129082510539,12040.37003576185,12456.853345280351,12534.326762460101,12602.87889362694,12725.493956345186,12788.00877644275,12937.397053821189,13009.420233276835,13046.776633908199,13185.280175454385,13248.476752638626,13356.64451521421,13441.094236235316,13501.2519230356,13628.816815078011,13687.272350067726,13765.19172772299,13865.137348939335,13927.834907427836,14011.15784636825,14031.520525961027,14171.24310334255,14292.26434799495,14272.77489805516,14437.396519791524,14519.116627550566,14572.581044886925,14626.09808484014,14714.011839764666,14864.50542838765,14877.7761872688,15017.88660992831,15029.21273698136,15119.50021420949,15149.62607452155,15308.265528939826,15321.6591611661,15392.290513944541,15497.6849964071,15561.157509814335,15623.3049013652,15701.873736456875,15814.15798713034,15846.463381532374,15917.28384578896,16006.737805380739,16085.1698763205,16174.66775039481,16231.024198290865,16304.239309137949,16343.209011291925,16468.366509290776,16537.49258653884,16598.550764140324,16648.60340074645,16702.063844443077,16782.537249386063,16915.55623081485,16978.835526453076,16991.68455711146,17064.8742640614,17158.025448299337,17242.1897396875,17296.84881087255,17384.37239930685,17429.210887891073,17543.852554974575,17574.503116651602,17676.041402389816,17719.898358830047,17778.74527257055,17805.97475650295,17917.092938229,17984.275414064574,18009.29795494415,18119.897618882926,18171.104772138002,18237.226715575598,18314.29673694985,18335.52879971594,18411.0713296447,18508.18871048191,18553.529964218025,18644.041310495624,18703.148107399,18797.694113935286,18819.892245859097,18937.644621037125,18949.5506113636,19044.770600355874,19065.80234005949,19132.0944791117,19229.209384742047,19248.16259893865,19316.4229146617,19379.7259510176,19492.669308163848,19522.99361723015,19616.026672081574,19601.43271566985,19709.514676028302,19748.98243556885,19813.291593520426,19900.878319128,19975.241490423577,20022.7207617049,20120.938040602625,20133.639720914252,20203.267708139552,20258.0639744843,20343.9565978231,20404.45640149105,20453.50579281825,20517.26104028685,20594.94907860785,20657.3318343987,20685.444347788824,20773.4689443464,20853.0830695118,20872.4828898913,20944.7197306774,21017.305381723625,21066.167016178373,21135.8154905373,21176.300709453724,21243.1716761143,21288.6361700926,21393.2169338205,21444.4349464667,21503.739873618597,21572.343384117798,21615.4112540663,21628.5955172153,21739.34400657435,21782.816311027702,21844.7012783285,21916.283222506798,21973.679387798802,22020.162216849298,22109.2656629189,22141.7127897018,22222.8185766268,22293.2919055278,22318.236893359797,22381.09983926975,22454.6866508028,22534.1628528728,22596.2099175266,22639.7789136573,22704.9497150813,22769.402089553198,22813.5591302717,22906.4483400448,22947.6304828393,23031.4558350948,23081.9372793198,23146.0282054698,23236.0588850278
10,1089.7362212974301,1457.9307795999998,1817.0395133458999,2159.056787904,2449.1435388,2716.0541390179997,2994.930443276,3248.1204678976,3543.04808403577,3803.6921686493,4009.9133225351,4223.1167755274,4445.325457712101,4641.9212562375,4815.409336336,5066.6703405805,5264.931756608999,5407.5069286373,5597.3011873573005,5769.2471450286,5921.6536877011995,6098.1651697984,6282.62948114243,6443.8794598996,6595.2002096804,6729.250415348,6860.84046762102,7073.5085613273695,7166.6630738390695,7346.03648112833,7457.3071984353,7604.3593679549995,7744.62359213923,7868.9460478395995,8021.044275880399,8137.25223818308,8277.5149427781,8409.83572174168,8511.09433771347,8648.7131327116,8756.31923882523,8909.3082355629,8979.979305239001,9088.3146721952,9257.6328548173,9336.286620753299,9468.9577420557,9575.8411424296,9730.485639643699,9805.173357090101,9903.9235238468,10014.8550239052,10143.04595606092,10283.10478133257,10354.68078404582,10444.36347922442,10551.974341527819,10678.05853022433,10772.89291164717,10883.68799000525,10985.55915067677,11104.422978956849,11168.8826242186,11225.97596376118,11381.93461907417,11468.2862153962,11583.4939078613,11677.882336026722,11805.108968214021,11886.42733275477,11974.239096332401,12056.81410754198,12147.32142601548,12608.5275186277,12682.400548082,12784.700952250001,12854.6736447762,12945.2105314477,13058.557655094899,13137.5736417354,13204.76307389478,13317.65334786517,13384.46338548023,13474.71423677738,13580.5507740766,13649.5412255279,13756.33328463913,13816.72324824548,13891.05969183447,13999.310240665502,14055.73316149695,14159.208046614429,14161.8077464607,14325.28835557795,14399.0832368995,14427.83722579562,14566.32186100015,14632.61554666042,14678.13464736858,14778.8594111705,14859.7684441653,14963.720350655,15004.356374692821,15151.21554048,15177.388916047601,15268.05385870005,15320.7309553829,15418.34203566383,15476.6630824194,15532.945240805799,15649.65014279955,15719.0977024657,15804.516520563,15863.3514470559,15936.618026937149,16007.99638806035,16071.8079803876,16136.399594406199,16210.519794907499,16297.8668292162,16386.2779929816,16449.74261027765,16501.43940386397,16612.479988851,16638.5227651984,16712.7326703363,16785.435063538698,16829.3340003568,16938.97003829423,17004.125283616122,17102.03855559025,17124.1616083491,17208.13257459455,17286.4075748919,17366.328665721172,17401.66902536725,17504.178276468083,17550.20092007635,17655.023688386,17697.3827890857,17790.491924327398,17824.6254927589,17914.38233920573,17942.0800177642,18056.77885533565,18111.391481074752,18143.00891802675,18244.275762766818,18276.932863927403,18375.187456939202,18420.8904516113,18452.4318440293,18541.7670883506,18609.77271576655,18685.82074086265,18740.70487756875,18832.03798195325,18897.68082365362,18937.1976574076,19054.8424617579,19054.76866347015,19138.1821071674,19183.898210400148,19264.76956257985,19344.41557300535,19367.33429437855,19455.5742708012,19509.04129357745,19600.4860195793,19649.637685951147,19705.488749511398,19738.2537968345,19809.9567824097,19869.5329630187,19926.9790557804,20001.90230525122,20084.259081457498,20141.0558463954,20201.988007634398,20239.9311272938,20321.548380578948,20367.87229484315,20465.961936341748,20505.947620170748,20542.8727398763,20616.0768663137,20697.9422709649,20749.5935947674,20803.4774732417,20873.218820095197,20938.3992634948,20973.68415424195,21048.7734743988,21094.86065625875,21155.7799220608,21226.6504094372,21273.392652184353,21334.443166338802,21375.0438769645,21484.6190849728,21534.05136158955,21604.71544871235,21650.73184704275,21692.71143123635,21732.737599004802,21811.81813286935,21867.3670464678,21927.7463608598,22002.12086392605,22053.8072926823,22099.7058985439,22183.610604856,22209.4918057052,22283.1955338182,22363.1098227458,22388.067606041903,22445.184556807402,22522.8561294758,22592.104262698802,22671.631988501802,22701.97524318575,22764.9704027468,22822.4845387348,22869.7487011458,22955.6915159488,23013.2088282328,23078.1108943198,23129.9365334288,23187.361498909802,23264.8923962198
25,1176.33487075,1566.950828422,1933.664682,2290.75694675,2594.6223408325,2875.211096875,3155.415365,3452.1114925225,3695.5548584425,3970.78547842725,4196.4422972265,4422.0048615549995,4620.01753725,4841.032543129075,5011.296601436075,5250.176410438326,5432.6921866775,5610.091983151749,5798.1577908032505,5968.971850416,6121.147584525575,6316.447742069749,6481.48173722275,6635.625315081001,6784.585958615599,6917.93979078875,7093.05221872625,7267.37675204545,7385.121585451725,7560.7404729039745,7681.642774965425,7810.848691091001,7938.506858681851,8092.70838655125,8220.28395834975,8360.990221254251,8511.1962930141,8609.740411689974,8748.996046439175,8846.198952753675,8976.97353643355,9142.15577275275,9229.978706491725,9333.94918678175,9506.409181137,9584.84019050575,9714.688904502,9812.1581292566,9938.018294706975,10050.806135462224,10162.48161695085,10243.8417009545,10371.04211857145,10483.9189478052,10605.777446207074,10670.31703344155,10798.561412193925,10898.676210697751,11016.948464766974,11106.007688929725,11226.29091751095,11329.427177448,11403.995210459001,11499.31557872435,11635.45656236475,11693.353129819,11809.000529628749,11895.802187589,12013.4764618108,12100.627048717,12202.539977353475,12300.169891381174,12367.8193158512,12843.545847011825,12911.1732848377,13042.250428563424,13108.033792963051,13203.8109650455,13273.095407188199,13388.3868244638,13458.002636430725,13575.609977601925,13648.6860470662,13725.0676873735,13804.509619213499,13882.1175485208,13966.15545239785,14050.78942807925,14139.899967357049,14218.163848280576,14288.153024328849,14378.5379483431,14407.6110843793,14559.200254097099,14619.493717123176,14675.410510108075,14793.0910023258,14844.201330541926,14940.426267724077,15010.877254941175,15106.62687284655,15156.16143174275,15240.91406299455,15357.272434601924,15372.884656933926,15501.177085086048,15544.3581008293,15640.5943921722,15713.217622570175,15743.25338685155,15863.923317933675,15928.39198409555,16001.1055857228,16078.613832363675,16148.043962333075,16218.367517261799,16287.17679836095,16362.956439005675,16429.467224112697,16516.53488877195,16595.523324072303,16670.244088586674,16712.757804834226,16822.7037905108,16880.18448238905,16951.05587490035,16995.926061824248,17071.50410666305,17175.2165700338,17212.60733633685,17320.93129986555,17378.45481963955,17414.2444435143,17507.861880875476,17577.279286876175,17640.0980891728,17704.127119001052,17775.69013643705,17840.534653749353,17924.11861114995,17993.775425474076,18029.717661544302,18096.4612196153,18155.790545577103,18227.0738000425,18303.42474746755,18335.90312109505,18453.252513819298,18497.698671556802,18569.791086443325,18618.553515215426,18677.09073039155,18740.2832282823,18807.1757303973,18891.2689516443,18930.2829959788,19011.893357446803,19085.497814246675,19110.832207682924,19215.4549350838,19254.212398461797,19331.179642632673,19384.384304351075,19447.039220374176,19524.70406934305,19575.724886966724,19646.468836399174,19707.15460564105,19782.8661005853,19827.198568859174,19881.0750278203,19935.143689675675,20008.742583362924,20060.4261939633,20112.313573026426,20177.5554258633,20240.6395963423,20324.71969349305,20365.676454291053,20412.6662351198,20519.10953062305,20548.895546753174,20614.881492245924,20671.455453645678,20706.18949555655,20773.2570141443,20838.1083599438,20903.057716132174,20972.0020498308,21023.262406306174,21088.17069156745,21137.030529817424,21207.161621441424,21234.278657473176,21323.1744350473,21375.34470229455,21424.899986768676,21498.609705240175,21528.094841715974,21608.987426686177,21670.42026415855,21749.5388572748,21770.699226719924,21842.123434403053,21885.3892120593,21949.4986079958,21987.1674478168,22055.1316774998,22131.2831271598,22174.7078530143,22231.379000184803,22304.9550382423,22339.585080061675,22417.138112216548,22469.9640719448,22498.0837614658,22563.011306803302,22634.0674397568,22691.3936152663,22763.142990405802,22812.7614965448,22854.2945437198,22914.205338934553,22971.52154610405,23030.3942169248,23093.6980173073,23152.498702239798,23200.4573037823,23256.1054066773,23325.1870780673
75,1362.2311772500002,1834.9902135552502,2216.4359065099998,2603.1870693395,2941.408616686,3250.4667732030002,3559.4390223325,3815.17162101975,4069.2071324837502,4363.3101682025,4559.244995827499,4814.868522931725,5035.01672908875,5250.517699548475,5442.01870149125,5657.16209040775,5857.71746762425,6045.99768871525,6237.4194701735,6410.3904247586,6603.526741722,6774.7062474071,6926.500271892501,7100.03726377925,7231.5635188722,7414.528320849,7564.212704645,7716.8522903472,7853.0864856884755,8009.12745612275,8148.787170067075,8283.588820978575,8434.5260642592,8560.333462163924,8681.628586887451,8860.704888835726,8966.281263475725,9103.910369471425,9273.1131694177,9366.814394027424,9481.789510268976,9632.276072409499,9772.602924222574,9837.8603834491,9981.215891347001,10118.293211984326,10206.786729159225,10317.13922511995,10436.23720531485,10521.002780967101,10661.999630407825,10739.1516349275,10874.073376752749,10992.9575932581,11108.920421128225,11191.011334286499,11313.544345284976,11408.772867518575,11510.9005055205,11627.531166288449,11750.15198288385,11842.396714783476,11961.120279975576,11999.83620223875,12126.569743601824,12237.546185881849,12323.853399161675,12430.91792699955,12514.389863488173,12613.90685848125,12714.148991415475,12801.2896728331,12882.78284059505,13354.335351697999,13443.613831350975,13537.02732074185,13604.179862874824,13707.124219071498,13805.608201853676,13853.6285612315,13978.815524945174,14064.123138294,14156.275253352675,14251.089793247975,14297.0414887482,14392.2514002167,14472.7098385795,14576.524617768175,14644.264327327299,14702.1805191808,14817.290282479826,14893.724816642174,14956.39543441575,15031.515520107076,15157.505493905424,15179.030829587951,15279.586862153476,15392.63788870845,15420.74080462535,15522.7556632215,15599.6592244095,15665.8828078348,15756.042764865575,15812.7514804358,15915.888964914051,15980.744796025925,16030.99232091195,16132.875885791924,16207.740918683425,16252.19785867735,16342.719516567726,16442.50120651985,16491.4178982138,16568.203183273603,16645.345824852226,16720.33320481535,16780.783995520924,16843.883164125924,16949.45646612605,17005.508960180552,17075.1897334878,17148.3985640327,17211.5585868526,17298.3938159575,17330.0865586061,17398.12331344955,17463.083492776823,17562.303209373425,17633.9404056295,17681.789459550324,17782.629328797302,17834.1353560318,17863.49360079655,17968.560645407302,18022.998652982675,18093.45776379055,18163.647393954674,18222.557027314426,18304.66463346735,18362.60976698,18412.52529674795,18491.7803750458,18554.824463025478,18636.627095035925,18699.841043419678,18726.602172329476,18797.471960374427,18861.8765645278,18930.0999385138,18993.442131321848,19062.2392771768,19129.3597943118,19174.495062985927,19237.8779624848,19298.062276631175,19348.783549363052,19413.8228409077,19477.72476244135,19543.4435605143,19627.3079723516,19697.559326492803,19738.8054897003,19823.545794272603,19862.511838761424,19923.208172851926,19968.1341108993,20040.77314903105,20105.5375275497,20164.6568129833,20223.283099157677,20274.61175857555,20316.131106260298,20395.515607911177,20437.700220959574,20505.758488177547,20550.984645594173,20626.453324894675,20674.470427812303,20754.7795128863,20793.8922748003,20847.721137769928,20903.64775392205,20981.480040451977,21024.0618212333,21070.264186365926,21122.36132008955,21185.8540047233,21214.8895883888,21316.3819434168,21353.963567134426,21417.1125492208,21483.9362830803,21527.20801618285,21566.626127237672,21633.64940555405,21700.5031404513,21735.7782683713,21808.150831502047,21848.76832143655,21913.05192578155,21950.3283400433,22021.0653032228,22062.1428734748,22124.1729150818,22174.4759411353,22233.210538546547,22260.5228560088,22331.198040854797,22386.7507499058,22418.270131406425,22482.3414651328,22532.3089509858,22568.2801481188,22647.591396434298,22687.173232639798,22738.1587118708,22785.4351233323,22837.6992174373,22892.2215026423,22947.86952736805,22998.687834681798,23031.821518494802,23091.3707299948,23134.8012075023,23186.7071875653,23235.8818638698,23285.2239407148,23328.206019224803,23371.6411788698,23419.546004119802
90,1489.8423634170001,1951.5337619110999,2355.447645489,2729.673240689,3102.9000066199997,3384.4607736316,3714.4237077868,3967.6649004839,4214.98144175463,4545.58097671762,4732.691713253,5007.8370414908,5212.1345397977,5427.19631277088,5675.7646793899,5855.5139183769,6048.58918516047,6236.2454333867,6445.0549267228,6624.27822032375,6774.16556326023,6955.88873234,7114.4459362317,7316.64745725593,7419.41582228622,7634.4196104559005,7774.850258364299,7935.00355274543,8071.414178984281,8227.2834886332,8364.7981953882,8503.9220219137,8670.8852476881,8791.2769296155,8905.75745482665,9077.5159721248,9153.945105826,9321.012537721,9505.4316728035,9591.1467895533,9668.600329579001,9847.17236098187,9968.9903360593,10060.109491336802,10189.977267362901,10355.23148880303,10407.2130220626,10536.1937018767,10652.8653897797,10730.2597162456,10885.01103353455,10964.063953449,11105.27086821302,11202.081585703401,11317.51653133685,11422.36283788687,11541.7025142358,11675.0917093554,11750.9181605255,11855.61397764145,11962.41783846798,12074.877430533199,12184.77295666807,12206.95018754062,12330.959554871171,12463.007254335549,12587.637114900821,12607.8352094157,12713.41975317658,12867.251655702801,12918.1380208336,12985.7796956865,13099.62810573865,13597.28690230183,13639.8289801038,13773.05503654695,13822.631986103901,13919.2634161081,14037.1486902893,14091.999058120651,14227.3084503763,14270.728969451618,14374.24627944282,14432.7501825652,14515.72267627382,14612.4532838819,14659.6974477897,14780.5873270468,14848.46663592295,14933.313919292179,15025.23372364912,15101.570901191151,15171.52568795925,15267.29307497115,15363.52840093283,15391.83954922572,15482.490072649769,15587.40036110265,15679.56292815887,15765.5026960173,15833.162632847881,15900.7735281948,15949.5390570825,16059.777404590319,16149.4828748539,16198.5314704324,16230.02204418493,16354.784799481851,16433.441706231202,16471.54685106743,16565.77834823198,16636.89411380332,16727.0325985331,16776.51656800072,16884.50762392445,16915.0315360795,16998.858621677147,17070.194632220202,17137.84296691175,17213.16765363578,17298.69704906415,17336.20265373968,17422.628817571902,17511.369478076802,17547.30162643145,17629.932011814828,17669.2411728583,17768.34738660468,17850.5100466072,17896.7109648796,17970.7124007863,18018.3647501607,18121.3522448034,18185.7690618694,18237.25994893038,18295.1059012723,18353.3252152192,18434.74201511938,18490.5977612558,18558.99303653265,18608.64950576915,18695.79737155445,18783.33406495325,18813.2435009113,18907.05923143605,18932.28994093002,18989.482575776,19064.4856442431,19116.9289296686,19182.308525188102,19236.75540272132,19341.29155914328,19381.48129730677,19420.7120163654,19466.0016491372,19541.7636940913,19620.99276786122,19674.39870026775,19767.69817215875,19807.91557684945,19841.76412045035,19918.107695893,19989.76624346275,20033.5944248468,20130.621745920398,20143.198741618082,20213.169975984947,20296.10547859165,20325.97977214578,20388.8592813438,20421.4560008678,20494.17390156615,20548.597906551753,20608.59899810215,20653.350409156148,20709.498097922602,20786.81840058615,20840.1026159769,20916.5900981119,20938.93538021815,21005.4693454529,21061.9227360059,21132.7368375332,21160.858002834048,21237.5511495686,21272.1082636169,21336.0773675984,21368.2206898666,21450.191685778,21503.3102032831,21531.2802065462,21621.94651638515,21675.4956868926,21711.760648823,21757.369093814603,21838.208138923903,21861.9533636997,21934.3459907948,21980.4544840916,22035.989103833403,22087.1285140417,22133.4162780428,22188.1797481374,22232.5977451406,22290.500005735823,22332.9827856638,22380.6236403878,22439.569457467802,22493.7104835702,22524.32978043135,22585.1821845618,22648.651243739798,22671.039415602798,22736.68234185875,22777.4817551366,22818.6670982598,22872.7220627698,22911.8979158668,22963.078220367803,23015.585672417797,23063.9690831138,23109.8723759398,23148.624508268902,23198.1983198198,23242.7974839794,23290.5359922898,23329.6916455618,23368.0233063698,23410.1819293796,23447.0317999262
97.5,1580.13378169625,2066.4327612243424,2477.2037666597494,2866.1624832523253,3280.443348171,3523.7462595775,3880.4370556722497,4160.787374847499,4396.5800700644995,4729.3607275856,4900.96108646318,5213.457678852975,5432.714782900357,5622.2711132138675,5899.1732901236,6080.837400480595,6236.805030247425,6453.5157875951745,6638.8310907666,6838.91699566425,6986.679209523125,7176.505087519175,7334.330903259704,7558.28577927715,7682.987231733137,7889.0686741675545,8064.0396031998,8161.520001146475,8289.508084376519,8486.276729304875,8632.917948006749,8711.61684552315,8888.012800376076,9043.16609273052,9163.421259068851,9314.438425493576,9406.567153472395,9559.376292811325,9736.655445601793,9813.534315832394,9956.61351882355,10037.897020376895,10170.940548277007,10294.38561155993,10459.874149130841,10571.941185548923,10693.069841980625,10796.0272121077,10853.04275374065,10973.44226677225,11154.520955294223,11263.118671712371,11363.928946612543,11465.397252739474,11600.54156510788,11691.461287197668,11834.5449717387,11930.168048552256,11988.896695624255,12142.350030866455,12169.339788235708,12309.997254320859,12419.080299434874,12455.862987184575,12606.717542210976,12756.80012712697,12845.257247155841,12873.89346159987,12998.323917419062,13114.09065830398,13233.690096703463,13236.100573700001,13365.62381289335,13833.626689483574,13936.136778683574,13989.489201182001,14110.016489604124,14190.271953906982,14291.253673587213,14375.355022794944,14485.95861407735,14469.400933007606,14615.737187619025,14685.962198034376,14783.118051490208,14882.048728328546,14914.359503997026,15070.492308520901,15153.340615553925,15196.372191559245,15311.544311336706,15331.409675727813,15400.268474757793,15530.124647651588,15569.6440448205,15680.992630599476,15734.876313850074,15857.786324399782,15909.557159850425,16026.347616116574,16080.798721221796,16152.979550944945,16229.6089873073,16259.103444825088,16370.93307093127,16409.947359583726,16484.86749750108,16600.08935361217,16665.30683994807,16721.044015304156,16785.594302593607,16862.567251165852,16982.131077662234,17018.505386362587,17132.10479298572,17163.77170514164,17268.470846407843,17334.128656279576,17378.11350728303,17413.783191859024,17515.34346893545,17607.954640727297,17646.526708835376,17704.337244635055,17808.47234028627,17877.452958024925,17908.66965627075,18016.51752241311,18084.77749878195,18101.174218785836,18238.532038597652,18259.850509017968,18328.584542308297,18399.917957434325,18456.97334616055,18534.871491003974,18599.001263459337,18652.600601751976,18699.117377350587,18753.762155977925,18865.763134368888,18891.247877324087,18973.030318033623,19036.486476112997,19091.541521476087,19124.057101952072,19174.26573280665,19264.831513515794,19337.165296577725,19440.910935449174,19429.86613287955,19510.752236408396,19604.77577917069,19640.93813086965,19652.336619491936,19767.467951887513,19866.172454344003,19834.945931576836,19999.772653447228,19964.397039061165,20030.062626485338,20105.345795154462,20196.283490554677,20237.6681904257,20312.316548738312,20339.105028185088,20380.586595793502,20444.2336610974,20507.444681147164,20577.3697398993,20605.24047147065,20672.118508624324,20678.49618815322,20781.82266514335,20837.417987777,20869.56067213015,20976.435014691913,21021.98947296485,21081.38443575203,21104.84332935804,21165.523602396424,21234.562658701903,21293.476025241995,21321.399944093173,21404.67367427785,21421.14678812725,21490.6042112576,21534.529232095298,21592.233644065087,21650.253683602685,21676.962075459174,21741.540162683552,21808.710703684497,21859.012825327525,21897.9291628272,21982.34515615499,22020.948574683687,22072.779400861902,22115.327414831914,22162.9508078848,22209.51065564945,22248.5745003003,22324.044605699324,22354.37059737705,22406.9071516295,22451.26738143115,22491.58523759066,22542.9777969246,22590.31190285841,22605.091115717754,22676.68075116905,22732.18504117449,22760.03185476635,22842.79642902855,22865.054292413548,22919.111856128773,22959.922845204,22986.0975477797,23035.840236008746,23086.11785684866,23126.152713067575,23183.107359437297,23214.8601571293,23251.03188042901,23300.7305673323,23333.3924359448,23370.5409788408,23403.7230379008,23440.5928959948,23472.5518757698
98,1588.46900684144,2081.6799400412,2498.8223412296798,2875.4640675697997,3314.82858932636,3550.83189719044,3907.7184126380002,4192.790911882599,4416.5740649592,4760.57416165656,4939.285463517241,5229.391678511173,5481.163872749934,5662.694810330336,5923.711534651214,6110.531599728679,6276.708193765447,6492.8124746066005,6665.94813117095,6858.561387880406,7005.2545854386,7189.1117179196,7366.975622780946,7578.78333042948,7724.6049314508655,7906.29197718234,8120.6801662356,8194.330047690706,8313.03938293467,8515.056723302854,8661.233617101643,8741.2733884134,8924.249253780234,9058.30922940466,9206.612977585884,9342.162047761141,9429.548207382195,9615.02830750022,9754.687014914534,9825.299052908375,9990.826597572543,10071.067913226465,10187.618006585599,10317.95650867962,10496.072860507338,10595.744309066766,10723.135872560935,10823.74384929878,10882.09575043696,11005.781495840947,11199.93042008872,11283.54863919032,11398.236782091459,11494.76091128492,11636.369111992644,11736.282268638555,11870.031661007859,11977.343180981963,12027.316432136127,12152.815037237617,12182.911651558135,12339.215049637523,12446.965855458635,12479.715548198841,12638.653235529084,12793.563603069024,12885.73909154186,12909.302180285478,13021.95323937774,13139.947294334146,13275.542979779,13262.47073956215,13421.558167789079,13871.010912087326,13999.719806452655,14028.686982091096,14149.89841975396,14218.928895183464,14314.5360497299,14406.57630882156,14503.621533090523,14516.70539929551,14635.255203388626,14740.052595349964,14802.235217868743,14915.14195394626,14934.915110299396,15109.96200443152,15181.585700302363,15237.53200646155,15344.666062155315,15350.456102875454,15435.538932000069,15546.112685987877,15586.06954037782,15712.39203278614,15758.050440015084,15881.858736088689,15930.21516675632,16069.48763588873,16111.421283309954,16208.54925254782,16258.944286866155,16283.673557300479,16406.648049630985,16419.692336851494,16523.29353467436,16649.414904802838,16685.374614286284,16755.660343971602,16811.30956604096,16885.712286309183,17023.583786915475,17055.627513444248,17151.531552943732,17238.69414935536,17325.34751440979,17360.604236797262,17386.032944053382,17429.0519765694,17545.78148426965,17626.789307992,17676.69584603389,17758.883306968208,17838.572956160137,17893.91827398838,17958.50553877424,18068.23172939049,18125.63085768844,18135.537946724322,18265.13133987294,18279.592896253107,18351.09120799858,18459.34568347012,18497.689823922097,18569.14114938911,18612.662088377674,18678.23712804582,18742.48795855288,18777.819867189053,18891.312527938342,18918.47700825159,19001.68916187694,19075.36110721766,19133.393349987906,19152.70720896179,19202.348485350303,19290.76892455232,19365.798256576356,19466.284205565895,19460.2271953928,19533.299588030037,19625.958318972414,19674.218577177908,19684.18163940003,19807.08549638363,19882.20561495118,19881.38443329117,20015.76413465794,19996.07207240668,20059.146586491603,20149.120997028098,20221.05491836652,20278.5619782574,20344.67869646579,20370.848428474717,20410.2638423342,20459.410413971375,20529.2236072581,20602.9086013801,20625.30973723424,20702.11754628762,20712.95537705735,20799.15004037086,20859.568367653203,20906.29491944171,21002.20737639722,21072.41572298326,21111.553670240803,21122.70275604264,21189.377372072322,21257.43134951816,21322.993165500313,21347.44170268748,21438.87080400356,21432.59379167358,21520.069306373192,21569.13648763896,21618.538687303837,21662.58923419271,21684.5323297642,21763.1285327984,21833.94830762002,21871.41974344833,21941.17904886272,22004.685567513316,22027.5783136698,22081.93547177375,22125.23794189498,22187.82989734052,22226.832047514497,22266.58146871136,22343.50420646176,22373.22914767846,22417.38745774209,22460.9503642626,22508.416610019693,22551.562262217198,22616.16896404656,22620.053446039798,22710.51856870117,22744.5742544612,22773.3089432676,22852.171441119397,22889.03212505428,22926.48036659131,22962.5588191766,22997.1548710322,23040.937158695,23090.41165135112,23133.2814757228,23196.95450376758,23219.392406267598,23260.204142522798,23303.8346351494,23335.437884252162,23373.9346058582,23408.9204382578,23443.3232773798,23474.3410157398
98.5,1596.33457468,2093.8450009191,2525.09606472513,2908.6332281556697,3322.478544296,3569.9235800532997,3931.4925100315,4213.89072282883,4432.082229513805,4786.9768944658945,4950.70929283028,5248.857488054625,5515.841356430635,5688.295793823434,5935.435204229323,6167.327858090415,6304.134919862619,6514.8015811090245,6697.632972688558,6895.78309670119,7046.9615342641,7213.030649484165,7395.498043065235,7626.489195274335,7737.610994562961,7952.063237565575,8148.214436792057,8213.02408102046,8340.526738826502,8549.843665743829,8683.341692920969,8823.607578439734,8965.874319011013,9099.737306793084,9243.980266801684,9414.092647813799,9507.515637402981,9634.215662790564,9797.619903184896,9851.82809194932,10008.567206871749,10103.11959656656,10241.02633439175,10351.302027553693,10577.17205422831,10628.143316151345,10779.549327595942,10872.898273666551,10947.655280899415,11041.76614798071,11231.29236816996,11311.632575816715,11457.107259455905,11527.624526695872,11668.576325602857,11770.20447928683,11914.78735211634,12001.138594379807,12097.146696271357,12185.873946597501,12218.442918161541,12374.293648593297,12456.057999889485,12569.45422337293,12692.682606798737,12845.721149908804,12925.131651971526,12956.067345367459,13087.860452258627,13161.865172351654,13289.269080762859,13292.10346764243,13462.16081525145,13932.88504714428,14028.884747778562,14078.739776157925,14243.404758901168,14272.236786753907,14360.401856534276,14487.133598609844,14541.124341957284,14542.591868064163,14665.982987711754,14759.048558717746,14825.843326647462,14956.841877154937,14965.608519884758,15158.512298197682,15215.888999709834,15316.10206691971,15449.022026168395,15384.390916643799,15508.089454008415,15591.133898230502,15601.00899577477,15756.011845431485,15776.650197277775,15935.550316379698,15991.401895460616,16093.78063518954,16175.227021874518,16250.54870907114,16305.919566505008,16336.505952377809,16423.73408030259,16456.434955980953,16542.595107487647,16677.614580321355,16715.25303414872,16815.90319441194,16845.76243545433,16947.64006869334,17045.656518593667,17068.199830476497,17195.032300956125,17280.465555402487,17349.79137034076,17392.356225004387,17408.212771658793,17487.633566726003,17573.84540924674,17649.79683664993,17709.531231253502,17778.99903859626,17896.649725021456,17943.680113528084,17988.173987964386,18119.19515471914,18172.85100168302,18161.654309446913,18300.557952686457,18297.671737638604,18397.563758859178,18484.117087743572,18523.66739004634,18586.574132667167,18655.563725529246,18724.46572774598,18766.53203261015,18822.06496448985,18940.143239883175,18939.676690925808,19034.3037581472,19107.833368132106,19171.704609810105,19179.331035686875,19214.71893441041,19320.237233419575,19411.678141855376,19480.592991557987,19493.411815612493,19552.511848641247,19653.3386780128,19699.178012616456,19713.821411385754,19832.792982590934,19907.877053936416,19913.798085545404,20067.770725631817,20014.79862865002,20080.54561027081,20172.22455997707,20244.77670339841,20316.430901252446,20378.92852951365,20394.393175183726,20448.212344954543,20492.328035040082,20558.683326643397,20635.164342122618,20663.958370791435,20745.52692245904,20722.34816546736,20821.517387717762,20917.197169395855,20928.39525313837,21041.35428626381,21088.274578292963,21173.17478737371,21161.873245691404,21209.699140149667,21268.9187006975,21344.162557069183,21373.482861835444,21445.02847349446,21449.553413582027,21540.938831533316,21588.621833023404,21645.48506965052,21673.146461917866,21702.9175434465,21777.93448885646,21862.65887428666,21894.858524567953,21954.8900113779,22042.20671073634,22055.35374503193,22109.92397111487,22132.036843996222,22199.44142215178,22244.358631512558,22292.75725675766,22356.220776452,22387.66013045365,22436.761825804686,22506.8706116673,22514.52865215054,22558.5190094543,22621.93378252561,22628.057780913598,22725.91288396767,22753.87906016406,22784.63588536175,22862.143940890302,22901.518780406866,22933.49115899255,22979.162798576286,23013.932591024735,23060.292742190533,23102.51770501753,23148.178828801465,23207.614132711617,23230.5214909893,23280.27844892973,23315.1216375537,23341.251056436347,23379.8445602865,23414.10778554316,23448.1156931848,23475.9540542943
99,1610.9083746745,2102.3628461396,2535.4960882985,2970.01131692842,3357.9377351914,3668.7421343699298,3943.34383665868,4258.879948709399,4490.35657246401,4810.0577861374995,4984.99743409975,5323.71757262781,5560.55161575009,5793.505539883457,5966.15276523852,6199.67554754717,6343.9399444918,6538.63359784144,6747.505894176328,6926.3286905759405,7103.7288395141795,7254.7627749281,7459.485792117532,7705.001890674008,7797.205450561427,7987.083223053322,8185.557943719395,8247.315272195307,8374.375367679,8584.964946789441,8718.57369040532,8849.18111110421,9015.12542811506,9144.176560892181,9295.570890553588,9442.314125056671,9572.909924672373,9685.475048291331,9865.831828843551,9891.161619295628,10046.740517136699,10154.352560143001,10296.732483060861,10403.50507905013,10610.22929863268,10682.904382326513,10834.905300869494,10923.662754202025,10984.971978975145,11161.72336514046,11303.961982442408,11369.076604506206,11488.286608101604,11544.588236183763,11697.208615852653,11832.59753603494,11961.34600429634,12045.89784639617,12121.66030530417,12279.020666749046,12252.251938497147,12430.08573498872,12492.45237800378,12604.330852476407,12716.73885596031,12917.60294798704,12970.427403946618,12999.658949282402,13139.819472810934,13217.708945657198,13394.76067885597,13367.081532891261,13491.755957754507,13995.98970540297,14071.523387488312,14090.726341057318,14256.534299612938,14301.617843835096,14424.741137963407,14542.207785250572,14628.61078404011,14596.478471356631,14694.96868975649,14798.00788023364,14860.534595909698,14989.6526839712,15046.865160025729,15185.635302354394,15250.17852361614,15396.072902094993,15484.635874724434,15460.361409083587,15562.045251384774,15662.036763135055,15637.024156501475,15834.714464285014,15851.78437288826,15971.999946502761,16061.49607022533,16125.463518379587,16222.454111928062,16307.956375624215,16342.993950561506,16403.629784223347,16478.58318315023,16538.43338068225,16585.188280924256,16743.016156476322,16786.4210797335,16838.37596009767,16872.516168348124,16980.869291713363,17099.67004118357,17148.210978913696,17225.69700296651,17317.85415210362,17386.4477093543,17480.183241235118,17448.461451267773,17541.725244059282,17632.861212231208,17725.31985368286,17743.37678569504,17817.80138305609,17922.173563385604,18012.72363341757,18048.606586394937,18186.57902582303,18261.8756648963,18191.632959137853,18352.188857567427,18320.75203571786,18425.54095303961,18553.468293970145,18559.42294852981,18630.428660440535,18733.663991668825,18760.409181555384,18780.76562488433,18903.785714855163,19048.478445720186,19050.80302071204,19072.420529495637,19138.948631623894,19194.82233819306,19207.43688789935,19249.181957611505,19420.86386055567,19458.95965817236,19558.02690936426,19550.028657943338,19577.753841243517,19714.48057130889,19722.678384105006,19747.232630255105,19881.19844592033,19933.696627906273,19956.71319692957,20100.502038722356,20053.98064285319,20161.668317661748,20214.82892006161,20266.501086103235,20331.844209827465,20427.495229266442,20429.31760741311,20474.365961949996,20572.270153458565,20582.539676283883,20688.84234629236,20712.69076502624,20775.4372273548,20760.65452112801,20860.715758780727,20954.004012675687,20949.254554091072,21085.842342962755,21141.618026698045,21186.58527216829,21186.07021561751,21226.75531463434,21330.031096500614,21362.741172535327,21430.7901819242,21469.40304936524,21504.353283544675,21575.4248324752,21606.147440031156,21670.090803368395,21699.986299341504,21742.227743106243,21786.250948007095,21887.9997211937,21934.334872676,21987.398443675647,22056.520000987573,22071.411291025757,22147.95005804658,22178.43651469938,22234.027889873054,22273.94388923539,22324.748624462554,22384.05780501266,22407.93221116718,22450.872570527157,22529.74504485634,22530.647855631356,22575.5111018674,22645.158605612254,22645.8296789745,22739.173117158298,22781.917992024875,22802.701915375812,22878.34190986316,22912.75097567212,22953.37825335434,23000.1274987787,23030.738189271,23083.67846935156,23128.53469724,23158.466644560798,23212.5494659098,23239.627290408498,23284.699635301,23322.099188025197,23349.9960396098,23383.2004472021,23420.997217996402,23454.056175984602,23479.93450809742
99.5,1628.28220560975,2133.36686041795,2556.8121659649996,2990.71254619434,3385.5072553599653,3734.987457171885,3969.8325264035702,4343.11051538348,4585.452777918919,4835.254675376994,5034.398413885024,5378.864872895421,5642.641645384471,5923.374240351304,6020.315977898999,6286.9988605143,6373.28934252023,6641.016579723231,6782.327862478466,6957.622386307291,7216.926363723386,7311.11438038716,7537.629561017665,7734.898353464725,7853.16938578305,8077.654640813178,8281.473381254666,8280.865791892074,8423.034078940324,8673.225034992642,8794.352530994704,8874.91429357741,9068.35551634209,9219.878205154586,9359.77311561406,9549.42588825746,9640.101035609561,9768.105037400192,9917.89605494642,10020.733232090175,10091.238538568605,10241.08655168649,10346.989341134626,10521.643010565216,10703.617583137515,10768.668342412802,10893.57993216658,11026.598777748037,11029.95025844759,11239.163443028672,11401.315858554171,11474.01768792968,11552.7856459743,11606.09188577574,11768.99567730283,11924.258370709973,12108.816958888889,12183.695588693272,12273.14621812925,12405.33574104184,12270.950882507295,12514.360377083969,12613.452319202355,12670.502718191934,12787.594115122112,12977.27513688871,13075.336920554442,13116.821098581851,13350.971658397828,13303.091131825948,13485.629860078165,13407.417907840745,13574.645637690608,14096.05108915002,14120.591691110447,14147.930400398041,14428.3390726803,14393.427095331284,14506.08431090671,14630.975910084988,14748.628847887776,14650.03770318091,14817.933482060507,14864.726733701349,14932.177134783735,15041.761066300112,15146.939302757353,15270.584487631091,15338.426181417559,15459.380761017874,15536.875365871614,15553.805066799056,15644.667963006565,15799.198363626681,15684.129840336933,15921.529714868138,15911.717825313463,16049.451366713081,16115.021889417614,16263.486952340925,16321.034200919561,16352.644876823853,16452.601533071764,16472.589369120957,16593.917523000662,16590.300787741493,16656.032943336137,16760.26598833187,16825.811011113576,16896.282343596904,17007.436302823746,17047.248475749097,17228.80867648278,17208.292876196625,17309.63214769254,17426.401948279465,17510.95628499456,17584.640081594087,17487.336493474348,17646.13073255672,17643.548793788013,17787.796504868777,17799.21584921628,18009.591821258276,17997.126332264437,18118.34087833612,18154.229308426446,18270.649933097367,18349.232980102617,18249.04053434388,18413.553105954776,18411.30154519888,18545.28020663785,18623.246582520987,18600.370584666653,18711.804139737327,18845.23861946391,18837.949636538648,18821.063692933814,19020.645669443336,19114.375859652722,19104.94372286838,19134.03553285326,19183.196483188938,19278.47133614316,19281.726103481844,19307.982708654654,19489.08069639765,19554.098256693585,19589.766905659384,19587.377155630096,19631.755729276687,19780.6405650299,19783.96918302653,19869.55933070993,19957.536511741673,20038.00817409027,20016.78283570734,20166.67072362788,20182.607188374783,20225.11932045669,20257.869602890445,20286.436198720414,20422.58458798815,20480.072386642165,20478.180464651356,20563.711204591582,20643.5164611007,20649.218303893755,20725.48699842912,20803.66425116679,20796.52940288575,20782.86110555212,20940.658005553072,20992.704651430682,21070.161409982535,21191.977616908858,21193.32847750837,21248.32915973173,21256.866560569408,21273.589494106556,21367.679821210982,21442.610240270504,21489.289648581173,21533.603204960436,21546.24425330688,21614.09689193667,21640.698631926745,21708.54807673937,21845.5570554638,21792.32785694925,21818.942744451975,21934.1702404243,21972.942051700866,22017.70477699519,22068.06710929687,22131.91655090897,22173.94634368536,22213.48212097632,22295.995069186905,22312.84102942426,22354.95472778912,22440.56127607649,22432.975953437992,22501.231117634172,22546.49537047682,22554.12961232795,22604.12040384515,22677.94537688585,22659.60068769062,22765.8430155036,22819.480456614092,22828.840133673002,22887.153842740878,22934.8754671755,22990.67275928805,23016.81238448252,23059.7939625028,23109.8241768798,23142.698438970307,23186.159083891747,23229.7213402448,23249.16133681239,23296.629562875925,23331.8184407929,23355.3129152362,23393.58904989055,23427.1335709147,23455.9706097717,23485.3852635598
Median,1265.81987602,1690.1396,2069.26758453,2446.4130042135,2760.706857909,3057.2842272985,3365.31568353,3640.310969415,3884.220530536,4155.349998112,4387.4897565565,4623.22767114215,4835.1894332539,5053.93252148715,5240.423747313,5453.065213397,5649.4619550485,5812.241728444,6002.7545667445,6194.769966918,6351.9791378725,6538.0953503579,6705.2187252265,6858.576110706,7028.3227886885,7173.1970540733,7321.100604545,7499.6391935715,7628.782561517,7789.2792874155,7923.31928920215,8036.126988174,8196.3054184754,8326.9843340759,8442.1311492985,8613.363797250651,8745.913333830998,8854.4721844539,8992.520712354999,9110.1759928715,9242.141284965,9375.31173710415,9482.07719099415,9574.7475690475,9729.586969193,9835.863386465899,9957.868011307899,10043.2422140004,10175.086556646998,10281.21659878665,10423.421122718,10481.13669419165,10632.34585498215,10759.368408339,10840.40715382265,10928.74981469565,11050.94644287415,11142.599760773399,11266.8651362304,11374.716426729901,11482.563210341901,11566.135831404401,11667.6245796359,11751.9797974503,11877.3091344734,11968.8919832804,12064.506681292649,12160.053460967,12280.5554994745,12356.2592017259,12442.933054613499,12547.581083679,12635.8933174025,13114.8644424294,13184.910258434,13278.440676895501,13368.8710790469,13457.535525163,13550.69154492265,13611.952362369051,13715.4250488059,13817.8731723548,13898.707222645051,13976.4623294954,14059.9092360988,14136.145494379649,14227.217677347799,14295.7033683678,14380.9073456054,14461.2727128604,14552.10387291215,14647.53730090305,14702.165250266149,14788.8792792773,14889.655210137,14942.169370431151,15046.03430504155,15125.0404169989,15194.47589404855,15230.218364134798,15349.88158150305,15398.1737945549,15503.20398242065,15569.672016106051,15646.3294179563,15742.853964783051,15775.7165497728,15870.77101394905,15973.7337862993,15998.6538871234,16100.81030812215,16170.348094673402,16248.692184269301,16322.783913179901,16394.0865186283,16470.6619783809,16537.054867614897,16609.58474312655,16677.790333687648,16756.0332735618,16836.6423673538,16917.62554062255,16963.96405787365,17062.9818025914,17109.1646113783,17176.0167479958,17241.07725064355,17314.60224476505,17400.43406259505,17448.72830585955,17547.5653729124,17603.80910754855,17638.6954750853,17748.6008375979,17797.793942039898,17875.8258606308,17942.749514598298,18000.9395901758,18070.51889563565,18124.53960713165,18197.2232088769,18260.50814090755,18330.536958113298,18383.930909898547,18475.700439897802,18530.98546709755,18560.17834661855,18649.453935393052,18703.016271283297,18772.48753951605,18851.425800443547,18898.9382721508,18941.56229733305,19029.307913152552,19113.54637366905,19154.37558382605,19217.88104707105,19276.6889398859,19332.26966495705,19415.12892963455,19475.9442598058,19539.78535868405,19619.24884120305,19654.72996284705,19718.407734982553,19786.3823625493,19857.854409669802,19906.6203228713,19967.209902059898,20027.0083519294,20080.3165611394,20126.2521142788,20199.6547279703,20243.7240412598,20299.672098622803,20361.47886406455,20444.8844314088,20491.32526801405,20578.4017985158,20616.812661450298,20683.98079749155,20732.708176667802,20797.14050721815,20852.9269348868,20895.68472154255,20951.50351844855,21019.3579178313,21064.509168075798,21149.0109939563,21188.7979763248,21258.2900464048,21294.0739653888,21372.8411957533,21408.4174471168,21481.1590045923,21539.4333246313,21596.0131670148,21659.7328393493,21694.838542846548,21771.70248194255,21808.1023024288,21877.851504853803,21919.6653477578,22003.972606267802,22028.26688242205,22093.2954611093,22140.4080500928,22195.6947401918,22261.7245108978,22298.1239077248,22361.0051164948,22425.7393308588,22466.324970204798,22537.4973079698,22581.136229176802,22631.9752457218,22677.4819576518,22739.6649103398,22798.5770249193,22859.512970179552,22915.6366071198,22949.916680164803,23003.983288497802,23059.5523255098,23113.603159194798,23169.1948511518,23223.6942359198,23271.96827180755,23323.1961161198,23379.9717060198
Mean,1272.1212874006499,1695.6595347893447,2075.956533284888,2444.5118443741267,2770.566449246708,3056.9326061630827,3357.7259363807234,3627.8859695821793,3880.5659563144454,4160.939345376007,4377.546730535019,4619.454114548847,4830.50832946828,5044.033395045279,5235.6908777683,5452.493757432034,5648.93826474731,5822.244408348126,6011.176991115149,6192.772159448741,6356.5562346079405,6534.84260607958,6701.536141543304,6868.7936670394465,7012.995495800836,7171.719692207619,7325.17822069013,7497.493450616465,7622.546489109762,7787.2394085927735,7913.008960843173,8045.976123362282,8195.414723403564,8328.767771563926,8455.565204461482,8610.982917078676,8732.290032591329,8861.119282504875,9003.355781408634,9109.984868366928,9225.653950925493,9380.412589522239,9482.203613205233,9579.245807295501,9732.264784394658,9842.698036188662,9953.890069196228,10058.160485305054,10181.921361941553,10279.009780552626,10413.78759198286,10490.377817727021,10626.096624210648,10742.777611903608,10852.425635594413,10932.899369206183,11054.076789624727,11160.88242513189,11266.896073915143,11368.591876354556,11479.340420409535,11585.571262713533,11673.928512576907,11741.974609146222,11870.573849132828,11972.685174607735,12072.602475505471,12156.672298964084,12270.253114150562,12360.943780685471,12453.062806146547,12536.752388761135,12631.47442725641,13101.316189483978,13174.663638190568,13276.10713730194,13360.463736484326,13445.613921186845,13550.555357260684,13621.40525644923,13719.90054297898,13807.581777240357,13890.629859794566,13972.391426101407,14050.430039088858,14135.484860918174,14217.483043273736,14306.729982026618,14387.211365871586,14460.637571241976,14552.046134729306,14635.788849513352,14686.25764557975,14796.463705891838,14883.139643300834,14920.999215726488,15035.434107756695,15120.350217922107,15183.672696709838,15259.284568823323,15347.482778564796,15418.494492910311,15496.596403503785,15584.801017847407,15649.149706200562,15737.557393123425,15780.018687500942,15884.347085233228,15960.290285076037,16000.699165430642,16102.57378805587,16175.107858041321,16252.858745729105,16318.54048521671,16400.447096835444,16466.925283688168,16537.397942147996,16607.88783366246,16679.572381765778,16753.71138874635,16834.01157047435,16906.71435566619,16960.07165184441,17056.173727504134,17105.164031286055,17176.51077265663,17228.979747510548,17311.026952980388,17397.08733819271,17447.171588243633,17544.514623756095,17591.108395881518,17645.534583429206,17739.592700573503,17799.274424711184,17864.16850918355,17938.11911631731,17995.58177427941,18068.49089605153,18129.471155945776,18200.80123142298,18258.82295449358,18331.345815948083,18383.41200144016,18466.119821272136,18518.49172933667,18561.509461510486,18654.095416706026,18707.42432279378,18778.216000695862,18839.955280666865,18896.078997206947,18955.851763921208,19023.95745059976,19090.077587577176,19148.45116634782,19217.443345653628,19280.346419539317,19334.829387307083,19414.172950760672,19468.73574968642,19530.126343005784,19599.11381255973,19650.911326597186,19724.01123432523,19770.771759981668,19838.150402670093,19901.83482504641,19967.889992778055,20022.18217219792,20074.39901098588,20122.428106583677,20187.967796566558,20242.266472714717,20298.93311737894,20359.35390588651,20437.566891027884,20492.078148995082,20561.230760943035,20600.21270022984,20674.753114279072,20724.093388102217,20795.241892635935,20843.191330388716,20891.889360037236,20944.93215080831,21012.87956161314,21059.57376283554,21134.800396544284,21187.062645529586,21245.626825307023,21297.78361238572,21360.94033741107,21403.796575063825,21469.655245704947,21533.8224445371,21576.792555471064,21647.098905704148,21685.72062585412,21762.21916197064,21805.284691660796,21873.910472748317,21916.617350788852,21980.241320051224,22020.801805044066,22085.74603385137,22124.735736345272,22188.83124326953,22250.95661617784,22291.3318662356,22352.17643865589,22415.594950698145,22450.16685314269,22525.27436700457,22572.124198400124,22616.691208039545,22668.763506126794,22726.993007383317,22787.45447251525,22846.833746782093,22897.924710736355,22940.685011992435,22994.530562936743,23045.522846610853,23105.944617844052,23157.34557579015,23212.972140209426,23257.98093388954,23309.28069345198,23366.0762692469
