<?xml version="1.0"?>
<!--<!DOCTYPE metadata SYSTEM "http://www.esri.com/metadata/esriprof80.dtd">-->
<metadata xml:lang="en"><Esri><CreaDate>20140414</CreaDate><CreaTime>13122400</CreaTime><SyncOnce>FALSE</SyncOnce><DataProperties><lineage><Process Name="Change Privileges" ToolSource="C:\Program Files (x86)\ArcGIS\ArcToolbox\Toolboxes\Data Management Tools.tbx\ChangePrivileges" Date="20100719" Time="082531">ChangePrivileges "Database Connections\SBCISD01@sbc-pgisdb01.sde\SBCISD01.PARCEL_POLY_TPIMS" b1600 GRANT # "Database Connections\SBCISD01@sbc-pgisdb01.sde\SBCISD01.PARCEL_POLY_TPIMS"</Process><Process ToolSource="C:\Program Files\ArcGIS\ArcToolbox\Toolboxes\Conversion Tools.tbx\FeatureClassToFeatureClass" Date="20100719" Time="102352">FeatureClassToFeatureClass "Database Connections\b1600@isd-pgisdb01.sde\SBCISD01.PARCEL_POLY_tPIMS" C:\WorkSpace\Shapefiles pbmpoly.shp # "APN 'APN' true true false 9 Text 0 0 ,First,#,Database Connections\b1600@isd-pgisdb01.sde\SBCISD01.PARCEL_POLY_tPIMS,APN,-1,-1;NUMBER 'NUMBER' true true false 4 Long 0 10 ,First,#,Database Connections\b1600@isd-pgisdb01.sde\SBCISD01.PARCEL_POLY_tPIMS,SITUS_NBR,-1,-1;PREDIR 'PREDIR' true true false 1 Text 0 0 ,First,#,Database Connections\b1600@isd-pgisdb01.sde\SBCISD01.PARCEL_POLY_tPIMS,SITUS_PREDIR,-1,-1;STREETNAME 'STREETNAME' true true false 20 Text 0 0 ,First,#,Database Connections\b1600@isd-pgisdb01.sde\SBCISD01.PARCEL_POLY_tPIMS,SITUS_NAME,-1,-1;STREETTYPE 'STREETTYPE' true true false 4 Text 0 0 ,First,#,Database Connections\b1600@isd-pgisdb01.sde\SBCISD01.PARCEL_POLY_tPIMS,SITUS_TYPE,-1,-1;CITY 'CITY' true true false 20 Text 0 0 ,First,#,Database Connections\b1600@isd-pgisdb01.sde\SBCISD01.PARCEL_POLY_tPIMS,SITUS_CITY,-1,-1;STATE 'STATE' true true false 2 Text 0 0 ,First,#,Database Connections\b1600@isd-pgisdb01.sde\SBCISD01.PARCEL_POLY_tPIMS,SITUS_STATE,-1,-1;COMMAREA 'COMMAREA' true true false 3 Text 0 0 ,First,#,Database Connections\b1600@isd-pgisdb01.sde\SBCISD01.PARCEL_POLY_tPIMS,SITUS_AREA,-1,-1;ZIP 'ZIP' true true false 5 Text 0 0 ,First,#,Database Connections\b1600@isd-pgisdb01.sde\SBCISD01.PARCEL_POLY_tPIMS,SITUS_ZIP,-1,-1;TAX_STATUS 'TAX_STATUS' true true false 1 Text 0 0 ,First,#,Database Connections\b1600@isd-pgisdb01.sde\SBCISD01.PARCEL_POLY_tPIMS,TAX_STATUS,-1,-1;TRA 'TRA' true true false 7 Text 0 0 ,First,#,Database Connections\b1600@isd-pgisdb01.sde\SBCISD01.PARCEL_POLY_tPIMS,TRA,-1,-1;SHAPE_AREA 'SHAPE_AREA' false false true 0 Double 0 0 ,First,#,Database Connections\b1600@isd-pgisdb01.sde\SBCISD01.PARCEL_POLY_tPIMS,SHAPE.AREA,-1,-1;SHAPE_LEN 'SHAPE_LEN' false false true 0 Double 0 0 ,First,#,Database Connections\b1600@isd-pgisdb01.sde\SBCISD01.PARCEL_POLY_tPIMS,SHAPE.LEN,-1,-1" # C:\WorkSpace\Shapefiles\pbmpoly.shp</Process><Process ToolSource="C:\Program Files\ArcGIS\ArcToolbox\Toolboxes\Data Management Tools.tbx\Dissolve" Date="20110328" Time="233911">Dissolve Sweeney_Granite C:\MSHCP_WORK\NRS\Final_Shapefiles_KML\SweeneyGranite_Boundary.shp PREDIR # SINGLE_PART DISSOLVE_LINES</Process><Process ToolSource="c:\program files (x86)\arcgis\desktop10.1\ArcToolbox\Toolboxes\Data Management Tools.tbx\Project" Date="20140414" Time="131224">Project C:/Users/Kelly/Desktop/All\SweeneyGranite_Boundary.shp C:/Users/Kelly/Desktop/All\SweeneyGranite_Boundary_prj_.shp PROJCS['NAD_1983_California_Teale_Albers',GEOGCS['GCS_North_American_1983',DATUM['D_North_American_1983',SPHEROID['GRS_1980',6378137.0,298.257222101]],PRIMEM['Greenwich',0.0],UNIT['Degree',0.0174532925199433]],PROJECTION['Albers'],PARAMETER['False_Easting',0.0],PARAMETER['False_Northing',-4000000.0],PARAMETER['Central_Meridian',-120.0],PARAMETER['Standard_Parallel_1',34.0],PARAMETER['Standard_Parallel_2',40.5],PARAMETER['Latitude_Of_Origin',0.0],UNIT['Meter',1.0]] # PROJCS['NAD_1983_StatePlane_California_V_FIPS_0405_Feet',GEOGCS['GCS_North_American_1983',DATUM['D_North_American_1983',SPHEROID['GRS_1980',6378137.0,298.257222101]],PRIMEM['Greenwich',0.0],UNIT['Degree',0.0174532925199433]],PROJECTION['Lambert_Conformal_Conic'],PARAMETER['False_Easting',6561666.666666666],PARAMETER['False_Northing',1640416.666666667],PARAMETER['Central_Meridian',-118.0],PARAMETER['Standard_Parallel_1',34.03333333333333],PARAMETER['Standard_Parallel_2',35.46666666666667],PARAMETER['Latitude_Of_Origin',33.5],UNIT['Foot_US',0.3048006096012192]]</Process></lineage><itemProps><itemLocation><linkage Sync="TRUE">file://\\KELLY-PC\Users\Kelly\Desktop\UC Reserve System\Kevin Data\NRS_FINAL04_19_2013\KE_EDITS\KE_FINAL\SweeneyGranite_Boundary</linkage><protocol Sync="TRUE">Local Area Network</protocol></itemLocation></itemProps><copyHistory><copy source="C:\Users\Kelly\Desktop\UC Reserve System\Kevin Data\NRS_FINAL04_19_2013\KE_EDITS\KE_VERIFIED\SweeneyGranite_Boundary" dest="\\KELLY-PC\Users\Kelly\Desktop\UC Reserve System\Kevin Data\NRS_FINAL04_19_2013\KE_EDITS\KE_FINAL\SweeneyGranite_Boundary" date="20130429" time="11163500"></copy></copyHistory></DataProperties><SyncDate>20110328</SyncDate><SyncTime>23391100</SyncTime><ModDate>20110328</ModDate><ModTime>23391100</ModTime><ArcGISFormat>1.0</ArcGISFormat></Esri><idinfo><native Sync="TRUE">Microsoft Windows XP Version 5.1 (Build 2600) Service Pack 3; ESRI ArcCatalog 9.3.1.1850</native><descript><langdata Sync="TRUE">en</langdata><abstract>REQUIRED: A brief narrative summary of the data set.</abstract><purpose>REQUIRED: A summary of the intentions with which the data set was developed.</purpose></descript><citation><citeinfo><origin>REQUIRED: The name of an organization or individual that developed the data set.</origin><pubdate>REQUIRED: The date when the data set is published or otherwise made available for release.</pubdate><title Sync="TRUE">SweeneyGranite_Boundary</title><ftname Sync="TRUE">SweeneyGranite_Boundary</ftname><geoform Sync="TRUE">vector digital data</geoform><onlink Sync="TRUE">\\SKAGWAY\C$\MSHCP_WORK\NRS\Final_Shapefiles_KML\Shapefiles\SweeneyGranite_Boundary</onlink></citeinfo></citation><timeperd><current>REQUIRED: The basis on which the time period of content information is determined.</current><timeinfo><sngdate><caldate>REQUIRED: The year (and optionally month, or month and day) for which the data set corresponds to the ground.</caldate></sngdate></timeinfo></timeperd><status><progress>REQUIRED: The state of the data set.</progress><update>REQUIRED: The frequency with which changes and additions are made to the data set after the initial data set is completed.</update></status><spdom><bounding><westbc Sync="TRUE">-117.802787</westbc><eastbc Sync="TRUE">-114.060359</eastbc><northbc Sync="TRUE">35.831298</northbc><southbc Sync="TRUE">33.809870</southbc></bounding><lboundng><leftbc Sync="TRUE">6621534.083286</leftbc><rightbc Sync="TRUE">7730249.500283</rightbc><bottombc Sync="TRUE">1775558.000000</bottombc><topbc Sync="TRUE">2488963.750142</topbc></lboundng></spdom><keywords><theme><themekt>REQUIRED: Reference to a formally registered thesaurus or a similar authoritative source of theme keywords.</themekt><themekey>REQUIRED: Common-use word or phrase used to describe the subject of the data set.</themekey></theme></keywords><accconst>REQUIRED: Restrictions and legal prerequisites for accessing the data set.</accconst><useconst>REQUIRED: Restrictions and legal prerequisites for using the data set after access is granted.</useconst><natvform Sync="TRUE">Shapefile</natvform></idinfo><dataIdInfo><envirDesc Sync="TRUE">Microsoft Windows XP Version 5.1 (Build 2600) Service Pack 3; ESRI ArcCatalog 9.3.1.1850</envirDesc><dataLang><languageCode Sync="TRUE" value="en"></languageCode></dataLang><idCitation><resTitle Sync="TRUE">SweeneyGranite_Boundary</resTitle><presForm><PresFormCd Sync="TRUE" value="005"></PresFormCd></presForm></idCitation><spatRpType><SpatRepTypCd Sync="TRUE" value="001"></SpatRepTypCd></spatRpType><dataExt><geoEle><GeoBndBox esriExtentType="native"><westBL Sync="TRUE">6621534.083286</westBL><eastBL Sync="TRUE">7730249.500283</eastBL><northBL Sync="TRUE">2488963.750142</northBL><southBL Sync="TRUE">1775558</southBL><exTypeCode Sync="TRUE">1</exTypeCode></GeoBndBox></geoEle></dataExt><geoBox esriExtentType="decdegrees"><westBL Sync="TRUE">-117.802787</westBL><eastBL Sync="TRUE">-114.060359</eastBL><northBL Sync="TRUE">35.831298</northBL><southBL Sync="TRUE">33.80987</southBL><exTypeCode Sync="TRUE">1</exTypeCode></geoBox></dataIdInfo><metainfo><langmeta Sync="TRUE">en</langmeta><metstdn Sync="TRUE">FGDC Content Standards for Digital Geospatial Metadata</metstdn><metstdv Sync="TRUE">FGDC-STD-001-1998</metstdv><mettc Sync="TRUE">local time</mettc><metc><cntinfo><cntorgp><cntper>REQUIRED: The person responsible for the metadata information.</cntper><cntorg>REQUIRED: The organization responsible for the metadata information.</cntorg></cntorgp><cntaddr><addrtype>REQUIRED: The mailing and/or physical address for the organization or individual.</addrtype><city>REQUIRED: The city of the address.</city><state>REQUIRED: The state or province of the address.</state><postal>REQUIRED: The ZIP or other postal code of the address.</postal></cntaddr><cntvoice>REQUIRED: The telephone number by which individuals can speak to the organization or individual.</cntvoice></cntinfo></metc><metd Sync="TRUE">20110328</metd><metextns><onlink Sync="TRUE">http://www.esri.com/metadata/esriprof80.html</onlink><metprof Sync="TRUE">ESRI Metadata Profile</metprof></metextns></metainfo><mdLang><languageCode Sync="TRUE" value="en"></languageCode></mdLang><mdStanName Sync="TRUE">ISO 19115 Geographic Information - Metadata</mdStanName><mdStanVer Sync="TRUE">DIS_ESRI1.0</mdStanVer><mdChar><CharSetCd Sync="TRUE" value="004"></CharSetCd></mdChar><mdHrLv><ScopeCd Sync="TRUE" value="005"></ScopeCd></mdHrLv><mdHrLvName Sync="TRUE">dataset</mdHrLvName><distinfo><resdesc Sync="TRUE">Downloadable Data</resdesc><stdorder><digform><digtinfo><transize Sync="TRUE">0.000</transize><dssize Sync="TRUE">0.000</dssize></digtinfo></digform></stdorder></distinfo><distInfo><distributor><distorTran><onLineSrc><orDesc Sync="TRUE">002</orDesc><linkage Sync="TRUE">file://\\SKAGWAY\C$\MSHCP_WORK\NRS\Final_Shapefiles_KML\Shapefiles\SweeneyGranite_Boundary</linkage><protocol Sync="TRUE">Local Area Network</protocol></onLineSrc><transSize Sync="TRUE">0.000</transSize></distorTran><distorFormat><formatName Sync="TRUE">Shapefile</formatName></distorFormat></distributor></distInfo><spdoinfo><direct Sync="TRUE">Vector</direct><ptvctinf><esriterm Name="SweeneyGranite_Boundary"><efeatyp Sync="TRUE">Simple</efeatyp><efeageom Sync="TRUE">Polygon</efeageom><esritopo Sync="TRUE">FALSE</esritopo><efeacnt Sync="TRUE">0</efeacnt><spindex Sync="TRUE">FALSE</spindex><linrefer Sync="TRUE">FALSE</linrefer></esriterm><sdtsterm Name="SweeneyGranite_Boundary"><sdtstype Sync="TRUE">G-polygon</sdtstype><ptvctcnt Sync="TRUE">0</ptvctcnt></sdtsterm></ptvctinf></spdoinfo><spref><horizsys><cordsysn><geogcsn Sync="TRUE">GCS_North_American_1983</geogcsn><projcsn Sync="TRUE">NAD_1983_StatePlane_California_V_FIPS_0405_Feet</projcsn></cordsysn><planar><planci><plance Sync="TRUE">coordinate pair</plance><plandu Sync="TRUE">survey feet</plandu><coordrep><absres Sync="TRUE">0.000000</absres><ordres Sync="TRUE">0.000000</ordres></coordrep></planci><mapproj><mapprojn Sync="TRUE">Lambert Conformal Conic</mapprojn><lambertc><stdparll Sync="TRUE">34.033333</stdparll><stdparll Sync="TRUE">35.466667</stdparll><longcm Sync="TRUE">-118.000000</longcm><latprjo Sync="TRUE">33.500000</latprjo><feast Sync="TRUE">6561666.666667</feast><fnorth Sync="TRUE">1640416.666667</fnorth></lambertc></mapproj></planar><geodetic><horizdn Sync="TRUE">North American Datum of 1983</horizdn><ellips Sync="TRUE">Geodetic Reference System 80</ellips><semiaxis Sync="TRUE">6378137.000000</semiaxis><denflat Sync="TRUE">298.257222</denflat></geodetic></horizsys></spref><refSysInfo><RefSystem><refSysID><identCode Sync="TRUE">NAD_1983_StatePlane_California_V_FIPS_0405_Feet</identCode></refSysID></RefSystem></refSysInfo><spatRepInfo><VectSpatRep><topLvl><TopoLevCd Sync="TRUE" value="001"></TopoLevCd></topLvl><geometObjs Name="SweeneyGranite_Boundary"><geoObjTyp><GeoObjTypCd Sync="TRUE" value="001"></GeoObjTypCd></geoObjTyp><geoObjCnt Sync="TRUE">0</geoObjCnt></geometObjs></VectSpatRep></spatRepInfo><eainfo><detailed Name="SweeneyGranite_Boundary"><enttyp><enttypl Sync="TRUE">SweeneyGranite_Boundary</enttypl><enttypt Sync="TRUE">Feature Class</enttypt><enttypc Sync="TRUE">0</enttypc></enttyp><attr><attrlabl Sync="TRUE">FID</attrlabl><attalias Sync="TRUE">FID</attalias><attrtype Sync="TRUE">OID</attrtype><attwidth Sync="TRUE">4</attwidth><atprecis Sync="TRUE">0</atprecis><attscale Sync="TRUE">0</attscale><attrdef Sync="TRUE">Internal feature number.</attrdef><attrdefs Sync="TRUE">ESRI</attrdefs><attrdomv><udom Sync="TRUE">Sequential unique whole numbers that are automatically generated.</udom></attrdomv></attr><attr><attrlabl Sync="TRUE">Shape</attrlabl><attalias Sync="TRUE">Shape</attalias><attrtype Sync="TRUE">Geometry</attrtype><attwidth Sync="TRUE">0</attwidth><atprecis Sync="TRUE">0</atprecis><attscale Sync="TRUE">0</attscale><attrdef Sync="TRUE">Feature geometry.</attrdef><attrdefs Sync="TRUE">ESRI</attrdefs><attrdomv><udom Sync="TRUE">Coordinates defining the features.</udom></attrdomv></attr><attr><attrlabl Sync="TRUE">PREDIR</attrlabl><attalias Sync="TRUE">PREDIR</attalias><attrtype Sync="TRUE">String</attrtype><attwidth Sync="TRUE">1</attwidth></attr></detailed></eainfo><mdDateSt Sync="TRUE">20110328</mdDateSt><dataqual><lineage><procstep><procdesc Sync="TRUE">Dataset copied.</procdesc><srcused Sync="TRUE"></srcused><procdate Sync="TRUE">20100803</procdate><proctime Sync="TRUE">14394700</proctime></procstep><procstep><procdesc Sync="TRUE">Dataset moved.</procdesc><srcused Sync="TRUE">C:\MSHCP_WORK\NRS\Final_Shapefiles_KML\SweeneyGranite_Boundary</srcused><procdate Sync="TRUE">20110329</procdate><proctime Sync="TRUE">07073000</proctime></procstep></lineage></dataqual></metadata>
